raw_message_id,source,message_day,status,reason_group,plan,skip_reason,old_action,new_action,text
285,Lebanon24,2026-09-20,error,fast_path: unmatched or missing condition,skip,no_conflict_evidence,,,حريق داخل منزل في البحصة – طرابلس Video
287,Lebanon24,2026-09-21,error,fast_path: unmatched or missing condition,skip,no_conflict_evidence,,,احتراق سيارة على أوتوستراد المدفون باتجاه بيروت Video
288,NNALeb,2026-09-21,error,fast_path: unmatched or missing condition,skip,no_conflict_evidence,,,احتراق سيارة عند جسر المدفون nna-leb.gov.lb/ar/news/short… Link احتراق سيارة عند جسر المدفون وطنية - البترون - اندلع حريق بسيارة من نوع مرسيدس على المسلك الغربي من جسر المدفون بعد حاجز الجيش، ما أدى إ
304,Lebanon24,2026-09-21,error,fast_path: unmatched or missing condition,skip,no_conflict_evidence,,,إندلاع حريق في النبطية Video
321,Janoubana,2026-09-19,error,fast_path: unmatched or missing condition,rematch,,Burning Properties,Burning Properties,اندلاع حرائق بمكان الغارات في النبطية الفوقا
323,Lebanon24,2026-09-19,error,fast_path: unmatched or missing condition,skip,no_conflict_evidence,,,حريق داخل مبنى في جل الديب.. وفيديو يرصد المشهد #lebanon24 #لبنان lebanon24.com/news/articles/… via @Lebanon24 Link حريق داخل مبنى في جل الديب.. وفيديو يرصد المشهد حريق داخل مبنى في جل الديب.. وفيديو 
324,Lebanon24,2026-09-19,error,fast_path: unmatched or missing condition,skip,extraction_marked_irrelevant,,,بالفيديو.. حريقٌ داخل أحد المباني على أوتوستراد جل الديب #lebanon24 #لبنان Video
325,Janoubana,2026-09-19,error,fast_path: unmatched or missing condition,skip,no_conflict_evidence,,,اندلع حريق في ألواح للطاقة الشمسية على سطح أحد الأبنية في منطقة ضبية، فيما تعمل عناصر الدفاع المدني على اخماده
326,NidaaWatan,2026-09-19,error,fast_path: unmatched or missing condition,skip,no_conflict_evidence,,,حريق في ألواح الطاقة الشمسية على سطح مبنى في #ضبية #نداء_الوطن nidaalwatan.com/article/3989… Link حريق في ألواح الطاقة الشمسية على سطح مبنى في ضبية | نداء الوطن اندلع حريق في ألواح الطاقة الشمسية على 
327,MTVLebanonNews,2026-09-19,error,fast_path: unmatched or missing condition,skip,no_conflict_evidence,,,بالصّورة: حريق في ألواح للطاقة الشمسية على سطح مبنى mtv.com.lb/news/1738609 Link بالصّورة: حريق في ألواح للطاقة الشمسية على سطح مبنى اندلع حريق في ألواح للطاقة الشمسية على سطح أحد الأبنية في منطقة ضبي
328,lebanondebate,2026-09-19,error,fast_path: unmatched or missing condition,skip,extraction_marked_irrelevant,,,بالفيديو: حريق داخل مبنى في جل الديب lbdb.co/880335
329,lebanondebate,2026-09-19,error,fast_path: unmatched or missing condition,skip,extraction_marked_irrelevant,,,متداول: بالفيديو... حريق داخل أحد المباني على أوتوستراد جل الديب Video
330,MTVLebanonNews,2026-09-19,error,fast_path: unmatched or missing condition,skip,no_conflict_evidence,,,بالفيديو: حريق داخل مطعم على أوتوستراد أنطلياس mtv.com.lb/news/1738617 Link بالفيديو: حريق داخل مطعم على أوتوستراد أنطلياس اندلع حريق داخل أحد المطاعم على أوتوستراد أنطلياس، وسط تصاعد كثيف للدخان في ا
331,fouadkhreiss,2026-09-19,error,fast_path: unmatched or missing condition,skip,no_conflict_evidence,,,اندلاع حريق داخل أحد المطاعم على أوتوستراد أنطلياس وسط تصاعد كثيف للدخان في المحلة، وعناصر الدفاع المدني يعملون على إخماد النيران Video
332,Janoubana,2026-09-19,error,fast_path: unmatched or missing condition,skip,no_conflict_evidence,,,إندلاع حريق قرب مقام النبي ساري وقد تمت السيطرة عليه
333,bintjbeilnews,2026-09-19,error,fast_path: unmatched or missing condition,skip,no_conflict_evidence,,,‏منذ قليل اندلاع حريق في احد المطاعم في انطلياس
334,mehwaralmokawma,2026-09-19,error,fast_path: unmatched or missing condition,skip,no_conflict_evidence,,,"إندلاع حريق قرب مقام النبي ساري ولا يوجد حدث امني. T.me/mehwaralmokawma ‏ «جـھ,آد𓂆»"
335,mehwaralmokawma,2026-09-19,error,fast_path: unmatched or missing condition,rematch,,Burning Properties,Burning Properties,#مراسل_شهابا_رصدا اشتعال حريق كبير في بلدة كفرتبنيت بعد القصف المدفعي
336,Janoubana,2026-09-20,error,fast_path: unmatched or missing condition,skip,no_conflict_evidence,,,اندلاع حريق كبير داخل أحد المنازل في منطقة عين الجمل في بلدة زبدين ولا يوجد اي حدث أمني، كما وتعمل فرق الدفاع المدني والإطفاء على إخماد النيران وتفقد المنزل
338,Janoubana,2026-09-20,error,fast_path: unmatched or missing condition,skip,no_conflict_evidence,,,إندلاع حريق في بلدة العباسية ولا يوجد أي حدث امني
342,Lebanon24,2026-09-20,error,fast_path: unmatched or missing condition,skip,no_conflict_evidence,,,حريق داخل منزل في البحصة – طرابلس Video
344,Lebanon24,2026-09-21,error,fast_path: unmatched or missing condition,skip,no_conflict_evidence,,,احتراق سيارة على أوتوستراد المدفون باتجاه بيروت Video
345,NNALeb,2026-09-21,error,fast_path: unmatched or missing condition,skip,no_conflict_evidence,,,احتراق سيارة عند جسر المدفون nna-leb.gov.lb/ar/news/short… Link احتراق سيارة عند جسر المدفون وطنية - البترون - اندلع حريق بسيارة من نوع مرسيدس على المسلك الغربي من جسر المدفون بعد حاجز الجيش، ما أدى إ
346,Lebanon24,2026-09-21,error,fast_path: unmatched or missing condition,skip,no_conflict_evidence,,,إندلاع حريق في النبطية Video
1098,nabatiehchannel,2026-09-21,error,fast_path: unmatched or missing condition,rematch,,Burning Properties,Burning Properties,قصف فسفوري يطال وادي السلوقي جهة أطراف بلدة مجدل سلم ما أدى لإشعال حريق
1099,mehwaralmokawma,2026-09-21,error,fast_path: unmatched or missing condition,rematch,,Burning Properties,Burning Properties,🔴قصف فسفوري يطال وادي السلوقي جهة أطراف بلدة مجدل سلم ما أدى لإشعال حريق في جبل عامل T.me/mehwaralmokawma «مـيّـثـمـ𓂆»
1124,Lebanon24,2026-09-22,error,fast_path: unmatched or missing condition,skip,no_conflict_evidence,,,"""لبنان 24"": اندلاع حريق في زوطر الغربية #lebanon24"
1131,almanarnews,2026-09-22,error,fast_path: unmatched or missing condition,skip,no_conflict_evidence,,,بالفيديو | حرائق في منطقة مرج الخيام https://almanar.com.lb/article/1198392/?s=tg
1135,Janoubana,2026-09-22,error,fast_path: unmatched or missing condition,skip,no_conflict_evidence,,,حرائق في منطقة مرج الخيام
1175,alichoeib1970,2026-09-22,error,fast_path: no materializable village match,rematch,,Bombs,Bombs,صفحة الإعلامي الشهيد علي شعيب اغار الطيرلن الحربي المعادي مستهدفا المنصوري والنبطية الفوقا
1226,alakhbar_news,2026-09-16,error,fast_path: unmatched or missing condition,rematch,,Burning Properties,Burning Properties,«الوكالة الوطنية»: اندلاع حرائق في الأحراج وبعض المنازل في بلدة بيت ياحون بعد القصف الإسرائيلي الذي استهدف البلدة
1228,NNALeb,2026-09-16,error,fast_path: unmatched or missing condition,rematch,,Burning Properties,Burning Properties,"حرائق في الأحراج والمنازل في بيت ياحون بعد القصف المعادي nna-leb.gov.lb/ar/news/short… Link حرائق في الأحراج والمنازل في بيت ياحون بعد القصف المعادي وطنية – أفاد مندوب ""الوكالة الوطنية للإعلام"" باندلا"
1229,alichoeib1970,2026-09-16,error,fast_path: no materializable village match,rematch,,Tank Fire,Tank Fire,صفحة الإعلامي الشهيد علي شعيب: دبابة ميركافا معادية متمركزة في بلدة زوطر الشرقيّة تستهدف بلدة كفرتبنيت بعدة قذائف
1234,lebanondebate,2026-09-17,error,fast_path: unmatched or missing condition,skip,no_conflict_evidence,,,الدفاع المدني: أخمدنا حريق أعشاب في بخشتيه بقضاء عاليه ومنعنا امتداده إلى المساحات المجاورة
1241,ALJADEEDNEWS,2026-09-18,error,fast_path: unmatched or missing condition,skip,extraction_marked_irrelevant,,,عواصف هوائية وأمطار.. المنخفض وصل الى صور Video
1242,nabatiehchannel,2026-09-18,error,fast_path: unmatched or missing condition,skip,no_conflict_evidence,,,🏴 امطار غزيرة وسيول في زحلة
1274,nabatiehchannel,2026-09-21,error,fast_path: unmatched or missing condition,rematch,,Burning Properties,Burning Properties,قصف فسفوري يطال وادي السلوقي جهة أطراف بلدة مجدل سلم ما أدى لإشعال حريق
1279,Lebanon24,2026-09-22,error,fast_path: unmatched or missing condition,skip,no_conflict_evidence,,,"""لبنان 24"": اندلاع حريق في زوطر الغربية #lebanon24"
1280,almanarnews,2026-09-22,error,fast_path: unmatched or missing condition,skip,no_conflict_evidence,,,بالفيديو | حرائق في منطقة مرج الخيام https://almanar.com.lb/article/1198392/?s=tg
1282,Janoubana,2026-09-22,error,fast_path: unmatched or missing condition,skip,no_conflict_evidence,,,حرائق في منطقة مرج الخيام
1285,alichoeib1970,2026-09-22,error,fast_path: no materializable village match,rematch,,Bombs,Bombs,صفحة الإعلامي الشهيد علي شعيب اغار الطيرلن الحربي المعادي مستهدفا المنصوري والنبطية الفوقا
1310,Lebanon24,2026-09-23,error,fast_path: unmatched or missing condition,skip,no_conflict_evidence,,,إندلاع حريق في مكب النفايات في صيدا lebanon24.com/news/articles/… via @Lebanon24 Link إندلاع حريق في مكب النفايات في صيدا إندلاع حريق في مكب النفايات في صيدا lebanon24.com
1313,MTVLebanonNews,2026-09-23,error,fast_path: unmatched or missing condition,skip,no_conflict_evidence,,,اشتعال النار في مكب النفايات في صيدا وفرق الإطفاء تعمل على إخماد الحريق
1320,mehwaralmokawma,2026-09-23,error,fast_path: unmatched or missing condition,rematch,,Burning Properties,Burning Properties,مراسل شِهَاَباً رَّصَدَاً في جنوب لبنان: درون معادية القت مواد حارقة على مرتفع نادي الشقيف في النبطية ما ادى الى اشتعال النيران في المكان، وتوجهت فرق الدفاع المدني لإخماد الحريق. T.me/mehwaralmokawma 
1338,Lebanon24,2026-09-23,error,fast_path: unmatched or missing condition,skip,no_conflict_evidence,,,"""لبنان 24"": احتراق سيارة على أوتوستراد الرملية ولا صحة لوجود حادث أمني #lebanon24 lebanon24.com"
2015,ALJADEED_NEWS,2026-09-01,error,fast_path: unmatched or missing condition,skip,no_conflict_evidence,,,⚠️غرفة التحكم المروري: احتراق مركبة على اوتوستراد جونيه باتجاه بيروت والاضرار مادية ودراج من مفرزة سير جونية يعمل على تسهيل السير في المحلة https://x.com/ALJADEEDNEWS/status/2094653458066354544 Septem
2016,ALJADEED_NEWS,2026-09-01,error,fast_path: unmatched or missing condition,skip,no_conflict_evidence,,,"الوكالة الوطنية: زحمة سير خانقة على أوتوستراد جونية - بيروت نتيجة احتراق حافلة للنقل المشترك https://x.com/ALJADEEDNEWS/status/2094660085565829459 September 1, 2026 at 07:34AM"
2017,nabatiehchannel,2026-09-01,error,fast_path: unmatched or missing condition,skip,no_conflict_evidence,,,"🏴""التحكم المروري"": احتراق مركبة على أوتوستراد جونيه باتجاه بيروت والأضرار مادية ودراج من مفرزة سير جونيه يعمل على تسهيل السير في المحلة"
2018,bintjbeilnews,2026-09-01,error,fast_path: unmatched or missing condition,skip,no_conflict_evidence,,,📹احتراق باص للنقل المشترك على طريق جونيه باتجاه بيروت ────────────── 📹A public transport bus catches fire on the Jounieh road toward Beirut. ────────────── 📲 قناة بنت جبيل على واتساب https://whatsapp.
2019,ALJADEED_NEWS,2026-09-01,error,fast_path: unmatched or missing condition,skip,no_conflict_evidence,,,"وثّق مقطع فيديو مشهد احتراق باص للنقل المشترك على أوتوستراد جونية باتجاه بيروت.#أخبار_الجديد https://t.co/FJxH3X6Bjg https://x.com/ALJADEEDNEWS/status/2094693409864708360 September 1, 2026 at 09:46AM"
2021,bintjbeilnews,2026-09-02,error,fast_path: unmatched or missing condition,skip,no_conflict_evidence,,,اندلاع حريق في باص للنقل المشترك جراء احتكاك كهربائي على طريق جونيه باتجاه بيروت A fire broke out in a public transport bus due to an electrical short circuit on the Jounieh road towards Beirut.
2040,Janoubana,2026-09-04,error,fast_path: unmatched or missing condition,skip,no_conflict_evidence,,,مقتل سائق تاكسي من صيدا بعد استدراجه إلى منطقة الدامور بحجة نقل أشخاص، حيث تعرّض عند وصوله لعملية سلب وإطلاق نار، ما أدى إلى مقتله.
2048,Janoubana,2026-09-04,error,fast_path: unmatched or missing condition,skip,no_conflict_evidence,,,حريق في مدينة النبطية - حي البياض ولا يوجد اي حدث امني
2050,nabatiehchannel,2026-09-04,error,fast_path: unmatched or missing condition,skip,no_conflict_evidence,,,🏴إحتراق سيارة على أوتوستراد الغازية ولا يوجد حدث امني.
2052,breakingnews_mt,2026-09-05,error,fast_path: unmatched or missing condition,rematch,,,,"🔴 عاجل | الدفاع المدني في غز.ة: طواقمنا تمكنت من انتشال 55 جثمانا ورفاتا لشهد.اء فُقدوا تحت أنقاض مبنى لعائلة ""ملكة"" في منطقة الزيتون تعرّض لقصف إسرا.ئيلي قبل نحو عامين"
2053,Janoubana,2026-09-05,error,fast_path: unmatched or missing condition,rematch,,Burning Properties,Burning Properties,اشتعال النيران في احد المنازل على اطراف زوطر الشرقية لجهة ميفدون بسبب القصف المتكرر
2055,Janoubana,2026-09-05,error,fast_path: unmatched or missing condition,skip,no_conflict_evidence,,,مدفعي الصوان ميفدون و اشتعال النيران
2056,Janoubana,2026-09-05,error,fast_path: unmatched or missing condition,rematch,,Burning Properties,Burning Properties,حريق كبير نتيجة القصف المتكرر لاطراف زوطر الشرقية
2059,nabatiehchannel,2026-09-05,error,fast_path: unmatched or missing condition,rematch,,Burning Properties,Burning Properties,🏴حريق في أطراف زوطر الشرقية جراء القصف المدفعي.
2061,Janoubana,2026-09-05,error,fast_path: unmatched or missing condition,skip,no_conflict_evidence,,,حريق في وادي القيسية بين بلدتي الصوانة و خربة سلم
2078,fouadkhreiss,2026-09-06,error,fast_path: no materializable village match,rematch,,Bombs,Bombs,عاجل: الطيران المسير الاسرائيلي أغار مستهدفًا سيارتين في مدينة النبطية.
2079,almayadeen,2026-09-07,error,fast_path: unmatched or missing condition,rematch,,استهداف مبنى سكني,استهداف مبنى سكني,لبنان: رئيس بلدية كفررمان للميادين: ارتقاء 11 شهيداً وجرح 3 آخرين من جراء العدوان الذي استهدف مبنى سكنياً فجراً
2086,Annahar,2026-09-08,error,fast_path: unmatched or missing condition,skip,no_conflict_evidence,,,اندلاع حريق بين مبنى وزارة الصحة ومركز الأمن العام على المتحف- بيروت
2087,lebanondebate,2026-09-08,error,fast_path: unmatched or missing condition,skip,no_conflict_evidence,,,حريق بالقرب من مبنى وزارة الصحة ومركز الأمن العام على طريق المتحف - بيروت
2091,bintjbeilnews,2026-09-08,error,fast_path: no materializable village match,rematch,,Tank Fire,Tank Fire,"🚨دبابة ميركافا تستهدف اطراف زوطر الشرقية لجهة ميفدون بالإضافة لتمشيط بالأسلحة الرشاشة ────────────── A Merkava tank targets the outskirts of Zawtar al-Sharqiya toward Mifdoun, in addition to machine-g"
2092,lebanondebate,2026-09-08,error,fast_path: unmatched or missing condition,rematch,,Burning Properties,Burning Properties,"مراسل ""ليبانون ديبايت"": أربع تفجيرات في وادي السلوقي لجهة بني حيان تسببت باندلاع حرائق في المنطقة"
2099,bintjbeilnews,2026-09-09,error,fast_path: unmatched or missing condition,skip,no_conflict_evidence,,,حريق كبير في سن الفيل بالقرب من المباني والنيران تمتد A large fire in Sin el-Fil near buildings and the flames are spreading
2100,nabatiehchannel,2026-09-09,error,fast_path: unmatched or missing condition,skip,no_conflict_evidence,,,🏴 حريق في سن الفيل
2103,MTVLebanonNews,2026-09-09,error,fast_path: unmatched or missing condition,skip,no_conflict_evidence,,,حريق كبير في سنّ الفيل! mtv.com.lb/news/1735024 Link حريق كبير في سنّ الفيل! اندلع حريق كبير في أرض يابسة في سنّ الفيل، وتصاعد دخان كثيف في المنطقة، وهرعت فرق الإطفاء إلى المكان، حيث تعمل على محاصرة ا
2104,Lebanon24,2026-09-09,error,fast_path: unmatched or missing condition,skip,no_conflict_evidence,,,"""لبنان 24"": حريق كبير في منطقة سن الفيل #lebanon24"
2105,Annahar,2026-09-09,error,fast_path: unmatched or missing condition,skip,extraction_marked_irrelevant,,,مشاهد إضافية للحريق في سن الفيل بمحافظة جبل لبنان Video
2111,Janoubana,2026-09-09,error,fast_path: unmatched or missing condition,rematch,,Burning Properties,Burning Properties,عملت عناصر الدفاع المدني اللبناني على إخماد حريق في وادي السلوقي جراء الغارة الحربية التي استهدفت الوادي
2112,Janoubana,2026-09-09,error,fast_path: unmatched or missing condition,skip,no_conflict_evidence,,,حريق حي الراهبات النبطية لا حدث امني
2113,Janoubana,2026-09-09,error,fast_path: unmatched or missing condition,rematch,,Burning Properties,Burning Properties,اندلاع حريق في المنزل المستهدف بالغارة عند أطراف بلدة حاريص
2117,hashemsayed,2026-09-10,error,fast_path: unmatched or missing condition,rematch,,Burning Properties,Burning Properties,اشتعال النيران في منطقة وادي الجوز في شبعا اثر الاعتداءات الاسرائيلية. https://t.me/hashemsayed
2118,sameralhajali,2026-09-10,error,fast_path: unmatched or missing condition,rematch,,Burning Properties,Burning Properties,اشتعال النيران في منطقة وادي الجوز في شبعا اثر الاعتداءات الاسرائيلية.
2129,lebanondebate,2026-09-10,error,fast_path: unmatched or missing condition,skip,no_conflict_evidence,,,استنفار قرب جسر النقاش... حريق يستدعي تدخل الدفاع المدني lbdb.co/877409
2139,mehwaralmokawma,2026-09-12,error,fast_path: unmatched or missing condition,rematch,,Burning Properties,Burning Properties,"🔴""الوكالة الوطنية للإعلام"": مسيّرة معادية تلقي مواد متفجرة على منازل شرق الخيام ما أدى إلى اندلاع حريق وتصاعد الدخان. T.me/mehwaralmokawma «مـيّـثـمـ𓂆»"
2142,ALJADEED_NEWS,2026-09-12,error,fast_path: unmatched or missing condition,skip,no_conflict_evidence,,,"قتيلان في الإشكال الذي تخلّله إطلاق نار بمنطقة برج أبي حيدر في بيروت.#أخبار_الجديد #بيروت https://t.co/cRUAT7dD0j https://x.com/ALJADEEDNEWS/status/2098795887719755975 September 12, 2026 at 05:28PM"
2143,ALJADEEDNEWS,2026-09-12,error,fast_path: unmatched or missing condition,skip,no_conflict_evidence,,,قتيلان في الإشكال الذي تخلّله إطلاق نار بمنطقة برج أبي حيدر في بيروت. #أخبار_الجديد #بيروت Video
2149,lebanondebate,2026-09-12,error,fast_path: unmatched or missing condition,skip,no_conflict_evidence,,,بالفيديو: اندلاع حريق في خراج بلدتي رحبة ودير عوزا في عكار وتوجّه فرق الدفاع المدني إلى المكان Video
2150,lebanondebate,2026-09-12,error,fast_path: unmatched or missing condition,skip,no_conflict_evidence,,,"مراسل ""ليبانون ديبايت"": اندلاع حريق في خراج بلدتي رحبة ودير عوزا في عكار وتوجّه فرق الدفاع المدني إلى المكان"
2152,MTVLebanonNews,2026-09-13,error,fast_path: unmatched or missing condition,skip,no_conflict_evidence,,,حريق كبير في ميروبا... ومناشدة للجيش والدفاع المدني mtv.com.lb/news/1736354 Link حريق كبير في ميروبا... ومناشدة للجيش والدفاع المدني اندلع حريق كبير في حرش من أشجار الصنوبر في منطقة ميروبا، وسط مخاوف 
2154,lebanondebate,2026-09-13,error,fast_path: unmatched or missing condition,skip,no_conflict_evidence,,,الدفاع المدني: نواصل إخماد حرائق في البرجين وداريا والسيسوق فيما تمت السيطرة على حريق ميروبا وتتواصل أعمال التبريد والمراقبة
2155,ALJADEEDNEWS,2026-09-13,error,fast_path: unmatched or missing condition,skip,no_conflict_evidence,,,في الشوف وكسروان.. حرائق حرجية والدفاع المدني يتحرك⬇️ aljadeed.tv/news/%D9/588785/… Link في الشوف وكسروان.. حرائق حرجية والدفاع المدني يتحرك صدر عن دائرة الإعلام والعلاقات العامة في المديرية العامة لل
2156,ALJADEED_NEWS,2026-09-13,error,fast_path: unmatched or missing condition,skip,no_conflict_evidence,,,"في الشوف وكسروان.. حرائق حرجية والدفاع المدني يتحرك⬇️https://t.co/OqAYyomzVR https://x.com/ALJADEEDNEWS/status/2099120422088253882 September 13, 2026 at 02:58PM"
2157,ALJADEEDNEWS,2026-09-13,error,fast_path: unmatched or missing condition,skip,no_conflict_evidence,,,فيديو يكشف لحظة إطلاق النار في برج أبو حيدر - بيروت فيديو يظهر لحظة إطلاق النار خلال الإشكال الذي وقع في برج أبي حيدر بيروت، وتطور الى تبادل إطلاق نار، مأ أسفر عن سقوط قتيلين وإصابة اثنين آخرين. #أخبا
2159,lebanondebate,2026-09-14,error,fast_path: unmatched or missing condition,skip,no_conflict_evidence,,,الدفاع المدني: إخماد حريق داخل حفّارة في مستودع خردة بكفرتبنيت بمؤازرة الجيش ومنع امتداده إلى المحال المجاورة
2163,sameralhajali,2026-09-14,error,fast_path: no materializable village match,rematch,,Tank Fire,Sweeping Operations,لحظة استهدف دبابة ميركافا معادية ووادي السلوقي وبعدد من القذائف بالتزامن مع تمشيط بالأسلحة الرشاشة
2166,Lebanon24,2026-09-15,error,fast_path: unmatched or missing condition,skip,no_conflict_evidence,,,اندلع حريق في الطوابق الأخيرة من منزلَي آل الأسعد وآل الكردلي، داخل مبنيين متجاورين قرب مدرسة النصر في مدينة الميناء. وبحسب المعلومات، اشتعلت النيران خلال أعمال لحام كهربائي في إحدى فتحات منزل آل الأس
2174,alakhbar_news,2026-09-16,error,fast_path: unmatched or missing condition,rematch,,Burning Properties,Burning Properties,«الوكالة الوطنية»: اندلاع حرائق في الأحراج وبعض المنازل في بلدة بيت ياحون بعد القصف الإسرائيلي الذي استهدف البلدة
2176,NNALeb,2026-09-16,error,fast_path: unmatched or missing condition,rematch,,Burning Properties,Burning Properties,"حرائق في الأحراج والمنازل في بيت ياحون بعد القصف المعادي nna-leb.gov.lb/ar/news/short… Link حرائق في الأحراج والمنازل في بيت ياحون بعد القصف المعادي وطنية – أفاد مندوب ""الوكالة الوطنية للإعلام"" باندلا"
2177,alichoeib1970,2026-09-16,error,fast_path: no materializable village match,rematch,,Tank Fire,Tank Fire,صفحة الإعلامي الشهيد علي شعيب: دبابة ميركافا معادية متمركزة في بلدة زوطر الشرقيّة تستهدف بلدة كفرتبنيت بعدة قذائف
2182,lebanondebate,2026-09-17,error,fast_path: unmatched or missing condition,skip,no_conflict_evidence,,,الدفاع المدني: أخمدنا حريق أعشاب في بخشتيه بقضاء عاليه ومنعنا امتداده إلى المساحات المجاورة
2189,ALJADEEDNEWS,2026-09-18,error,fast_path: unmatched or missing condition,skip,extraction_marked_irrelevant,,,عواصف هوائية وأمطار.. المنخفض وصل الى صور Video
2190,nabatiehchannel,2026-09-18,error,fast_path: unmatched or missing condition,skip,no_conflict_evidence,,,🏴 امطار غزيرة وسيول في زحلة
2191,Janoubana,2026-09-19,error,fast_path: unmatched or missing condition,rematch,,Burning Properties,Burning Properties,اندلاع حرائق بمكان الغارات في النبطية الفوقا
2193,Lebanon24,2026-09-19,error,fast_path: unmatched or missing condition,skip,no_conflict_evidence,,,حريق داخل مبنى في جل الديب.. وفيديو يرصد المشهد #lebanon24 #لبنان lebanon24.com/news/articles/… via @Lebanon24 Link حريق داخل مبنى في جل الديب.. وفيديو يرصد المشهد حريق داخل مبنى في جل الديب.. وفيديو 
2194,Lebanon24,2026-09-19,error,fast_path: unmatched or missing condition,skip,extraction_marked_irrelevant,,,بالفيديو.. حريقٌ داخل أحد المباني على أوتوستراد جل الديب #lebanon24 #لبنان Video
2195,Janoubana,2026-09-19,error,fast_path: unmatched or missing condition,skip,no_conflict_evidence,,,اندلع حريق في ألواح للطاقة الشمسية على سطح أحد الأبنية في منطقة ضبية، فيما تعمل عناصر الدفاع المدني على اخماده
2196,NidaaWatan,2026-09-19,error,fast_path: unmatched or missing condition,skip,no_conflict_evidence,,,حريق في ألواح الطاقة الشمسية على سطح مبنى في #ضبية #نداء_الوطن nidaalwatan.com/article/3989… Link حريق في ألواح الطاقة الشمسية على سطح مبنى في ضبية | نداء الوطن اندلع حريق في ألواح الطاقة الشمسية على 
2197,MTVLebanonNews,2026-09-19,error,fast_path: unmatched or missing condition,skip,no_conflict_evidence,,,بالصّورة: حريق في ألواح للطاقة الشمسية على سطح مبنى mtv.com.lb/news/1738609 Link بالصّورة: حريق في ألواح للطاقة الشمسية على سطح مبنى اندلع حريق في ألواح للطاقة الشمسية على سطح أحد الأبنية في منطقة ضبي
2198,lebanondebate,2026-09-19,error,fast_path: unmatched or missing condition,skip,extraction_marked_irrelevant,,,بالفيديو: حريق داخل مبنى في جل الديب lbdb.co/880335
2199,lebanondebate,2026-09-19,error,fast_path: unmatched or missing condition,skip,extraction_marked_irrelevant,,,متداول: بالفيديو... حريق داخل أحد المباني على أوتوستراد جل الديب Video
2200,MTVLebanonNews,2026-09-19,error,fast_path: unmatched or missing condition,skip,no_conflict_evidence,,,بالفيديو: حريق داخل مطعم على أوتوستراد أنطلياس mtv.com.lb/news/1738617 Link بالفيديو: حريق داخل مطعم على أوتوستراد أنطلياس اندلع حريق داخل أحد المطاعم على أوتوستراد أنطلياس، وسط تصاعد كثيف للدخان في ا
2201,fouadkhreiss,2026-09-19,error,fast_path: unmatched or missing condition,skip,no_conflict_evidence,,,اندلاع حريق داخل أحد المطاعم على أوتوستراد أنطلياس وسط تصاعد كثيف للدخان في المحلة، وعناصر الدفاع المدني يعملون على إخماد النيران Video
2202,Janoubana,2026-09-19,error,fast_path: unmatched or missing condition,skip,no_conflict_evidence,,,إندلاع حريق قرب مقام النبي ساري وقد تمت السيطرة عليه
2203,bintjbeilnews,2026-09-19,error,fast_path: unmatched or missing condition,skip,no_conflict_evidence,,,‏منذ قليل اندلاع حريق في احد المطاعم في انطلياس
2204,mehwaralmokawma,2026-09-19,error,fast_path: unmatched or missing condition,skip,no_conflict_evidence,,,"إندلاع حريق قرب مقام النبي ساري ولا يوجد حدث امني. T.me/mehwaralmokawma ‏ «جـھ,آد𓂆»"
2205,mehwaralmokawma,2026-09-19,error,fast_path: unmatched or missing condition,rematch,,Burning Properties,Burning Properties,#مراسل_شهابا_رصدا اشتعال حريق كبير في بلدة كفرتبنيت بعد القصف المدفعي
2206,Janoubana,2026-09-20,error,fast_path: unmatched or missing condition,skip,no_conflict_evidence,,,اندلاع حريق كبير داخل أحد المنازل في منطقة عين الجمل في بلدة زبدين ولا يوجد اي حدث أمني، كما وتعمل فرق الدفاع المدني والإطفاء على إخماد النيران وتفقد المنزل
2208,Janoubana,2026-09-20,error,fast_path: unmatched or missing condition,skip,no_conflict_evidence,,,إندلاع حريق في بلدة العباسية ولا يوجد أي حدث امني
2236,Lebanon24,2026-09-23,error,fast_path: unmatched or missing condition,skip,no_conflict_evidence,,,إندلاع حريق في مكب النفايات في صيدا lebanon24.com/news/articles/… via @Lebanon24 Link إندلاع حريق في مكب النفايات في صيدا إندلاع حريق في مكب النفايات في صيدا lebanon24.com
2237,MTVLebanonNews,2026-09-23,error,fast_path: unmatched or missing condition,skip,no_conflict_evidence,,,اشتعال النار في مكب النفايات في صيدا وفرق الإطفاء تعمل على إخماد الحريق
2238,mehwaralmokawma,2026-09-23,error,fast_path: unmatched or missing condition,rematch,,Burning Properties,Burning Properties,مراسل شِهَاَباً رَّصَدَاً في جنوب لبنان: درون معادية القت مواد حارقة على مرتفع نادي الشقيف في النبطية ما ادى الى اشتعال النيران في المكان، وتوجهت فرق الدفاع المدني لإخماد الحريق. T.me/mehwaralmokawma 
2240,Lebanon24,2026-09-23,error,fast_path: unmatched or missing condition,skip,no_conflict_evidence,,,"""لبنان 24"": احتراق سيارة على أوتوستراد الرملية ولا صحة لوجود حادث أمني #lebanon24 lebanon24.com"
27749,NNALeb,2026-09-16,error,fast_path: unmatched or missing condition,skip,no_place_extracted,,,"حرائق في الأحراج والمنازل في بيت ياحون بعد القصف المعادي nna-leb.gov.lb/ar/news/short… Link حرائق في الأحراج والمنازل في بيت ياحون بعد القصف المعادي وطنية – أفاد مندوب ""الوكالة الوطنية للإعلام"" باندلا"
27750,mehwaralmokawma,2026-09-15,error,fast_path: no materializable village match,skip,no_place_extracted,,,#لبنان تفجير نفذته قوات جيش العدو الصهيوني على دفعتين في ميس الجبل بالاضافة الى قصف مدفعي عبر القذائف المدفعية على مركبا جنوبي لبنان الصامد T.me/mehwaralmokawma «𓂆سيد كـيـان»
27753,Lebanon24,2026-09-14,error,fast_path: no materializable village match,skip,no_place_extracted,,,"""لبنان 24"": قصف مدفعي اسرائيلي يستهدف النبطية الفوقا lebanon24.com #lebanon24"
27755,mehwaralmokawma,2026-09-15,error,fast_path: no materializable village match,skip,no_place_extracted,,,#لبنان دبابة ميركافا معادية تستهدف وادي السلوقي جنوبي لبنان الصامد بقذيفة بالتزامن مع تمشيط بالأسلحة الرشاشة باتجاه المنطقة T.me/mehwaralmokawma «𓂆سيد كـيـان»
27757,Janoubana,2026-09-14,error,fast_path: no materializable village match,skip,no_place_extracted,,,غارة صربين قبل قليل
27766,mehwaralmokawma,2026-09-15,error,fast_path: unmatched or missing condition,rematch,,غارتان معاديتان,غارتان معاديتان,"غارتان معاديتان استهدفتا المنطقة الواقعة بين بلدتي النبطية الفوقا وكفرتبنيت. T.me/mehwaralmokawma ‏ «جـھ,آد𓂆»"
27771,mehwaralmokawma,2026-09-13,error,fast_path: unmatched or missing condition,skip,no_place_extracted,,,المدفعية الصهيونية المعادية استهدفت قبل حوالي ساعة مرتفعات علي الطاهر بجبل عامل T.me/mehwaralmokawma «☫نـصـراللّه☫»
27772,NNALeb,2026-09-14,error,fast_path: unmatched or missing condition,rematch,,استهداف حفّارة,استهداف حفّارة,العدو الإسرائيلي يستهدف حفّارة في كفرتبنيت nna-leb.gov.lb/ar/news/short… Link العدو الإسرائيلي يستهدف حفّارة في كفرتبنيت وطنية - إستهدف العدو الإسرائيلي حفّارة في بلدة كفرتبنيت، ما أدى إلى اندلاع حريق
27775,lebanondebate,2026-09-17,error,fast_path: unmatched or missing condition,rematch,,تحليق للطيران المسير,تحليق للطيران المسير,"مراسل ""ليبانون ديبايت"": تحليق للطيران المسيّر على علو منخفض فوق علي النهري ورياق ومحيطهما وبلدات السلسلة الشرقية"
27794,alakhbar_news,2026-09-14,error,fast_path: unmatched or missing condition,rematch,,غارتان إسرائيليتان,غارتان إسرائيليتان,«الوكالة الوطنية»: غارتان إسرائيليتان استهدفتا بلدتي المنصوري وكفرتبنيت
27810,mehwaralmokawma,2026-09-14,error,fast_path: unmatched or missing condition,rematch,,تحليق للطيران المسيّر المعادي,تحليق للطيران المسيّر المعادي,تحليق للطيران المسيّر المعادي على علو منخفض في أجواء بلدتي حاروف و جبشيت T.me/mehwaralmokawma «ذو 𓂆 الفِقَـار»
27811,sameralhajali,2026-09-14,error,fast_path: no materializable village match,skip,no_place_extracted,,,قوات الاحتلال أطلقت النار باتجاه شبان في محيط مكب النفايات في بلدة شقرا، بالتزامن مع قصف مدفعي على المنطقة، ما أدى إلى تضرر آلية تابعة للبلدية، فيما انسحب الشبان من المكان من دون وقوع إصابات
27826,mehwaralmokawma,2026-09-10,error,fast_path: unmatched or missing condition,skip,no_place_extracted,,,النائب حسن عز الدين: السلطة اللبنانية شريكة بالدماء التي تسفك على أرض الجنوب. رأى عضو كتلة الوفاء للمقاومة النائب حسن عز الدين أن الجرائم الموصوفة التي ارتكبها العدو الإسرائيلي بحق أهلنا في المنصوري و
27835,nabatiehchannel,2026-09-14,error,fast_path: unmatched or missing condition,skip,extraction_marked_irrelevant,,,🚨 تحليق حربي في أجواء قرى الزهراني وصور والنبطية لمتابعة اخبار النبطية والجنوب بالصور والفيديو عبر قناة الواتس اب الرسمية عبر الرابط https://whatsapp.com/channel/0029VbBHw5gAjPXUcG5LJV0B
27840,alakhbar_news,2026-09-14,error,fast_path: no materializable village match,skip,no_place_extracted,,,«الوكالة الوطنية»: غارة إسرائيلية على بلدة القنطرة
27841,lebanondebate,2026-09-13,error,fast_path: unmatched or missing condition,skip,extraction_marked_irrelevant,,,"مراسل ""ليبانون ديبايت"": تحليق للطيران المسيّر الإسرائيلي على علو منخفض فوق قرى الحلانية وسرعين التحتا والفوقا والنبي شيت والخريبة وجنتا ويحفوفا وشرق البقاع والسلسلة الشرقية"
27843,LBCI_NEWS,2026-09-14,error,fast_path: unmatched or missing condition,rematch,,استهداف المنطقة,استهداف المنطقة,الوكالة الوطنية للإعلام: مدفعية الجيش الإسرائيلي استهدف المنطقة الواقعة بين بلدتي كفرتبنيت والنبطية الفوقا
27850,alichoeib1970,2026-09-14,error,fast_path: no materializable village match,skip,no_place_extracted,,,صفحة الإعلامي الشهيد علي شعيب : أطلقت قوات العدو عدداً من الرشقات النارية في محيط مكب النفايات في بلدة شقرا
27854,nabatiehchannel,2026-09-14,error,fast_path: unmatched or missing condition,rematch,,أطلقت قوات العدو النار,أطلقت قوات العدو النار,*أطلقت قوات العدو النار باتجاه عدد من الشبان في محيط مكبّ النفايات في بلدة شقرا، بالتزامن مع قصف مدفعي طال المنطقة، ما أدى إلى تضرّر آلية تابعة للبلدية.* *وفيما انسحب الشبان من المكان، لم تُسجّل أي إص
27855,NidaaWatan,2026-09-17,error,fast_path: unmatched or missing condition,skip,no_place_extracted,,,🔴 تحليق مسيّرة استطلاعية على علو منخفض في أجواء الضاحية الجنوبية لبيروت #نداء_الوطن
27862,NidaaWatan,2026-09-17,error,fast_path: no materializable village match,rematch,,Bombs,Bombs,غارات إسرائيلية تستهدف بلدات جنوبية #نداء_الوطن nidaalwatan.com/article/3986… Link غارات إسرائيلية تستهدف بلدات جنوبية | نداء الوطن أغار الطيران الإسرائيلي ليلاً على بلدتي المنصوري ومجدل زون والأودية 
27863,Annahar,2026-09-14,error,fast_path: unmatched or missing condition,rematch,,استهداف,استهداف,الطيران الحربي الإسرائيلي يستهدف أطراف زوطر الشرقية ووادي زبقين وبلدة المنصوري في جنوب لبنان
27867,almodononline,2026-09-14,error,fast_path: unmatched or missing condition,skip,extraction_marked_irrelevant,,,إيران: 48 عنصرًا من حزب الله داخل علي الطاهر واستشهاد 8 منهم edgs.co/8509m Link إسرائيل توسع احتلالها ... وواشنطن تتمسك بالمسار التفاوضي أظهرت الوقائع والاتصالات التي يخوضها لبنان على أكثر من مستوى فش
27878,sameralhajali,2026-09-15,error,fast_path: unmatched or missing condition,rematch,,,,غارتان معاديتان استهدفتا بلدة القنطرة
27881,Janoubana,2026-09-14,error,fast_path: unmatched or missing condition,skip,extraction_marked_irrelevant,,,تحليق للطيران المسيّر فوق الضاحية الجنوبية ، و العاصمة بيروت منذ الصباح
27886,Janoubana,2026-09-14,error,fast_path: unmatched or missing condition,rematch,,تحليق طائرة,تحليق طائرة,تحليق طائرة إسرائيلية على علوّ منخفض جداً فوق النبطية
27887,Lebanon24,2026-09-13,error,fast_path: unmatched or missing condition,skip,no_place_extracted,,,"""لبنان24"": غارتان اسرائيليتان على النبطية الفوقا"
27888,almodononline,2026-09-13,error,fast_path: no materializable village match,skip,no_place_extracted,,,#عاجل | قصف مدفعي إسرائيلي يستهدف وادي زبقين جنوبي لبنان
27894,nabatiehchannel,2026-09-14,error,fast_path: unmatched or missing condition,skip,extraction_marked_irrelevant,,,🚨 تحليق حربي بشكل متواصل في أجواء جنوب لبنان وخصوصاً في أجواء منطقة النبطية
27904,Annahar,2026-09-14,error,fast_path: no materializable village match,skip,no_place_extracted,,,غارة إسرائيلية تستهدف وادي السلوقي جنوبي لبنان
27915,sameralhajali,2026-09-15,error,fast_path: unmatched or missing condition,rematch,,غارتان معاديتان,غارتان معاديتان,غارتان معاديتان استهدفتا المنطقة الواقعة بين زوطر الشرقية و ميفدون
27916,Lebanon24,2026-09-14,error,fast_path: unmatched or missing condition,skip,extraction_marked_irrelevant,,,"""لبنان 24"": تحليق طائرة إسرائيلية على علوّ منخفض جداً فوق النبطية"
27918,sameralhajali,2026-09-14,error,fast_path: no materializable village match,skip,no_place_extracted,,,منذ قليل غارة من الطيران المسيرة استهدفت منطقة الجرمق من دون وقوع إصابات
27929,NidaaWatan,2026-09-14,error,fast_path: no materializable village match,skip,no_place_extracted,,,🔴 غارة من مسيّرة إسرائيلية على الجرمق #نداء_الوطن
27930,MTVLebanonNews,2026-09-14,error,fast_path: unmatched or missing condition,skip,no_place_extracted,,,المدفعية الإسرائيلية استهدفت أطراف بلدة حداثا
27933,manarbreaking,2026-09-13,error,fast_path: no materializable village match,skip,no_place_extracted,,,🔴 عاجل | قصف مدفعي إسرائيلي يستهدف وادي السلوقي في جنوب لبنان
27934,manarbreaking,2026-09-13,error,fast_path: no materializable village match,skip,no_place_extracted,,,🔴 عاجل | قصف مدفعي إسرائيلي يستهدف وادي زبقين في جنوب لبنان
27935,mehwaralmokawma,2026-09-13,error,fast_path: unmatched or missing condition,skip,extraction_marked_irrelevant,,,🔴تحديث | الأجهزة الأمنية تكشف حقيقة اتصال الإخلاء في حارة حريك بعد المتابعة والتحقق، تبيّن للأجهزة الأمنية أن الاتصال الذي أثار حالة من الهلع في حارة حريك صدر عن أحد الأشخاص بهدف إثارة البلبلة والخوف 
27940,Janoubana,2026-09-13,error,fast_path: no materializable village match,skip,no_place_extracted,,,قصف مدفعي ثقيل يستهدف وادي السلوقي
27944,Janoubana,2026-09-13,error,fast_path: no materializable village match,skip,no_place_extracted,,,قصف مدفعي معادي يستهدف وادي السلوقي
27947,mehwaralmokawma,2026-09-13,error,fast_path: no materializable village match,skip,no_place_extracted,,,قصف مدفعي يطال وادي زبقين T.me/mehwaralmokawma
27948,mehwaralmokawma,2026-09-13,error,fast_path: no materializable village match,skip,no_place_extracted,,,قصف مدفعي يستهدف القنطرة T.me/mehwaralmokawma
27953,mehwaralmokawma,2026-09-13,error,fast_path: no materializable village match,skip,no_place_extracted,,,قبل قليل غارة صهيونية استهدفت المنطقة بين حداثا وحاريص بجبل عامل T.me/mehwaralmokawma «☫نـصـراللّه☫»
27954,nabatiehchannel,2026-09-15,error,fast_path: unmatched or missing condition,skip,extraction_marked_irrelevant,,,🟣 تحليق حربي في أجواء منطقة النبطية لمتابعة اخبار النبطية والجنوب بالصور والفيديو عبر قناة الواتس اب الرسمية عبر الرابط https://whatsapp.com/channel/0029VbBHw5gAjPXUcG5LJV0B
27956,alichoeib1970,2026-09-13,error,fast_path: no materializable village match,skip,no_place_extracted,,,صفحة الإعلامي الشهيد علي شعيب قصف مدفعي معادٍ استهدف وادي زبقين
27958,ALJADEED_NEWS,2026-09-15,error,fast_path: no materializable village match,skip,no_place_extracted,,,"الوكالة الوطنية: قصف مدفعي يستهدف وسط سهل مرجعيون https://x.com/ALJADEEDNEWS/status/2099929471331528921 September 15, 2026 at 08:32PM"
27960,lebanondebate,2026-09-13,error,fast_path: unmatched or missing condition,rematch,,غارة على بلدة,غارة على بلدة,"""الوكالة الوطنية"": الطيران الحربي الإسرائيلي يشن غارتين على بلدة المنصوري"
27967,nabatiehchannel,2026-09-13,error,fast_path: unmatched or missing condition,rematch,,غارتين جويتين,غارتين جويتين,♦️| الطيران الحربي المعادي ينفذ غارتين جويتين على بلدة المنصوري
27970,sameralhajali,2026-09-13,error,fast_path: unmatched or missing condition,rematch,,,,غارتان استهدفتا بلدة المنصوري
27971,lebanondebate,2026-09-13,error,fast_path: unmatched or missing condition,rematch,,غارتان إسرائيليتان,غارتان إسرائيليتان,"مراسل ""ليبانون ديبايت"": غارتان إسرائيليتان تستهدفان بلدة المنصوري"
27972,alichoeib1970,2026-09-16,error,fast_path: unmatched or missing condition,rematch,,,,صفحة الإعلامي الشهيد علي شعيب: ملخص الإعتداءات من منتصف الليل حتى الساعة: القصف المدفعي: الخيام كفرتبنيت اطراف برعشيت النبطية الفوقا التفجيرات المعادية: المنصوري توغل قوة معادية الى الحي الغربي في بلد
27987,Lebanon24,2026-09-09,error,fast_path: unmatched or missing condition,rematch,,غارتان إسرائيليتان,غارتان إسرائيليتان,غارتان إسرائيليتان استهدفتا بلدة القنطرة
27992,Lebanon24,2026-09-13,error,fast_path: no materializable village match,skip,no_place_extracted,,,"""لبنان24"": غارة اسرائيلية عنيفة على علي الطاهر"
27993,nabatiehchannel,2026-09-09,error,fast_path: no materializable village match,skip,no_place_extracted,,,🔵ملخص الإعتداءات الإسرائيلية على الأراضي اللبنانية بتاريخ ٩/٩/٢٠٢٦: 🟠الغارات التي نفذها الطيران الحربي المعادي: بين النبطية الفوقا-كفرتبنيت وادي زبقين وادي السلوقي الخيام بين حداثا و حاريص صربين النبط
28002,MTVLebanonNews,2026-09-13,error,fast_path: unmatched or missing condition,skip,extraction_marked_irrelevant,,,"""الوكالة الوطنية"": تحليق مسيّر على علو منخفض فوق منطقة الزهراني"
28005,alakhbar_news,2026-09-15,error,fast_path: no materializable village match,skip,no_place_extracted,,,«الوكالة الوطنية»: قصف مدفعي إسرائيلي استهدف وسط سهل مرجعيون بالقرب من محطة التكرير
28008,nbntweets,2026-09-13,error,fast_path: no materializable village match,skip,no_place_extracted,,,غارة إسرائيلية معادية إستهدفت مرتفعات علي الطاهر
28010,sameralhajali,2026-09-09,error,fast_path: no materializable village match,skip,no_place_extracted,,,🔵ملخص الإعتداءات الإسرائيلية على الأراضي اللبنانية بتاريخ ٩/٩/٢٠٢٦: 🟠الغارات التي نفذها الطيران الحربي المعادي: بين النبطية الفوقا-كفرتبنيت وادي زبقين وادي السلوقي الخيام بين حداثا و حاريص صربين النبط
28015,alakhbar_news,2026-09-09,error,fast_path: no materializable village match,skip,no_place_extracted,,,«الوكالة الوطنية»: سلسلة غارات إسرائيلية على النبطية الفوقا
28016,manarbreaking,2026-09-13,error,fast_path: no materializable village match,skip,no_place_extracted,,,🔴 عاجل | مراسل المنار: غارة صهيونية استهدفت محيط بلدة القنطرة في جنوب لبنان
28019,alakhbar_news,2026-09-15,error,fast_path: no materializable village match,skip,no_place_extracted,,,«الوكالة الوطنية»: غارة إسرائيلية استهدفت وادي زبقين
28021,bintjbeilnews,2026-09-13,error,fast_path: unmatched or missing condition,rematch,,غارة على بلدة,غارة على بلدة,🚨📹 مشاهد للغارتين على بلدة القنطرة لجهة وادي السلوقي 🚨📹 Footage of the two airstrikes on the town of Al-Qantara toward Wadi Al-Salouqi. ────────────── 📲 قناة بنت جبيل على واتساب https://whatsapp.com/c
28023,Annahar,2026-09-13,error,fast_path: no materializable village match,skip,no_place_extracted,,,غارة إسرائيلية على القنطرة جنوبي لبنان
28026,sameralhajali,2026-09-13,error,fast_path: unmatched or missing condition,rematch,,غارتان استهدفتا,غارتان استهدفتا,غارتان استهدفتا بلدة القنطرة لجهة وادي السلوقي
28034,Janoubana,2026-09-09,error,fast_path: unmatched or missing condition,skip,no_place_extracted,,,تحليق للطيران المسير المعادي فوق أجواء الجية على الساحل اللبناني
28039,Janoubana,2026-09-13,error,fast_path: no materializable village match,skip,no_place_extracted,,,غارة القنطرة
28043,lebanondebate,2026-09-13,error,fast_path: unmatched or missing condition,rematch,,استهداف بالقذائف المدفعية,استهداف بالقذائف المدفعية,بالفيديو: شبان يدخلون كفرتبنيت قبل أن تستهدفهم 3 قذائف مدفعية إسرائيلية وتجبرهم على التراجع Video
28047,mehwaralmokawma,2026-09-13,error,fast_path: no materializable village match,skip,no_place_extracted,,,قصف مدفعي مستمر يستهدف بلدة حداثا
28050,mehwaralmokawma,2026-09-13,error,fast_path: unmatched or missing condition,rematch,,استهداف بلدة,استهداف بلدة,حتى الآن ثلاث قذائف مدفعية استهدفت بلدة بيت ياحون جنوب لبنان T.me/mehwaralmokawma «كُمَيْل»
28051,bintjbeilnews,2026-09-13,error,fast_path: unmatched or missing condition,rematch,,درون إسرائيلي قام بقصف,درون إسرائيلي قام بقصف,🚨محلقة إسرائيلية القت قنبلة صوتيه على مدخل بلدة كفرتبنيت An israeli drone dropped a stun grenade at the entrance of the town of Kfar Tebnit. ────────────── 📲 قناة بنت جبيل على واتساب https://whatsapp.
28052,Janoubana,2026-09-13,error,fast_path: unmatched or missing condition,rematch,,جولة تفقدية,جولة تفقدية,تم القيام بجولة تفقدية من النبطية الفوقا حتى دوار كفرتبنيت، وعند وصول دراجتين ناريتين الى الدوار بدأت المدفعية المعادية بضرب محيط الدوار والبلدة والنبطية الفوقا بشكل عشوائي ومكثف في تحذيذ من تقدمهم بش
28062,ALJADEED_NEWS,2026-09-10,error,fast_path: unmatched or missing condition,rematch,,,,"الوكالة الوطنية: تفجيرات في بلدة المنصوري وقصف مدفعي ليلا وفجرًا استهدف وادي الحجير ووادي السلوقي https://x.com/ALJADEEDNEWS/status/2097903442295509420 September 10, 2026 at 06:22AM"
28066,bintjbeilnews,2026-09-15,error,fast_path: unmatched or missing condition,rematch,,غارتان,غارتان,غارتان على المنصوري Two raids on Al-Mansouri
28077,manarbreaking,2026-09-15,error,fast_path: unmatched or missing condition,rematch,,غارتان إسرائيليتان,غارتان إسرائيليتان,🔴 عاجل | غارتان إسرائيليتان على المنطقة الواقعة بين النبطية الفوقا وكفرتبنيت جنوبي لبنان
28096,nabatiehchannel,2026-09-15,error,fast_path: no materializable village match,skip,no_place_extracted,,,🏴غارة ثانية تستهدف محيط القنطرة
28100,alichoeib1970,2026-09-09,error,fast_path: unmatched or missing condition,rematch,,,Sweeping Operations,صفحة الإعلامي الشهيد علي شعيب : • محلقة معادية ألقت مواد متفجرة على بلدة بيت ياحون. • تمشيط معادٍ بالأسلحة الرشاشة باتجاه بلدة بني حيان. • تمشيط معادٍ بالأسلحة الرشاشة باتجاه بلدة زوطر الشرقية. • قصف 
28103,nabatiehchannel,2026-09-15,error,fast_path: unmatched or missing condition,skip,extraction_marked_irrelevant,,,🟣 غارتان محيط زوطر الشرقية لمتابعة اخبار النبطية والجنوب بالصور والفيديو عبر قناة الواتس اب الرسمية عبر الرابط https://whatsapp.com/channel/0029VbBHw5gAjPXUcG5LJV0B
28110,manarbreaking,2026-09-15,error,fast_path: no materializable village match,skip,no_place_extracted,,,🔴 عاجل | قصف مدفعي معاد يستهدف بلدة حداثا
28112,almayadeen,2026-09-13,error,fast_path: no materializable village match,skip,no_place_extracted,,,لبنان: مراسل الميادين في الجنوب: غارة استهدفت تلة علي الطاهر
28121,Annahar,2026-09-13,error,fast_path: no materializable village match,skip,no_place_extracted,,,غارة إسرائيلية على علي الطاهر جنوبي لبنان
28123,fouadkhreiss,2026-09-13,error,fast_path: no materializable village match,rematch,,Bombs,Bombs,الآن : غارة على حرش علي الطاهر ‼️ اذا انتو سيطرتوا على المنشآت وفجرتوها .. الغارات على شو ؟! #يتسآل_مراقبون
28125,bintjbeilnews,2026-09-13,error,fast_path: no materializable village match,skip,no_place_extracted,,,🚨غارة عنيفة الان على علي الطاهر A violent airstrike now on Ali Al-Taher
28126,bintjbeilnews,2026-09-13,error,fast_path: no materializable village match,skip,no_place_extracted,,,🚨الغارة الأخيرة من الطيران الحربي على علي الطاهر استهدفت الروبوت الإسرائيلي أسفل التلة The latest airstrike by warplanes on Ali Al-Taher targeted the Israeli robot at the bottom of the hill.
28128,mehwaralmokawma,2026-09-16,error,fast_path: unmatched or missing condition,skip,no_place_extracted,,,🔴غارتين معاديتين استهدفت وادي سلوقي في جبل عامل T.me/mehwaralmokawma «مـيّـثـمـ𓂆»
28130,Annahar,2026-09-16,error,fast_path: unmatched or missing condition,rematch,,غارتان إسرائيليتان,غارتان إسرائيليتان,غارتان إسرائيليتان على القنطرة والنبطية الفوقا جنوبي لبنان
28132,Lebanon24,2026-09-16,error,fast_path: unmatched or missing condition,rematch,,غارتان إسرائيليتان,غارتان إسرائيليتان,"""لبنان 24"": غارتان إسرائيليتان تستهدفان وادي السلوقي #lebanon24 lebanon24.com"
28133,lebanondebate,2026-09-13,error,fast_path: unmatched or missing condition,skip,extraction_marked_irrelevant,,,بالفيديو: مسيّرة إسرائيلية تحلّق منخفضًا فوق شرق البقاع والسلسلة الشرقية Video
28135,mehwaralmokawma,2026-09-09,error,fast_path: unmatched or missing condition,skip,extraction_marked_irrelevant,,,"استمرار تحليق الطيران المسير المعادي فوق كل من جنوب لبنان والنبطية والبقاع. T.me/mehwaralmokawma ‏ «جـھ,آد𓂆»"
28136,Janoubana,2026-09-16,error,fast_path: no materializable village match,skip,no_place_extracted,,,غارة استهدفت وادي السلوقي
28139,bintjbeilnews,2026-09-13,error,fast_path: no materializable village match,skip,no_place_extracted,,,🚨غارة على علي الطاهر An airstrike on Ali Al-Taher
28143,mehwaralmokawma,2026-09-13,error,fast_path: no materializable village match,skip,no_place_extracted,,,غارة من الطيران الحربي المعادي استهدفت علي الطاهر T.me/mehwaralmokawma «ذو 𓂆 الفِقَـار»
28145,nabatiehchannel,2026-09-13,error,fast_path: no materializable village match,skip,no_place_extracted,,,غارة تستهدف علي الطاهر
28154,lebanondebate,2026-09-13,error,fast_path: unmatched or missing condition,rematch,,غارتان إسرائيليتان,غارتان إسرائيليتان,"مراسل ""ليبانون ديبايت"": غارتان إسرائيليتان تستهدفان بلدة كفرتبنيت"
28163,almayadeen,2026-09-13,error,fast_path: unmatched or missing condition,skip,no_place_extracted,,,لبنان: مراسل الميادين في الجنوب: تحليق مكثف للطائرات الحربية الإسرائيلية في أجواء النبطية الفوقا وكفرتبنيت
28166,lebanondebate,2026-09-13,error,fast_path: unmatched or missing condition,skip,extraction_marked_irrelevant,,,"مراسل ""ليبانون ديبايت"": تحليق للطيران المسيّر الإسرائيلي على علو منخفض فوق السلسلة الغربية وبعلبك"
28169,sameralhajali,2026-09-13,error,fast_path: unmatched or missing condition,rematch,,,,ملخص الاعتداءات الإسرائيلية على بلدة المنصوري حتى الساعة - الساعة ٦:٢٨ صباحاً تفجير في بلدة المنصوري - ⁠الساعة ٦:٣٠ صباحاً تفجير جديد في بلدة المنصوري-وسط البلدة - ⁠الساعة ٧:٣٤ صباحاً للمرة الثالثة تف
28172,Janoubana,2026-09-09,error,fast_path: no materializable village match,skip,no_place_extracted,,,غارة الخيام
28178,nabatiehchannel,2026-09-09,error,fast_path: no materializable village match,skip,no_place_extracted,,,♦️| غارة استهدفت الخيام
28185,almodononline,2026-09-16,error,fast_path: unmatched or missing condition,skip,no_place_extracted,,,#عاجل | غارتان إسرائيليتان استهدفتا القنطرة والنبطية الفوقا جنوبي لبنان
28190,bintjbeilnews,2026-09-09,error,fast_path: no materializable village match,skip,no_place_extracted,,,غارة تستهدف الخيام ــــــــــــــ An airstrike targets Khiam ــــــــــــــ 📲 قناة بنت جبيل على واتساب https://whatsapp.com/channel/0029VaG3H3R8fewmfDqRKX0Q
28192,bintjbeilnews,2026-09-16,error,fast_path: unmatched or missing condition,rematch,,غارتان,غارتان,🚨غارتان استهدفتا المنصوري
28197,manarbreaking,2026-09-09,error,fast_path: unmatched or missing condition,rematch,,اعتداء,اعتداء,🔴 عاجل | مراسل المنار: الطيران الحربي الاسرائيلي المعادي اعتدى على المنطقة الواقعة بين بلدتي حداثا وحاريص في جنوب لبنان
28199,Janoubana,2026-09-09,error,fast_path: no materializable village match,skip,no_place_extracted,,,غارة القنطرة
28200,alimortada963,2026-09-09,error,fast_path: no materializable village match,skip,no_place_extracted,,,غارة حربية على القنطرة
28201,nabatiehchannel,2026-09-09,error,fast_path: no materializable village match,skip,no_place_extracted,,,🏴غارة حربية على القنطرة
28202,Janoubana,2026-09-09,error,fast_path: unmatched or missing condition,rematch,,غارتين على أطراف,غارتين على أطراف,غارتين على أطراف #القنطرة - وادي السلوقي
28206,almayadeen,2026-09-09,error,fast_path: no materializable village match,skip,no_place_extracted,,,لبنان: مراسل الميادين في جنوب لبنان: قصف مدفعي إسرائيلية استهدف دوحة كفررمان
28210,Janoubana,2026-09-09,error,fast_path: unmatched or missing condition,skip,no_conflict_evidence,,,تحليق درون فوق أجواء بلدة جبشيت
28211,mehwaralmokawma,2026-09-09,error,fast_path: no materializable village match,rematch,,Bombs,Bombs,غارة صهيونية استهدفت الخيام بجبل عامل T.me/mehwaralmokawma «☫نـصـراللّه☫»
28212,NidaaWatan,2026-09-16,error,extraction: exceeded max retries (#) — last error: ReadTimeout: timed out,reextract,,,,تطورات ميدانية في مزرعة حلتا – كفرشوبا #نداء_الوطن nidaalwatan.com/article/3984… Link تطورات ميدانية في مزرعة حلتا – كفرشوبا | نداء الوطن في آخر التطورات الميدانية اليوم، أقدم الجيش الإسرائيلي منذ قلي
28217,alakhbar_news,2026-09-09,error,fast_path: unmatched or missing condition,skip,no_place_extracted,,,«الوكالة الوطنية»: غارتان إسرائيليتان استهدفتا الخيام والنبطية الفوقا
28226,alakhbar_news,2026-09-16,error,fast_path: no materializable village match,skip,extraction_marked_irrelevant,,,إليكم أبرز عناوين التغطية حتى الساعة 9:00 مساءً بتوقيت العاصمة بيروت: 🟢 مجلس النواب يجدّد الثقة بالحكومة بـ68 صوتاً جدّد مجلس النواب الثقة بالحكومة، بـ 68 صوتاً مقابل 12 بلا ثقة وامتناع نائبين. 🔵 عون 
28228,AlakhbarNews,2026-09-16,error,fast_path: no materializable village match,skip,no_place_extracted,,,⚫ الجيش والصليب الأحمر ينتشلان جثماني شابين استُشهدا بغارة إسرائيلية في النبطية تمكنت عناصر من الصليب الأحمر اللبناني من مركز النبطية بمؤازرة دورية من الجيش اللبناني من سحب جثماني الشابين، علي مصطفى ف
28238,mehwaralmokawma,2026-09-16,error,fast_path: unmatched or missing condition,rematch,,غارتين معاديتين,غارتين معاديتين,🔴غارتين معاديتين استهدفت بلدة زوطر في الشرقية في جبل عامل T.me/mehwaralmokawma «مـيّـثـمـ𓂆»
28248,almodononline,2026-09-16,error,fast_path: unmatched or missing condition,rematch,,استهداف,استهداف,العثور على الشابين المفقودين علي مصطفى فواز وفضل عباس الرومي منذ يوم أمس قرب صالة اللافيتا في النبطية الفوقا، وقد ارتـقيا بعد استهداف إسرائيلي.
28255,alakhbar_news,2026-09-16,error,fast_path: unmatched or missing condition,rematch,,,,«الوكالة الوطنية»: دبابة «ميركافا» إسرائيلية استهدفت بلدة كفرتبنيت بعدة قذائف
28257,alakhbar_news,2026-09-16,error,fast_path: unmatched or missing condition,rematch,,استهداف,استهداف,«الوكالة الوطنية»: الصليب الأحمر والجيش تمكنا من سحب جثماني الشابين علي مصطفى فواز وفضل عباس (وهما من بلدة الغسانية) من منطقة عين السماحية بين النبطية الفوقا وزوطر الشرقية وقد ارتقيا شهيدين بعدما استه
28258,ALJADEEDNEWS,2026-09-16,error,fast_path: unmatched or missing condition,skip,no_place_extracted,,,مراسل #الجديد : قصف مدفعي استهدف مدينة الخيام عصر اليوم
28260,bintjbeilnews,2026-09-16,error,fast_path: unmatched or missing condition,rematch,,استهداف إسرائيلي,استهداف إسرائيلي,"العثور على الشابين المفقودين علي مصطفى فواز وفضل عباس الرومي منذ يوم أمس قرب صالة اللافيتا في النبطية الفوقا، وقد ارتقيا بعد استهداف إسرائيلي ــــــــــــــ The two young men, Ali Mustafa Fawaz and Fa"
28268,ALJADEED_NEWS,2026-09-16,error,fast_path: unmatched or missing condition,rematch,,,,"مراسل ""الجديد"": تتعرض بلدة كفرتبنيت (قضاء النبطية) لقصف مدفعي متقطع https://x.com/ALJADEEDNEWS/status/2100191609782484996 September 16, 2026 at 01:54PM"
28319,Janoubana,2026-09-16,error,fast_path: unmatched or missing condition,skip,no_place_extracted,,,قصف مدفعي يطال وادي السلوقي
28373,sameralhajali,2026-09-16,error,fast_path: no materializable village match,skip,no_place_extracted,,,عند الساعة ٨:٣٠ قصف مدفعي استهدف بلدة حداثا
28376,alichoeib1970,2026-09-16,error,fast_path: no materializable village match,rematch,,Tank Fire,Tank Fire,صفحة الإعلامي الشهيد علي شعيب: دبابة ميركافا معادية متمركزة في بلدة زوطر الشرقيّة تستهدف بلدة كفرتبنيت بعدة قذائف
28378,ALJADEED_NEWS,2026-08-25,error,fast_path: unmatched or missing condition,rematch,,غارتان,غارتان,"مراسل الجديد: غارتان على بلدة صربين قضاء بنت جبيل https://x.com/ALJADEEDNEWS/status/2092350443666002315 August 25, 2026 at 10:36PM"
28379,NNALeb,2026-08-19,error,fast_path: exact hash already materialized; no new incident,skip,has_live_incident,,,مسيرة معادية ألقت قنبلة في المنصوري واشتعال النيران في المنطقة المستهدفة nna-leb.gov.lb/ar/news/short… Link مسيرة معادية ألقت قنبلة في المنصوري واشتعال النيران في المنطقة المستهدفة وطنية - ألقت مسيرة 
28380,mehwaralmokawma,2026-08-25,error,fast_path: unmatched or missing condition,skip,no_place_extracted,,,المدفعية الصهيونية تستهدف وادي السلوقي جنوبي لبنان T.me/mehwaralmokawma «☫نـصـراللّه☫»
28381,sameralhajali,2026-08-25,error,fast_path: unmatched or missing condition,rematch,,دبابة ميركافا معادية تستهدف,Tank Fire,مجددا دبابة ميركافا معادية تستهدف بلدة المنصوري
28382,nabatiehchannel,2026-08-23,error,fast_path: unmatched or missing condition,skip,extraction_marked_irrelevant,,,🏴حريق كبير في بلدة شحور قضاء صور، والنيران تقترب من المنازل
28384,alichoeib1970,2026-08-25,error,fast_path: unmatched or missing condition,rematch,,دبابة ميركافا تستهدف وتمشيط بالأسلحة الرشاشة,Tank Fire,صفحة الإعلامي الشهيد علي شعيب : • دبابة ميركافا تستهدف بلدة المنصوري • تمشيط بالأسلحة الرشاشة بإتجاه بلدة حداثا
28385,mehwaralmokawma,2026-08-19,error,fast_path: exact hash already materialized; no new incident,skip,exact_hash_duplicate,,,ملخص الاعتداءات الإسرائيلية على جنوب لبنان لهذا اليوم: الغارات الحربية: • علي الطاهر • دوحة كفررمان • بين القنطرة ودير سريان • مشاع المنصوري القصف المدفعي: • علي الطاهر • دوحة كفررمان • حداثا • ميس ال
28387,mehwaralmokawma,2026-08-25,error,fast_path: unmatched or missing condition,rematch,,استهداف من المدفعية الصهيونية,استهداف من المدفعية الصهيونية,قبل قليل المدفعية الصهيونية استهدفت النبطية الفوقا والمنصوري جنوبي لبنان T.me/mehwaralmokawma «☫نـصـراللّه☫»
28389,mehwaralmokawma,2026-08-25,error,fast_path: no materializable village match,skip,no_place_extracted,,,قصف مدفعي للعدو الصهيوني يستهدف محيط تلال علي الطاهر في قضاء النبطية جنوبي لبنان الصامد T.me/mehwaralmokawma «𓂆سيد كـيـان»
28390,nabatiehchannel,2026-08-25,error,fast_path: unmatched or missing condition,rematch,,,Bombs,🚨غارة استهدفت النبطية الفوقا
28391,bintjbeilnews,2026-08-23,error,fast_path: unmatched or missing condition,skip,extraction_marked_irrelevant,,,"حريق كبير في بلدة شحور قضاء صور، والنيران تقترب من المنازل ــــــــــــــ A large fire has broken out in the town of Shhour, Tyre district, with the flames approaching homes ــــــــــــــ 📲 قناة بنت "
28394,bintjbeilnews,2026-08-21,error,fast_path: exact hash already materialized; no new incident,skip,has_live_incident,,,وقوع إصابة بعدما ألقت محلقة قنبلة صوتية باتجاه أحد رعاة المواشي في بلدة شبعا An injury occurred after a drone dropped a sound bomb towards a livestock herder in the town of Shebaa.
28396,ALJADEED_NEWS,2026-08-23,error,fast_path: unmatched or missing condition,skip,extraction_marked_irrelevant,,,"حريق هائل في بلدة شحورأفاد مراسل ""الجديد"" بأن حريقًا هائلًا اندلع في بلدة شحور، قضاء صور، وأتى على مساحات حرجية واسعة، ووصل إلى بعض المنازل، بعدما ساهم ارتفاع درجات الحرارة في تمدّده.#أخبار_الجديد #لب"
28397,manarbreaking,2026-08-25,error,fast_path: unmatched or missing condition,rematch,,,Tank Fire,🔴 عاجل | مراسل المنار :دبابة ميركافا تستهدف بلدة المنصوري
28400,Janoubana,2026-08-25,error,fast_path: unmatched or missing condition,rematch,,دبابات معادية تستهدف,Tank Fire,دبابة ميركافا معادية تستهدف بلدة المنصوري
28402,mehwaralmokawma,2026-08-25,error,fast_path: unmatched or missing condition,rematch,,دبابة ميركافا معادية تستهدف,Tank Fire,مجددا دبابة ميركافا معادية تستهدف بلدة المنصوري T.me/mehwaralmokawma «كرار»
28405,sameralhajali,2026-08-21,error,fast_path: unmatched or missing condition,rematch,,,Bombs,غارة استهدفت المنطقة الواقعة بين زوطر و دير سريان
28407,mehwaralmokawma,2026-08-26,error,fast_path: unmatched or missing condition,skip,extraction_marked_irrelevant,,,"تحليق مسير معادي فوق الضاحية الجنوبية لبيروت . T.me/mehwaralmokawma ‏ «جـھ,آد𓂆»"
28409,mehwaralmokawma,2026-08-23,error,fast_path: unmatched or missing condition,rematch,,دبابة ميركافا معادية تستهدف بلدة,Tank Fire,🔴مجددا دبابة ميركافا معادية تستهدف بلدة المنصوري في جبل عامل بقذيفة T.me/mehwaralmokawma «مـيّـثـمـ𓂆»
28410,Janoubana,2026-09-05,error,fast_path: no materializable village match,skip,no_place_extracted,,,غارة طلوسة
28411,AlakhbarNews,2026-09-06,error,fast_path: unmatched or missing condition,rematch,,استهداف مبنى من ثلاث طوابق,استهداف مبنى من ثلاث طوابق,📰 العدو يجدد عدوانه على الجنوب... وشهيدان في عربصاليم لقراءة الخبر كاملًا 👇 al-akhbar.com/news/lebanon/9… جدد جيش الاحتلال صباح اليوم عدوانه على الجنوب، مستهدفاً مبنى من ثلاث طوابق في عربصاليم ما أدى 
28412,nbntweets,2026-08-19,error,fast_path: exact hash already materialized; no new incident,skip,has_live_incident,,,"محلقة ​""إسرائيلية"" تلقي قنبلة صوتية على بلدة ​المنصوري​ في ​قضاء صور للمرة الخامسة على التوالي Video"
28413,alichoeib1970,2026-08-19,error,fast_path: exact hash already materialized; no new incident,skip,has_live_incident,,,صفحة الإعلامي الشهيد علي شعيب: اخر الإعتداءات • دبابة ميركافا معادية استهدفت مدينة الخيام • قصف مدفعي معادٍ يستهدف بلدة المنصوري، كما القت محلقة معادية قنبلة صوتية على البلدة. • تفجير معادٍ لجيش العدو
28415,breakingnews_mt,2026-08-19,error,fast_path: exact hash already materialized; no new incident,skip,exact_hash_duplicate,,,🔴 عاجل | مراسلنا: قذيفة مدفعية اسرائيلية استهدفت أطراف بلدة الهبارية لناحية جبل السدانة جنوبي لبنان
28417,Janoubana,2026-08-26,error,fast_path: unmatched or missing condition,skip,extraction_marked_irrelevant,,,"""مركز الخيام"": احتجاز الـعـدو لجثامين الشهـداء انتهاك للأخلاق والأديان والإنسانية دان ""مركز الخيام""، في بيان لمناسبة ""اليوم الوطني لاسترداد جثامين الشهـداء""، ""جـريمة الاحتلال ""الاسرائيلي"" باحتجاز عشرا"
28418,sameralhajali,2026-08-19,error,fast_path: exact hash already materialized; no new incident,skip,has_live_incident,,,قصف مدفعي استهدف (منطقة المفيلحة) في بلدة ميس الجبل
28421,mehwaralmokawma,2026-08-26,error,fast_path: no materializable village match,skip,no_place_extracted,,,"قصف مدفعي يستهدف وادي السلوقي. T.me/mehwaralmokawma ‏ «جـھ,آد𓂆»"
28423,Janoubana,2026-08-25,error,fast_path: exact hash already materialized; no new incident,skip,exact_hash_duplicate,,,بخصوص الخبر المتداول حول إعلان الجيش الإسرائيلي مواصلة الهجمات على جنوب لبنان، فإن المعطيات تشير إلى أن الحدث انتهى، حيث شنّ العدو غارات على منطقتي المنصوري ووادي السلوقي، ما عدا الغارات شبه اليومية ف
28424,Beirutfirebrigade,2026-08-17,error,fast_path: unmatched or missing condition,skip,extraction_marked_irrelevant,,,Beirut Fire Brigade فوج إطفاء بيروت ٦ س · بتاريخ ٢٠٢٦/٠٨/١٧ عملت فرقة من فوج إطفاء بيروت مركز الكرنتينا على إطفاء حريق بورة حديد في منطقة الكرنتينا خلف يحي للاراغيل و إقتصرت الأضرار على الماديات . #فو
28425,bintjbeilnews,2026-08-19,error,fast_path: unmatched or missing condition,skip,no_place_extracted,,,قذيفتان من المدفعية على الخيام Two artillery shells targeted Khiam
28437,nabatiehchannel,2026-08-22,error,fast_path: no materializable village match,skip,no_place_extracted,,,🏴قصف مدفعي استهدف مرتفعات علي الطاهر
28444,alichoeib1970,2026-08-19,error,fast_path: exact hash already materialized; no new incident,skip,has_live_incident,,,صفحة الإعلامي الشهيد علي شعيب : ملخص الاعتداءات الإسرائيلية على جنوب لبنان لهذا اليوم: ● الغارات الحربية: • علي الطاهر • دوحة كفررمان • بين القنطرة ودير سريان • مشاع المنصوري ● القصف المدفعي: • علي ال
28446,alakhbar_news,2026-09-14,error,fast_path: unmatched or missing condition,rematch,,تفجيراً ضخماً,تفجيراً ضخماً,«الوكالة الوطنية»: العدو الإسرائيلي نفذ تفجيراً ضخماً في محيط القنطرة وقصف أطراف حداثا بعدد من القذائف عيار 155 ملم
28457,Janoubana,2026-08-25,error,fast_path: unmatched or missing condition,rematch,,دبابات معادية تستهدف,Tank Fire,دبابة ميركافا معادية تستهدف بلدة المنصوري
28460,almodononline,2026-09-07,error,fast_path: unmatched or missing condition,rematch,,غارتين إسرائيليتين,غارتين إسرائيليتين,#عاجل | وزارة الصحة: 12 شهـ...ـيدا و10 مصابين في غارتين إسرائيليتين فجر اليوم على بلدة كفررمان جنوبي البلاد
28467,lebanondebate,2026-08-19,error,fast_path: unmatched or missing condition,skip,extraction_marked_irrelevant,,,الدخان يخنق النبطية... حرائق النفايات تحاصر السكان lbdb.co/870478
28473,ALJADEED_NEWS,2026-08-18,error,fast_path: unmatched or missing condition,skip,extraction_marked_irrelevant,,,أصدرت مستشفى دار الأمل الجامعي في بعلبك بياناً، أعلنت فيه اندلاع حريق محدود في المولدات الكهربائية الموجودة خارج مباني المستشفى، مؤكدةً أن فرق الإطفاء والدفاع المدني تمكنت من السيطرة عليه بشكل كامل.وأ
28475,sameralhajali,2026-08-19,error,fast_path: exact hash already materialized; no new incident,skip,exact_hash_duplicate,,,ملخص الاعتداءات الإسرائيلية على جنوب لبنان لهذا اليوم: الغارات الحربية: • علي الطاهر • دوحة كفررمان • بين القنطرة ودير سريان • مشاع المنصوري القصف المدفعي: • علي الطاهر • دوحة كفررمان • حداثا • ميس ال
28486,alichoeib1970,2026-08-25,error,fast_path: no materializable village match,skip,no_place_extracted,,,صفحة الإعلامي الشهيد علي شعيب: • تفجير نفّذه العدو في بلدة مركبا
28490,mehwaralmokawma,2026-08-20,error,fast_path: unmatched or missing condition,rematch,,دبابة ميركافا معادية تستهدف اطراف بلدة,Tank Fire,دبابة ميركافا معادية تستهدف اطراف بلدة برعشيت بعدد من القذائف T.me/mehwaralmokawma «كُمَيْل»
28495,Janoubana,2026-08-21,error,fast_path: unmatched or missing condition,rematch,,دبابة ميركافا معادية استهدفت بقذيفة,دبابة ميركافا معادية استهدفت بقذيفة,دبابة ميركافا معادية استهدفت وادي المنصوري بقذيفة
28511,almodononline,2026-09-05,error,fast_path: no materializable village match,skip,no_place_extracted,,,شهد الجنوب اللبناني والبقاع الغربي موجة تصعيد ميداني edgs.co/b6srf Link تصعيد دموي وغارات تهزّ الجنوب والبقاع: 3 شهداء و23 جريحاً ​ دفعت إسرائيل برسالتين متوازيتين نحو الجانب اللبناني: الانفتاح المحدو
28513,alichoeib1970,2026-08-21,error,fast_path: unmatched or missing condition,rematch,,تفجيرين,تفجيرين,صفحة الإعلامي الشهيد علي شعيب: نفذ العدو الاسرائيلي تفجيرين الأول بين بلدتي ارنون و كفرتبنيت و الثاني في بلدة كفرتبنيت
28531,sameralhajali,2026-08-20,error,fast_path: unmatched or missing condition,skip,extraction_marked_irrelevant,,,بيان كتلة الوفاء للمقاومة 20-08-2026: عقدت كتلة الوفاء للمقاومة جلستها الدورية بتاريخ 20/8/2026 حول عدد من الأمور السياسية والنيابية وشؤون تتصل بلبنان وفلسطين والمنطقة وتم إصدار البيان التالي: يمر أرب
28541,mehwaralmokawma,2026-08-23,error,fast_path: unmatched or missing condition,skip,extraction_marked_irrelevant,,,"حريق كبير في بلدة شحور قضاء صور، والنيران تقترب من المنازل. T.me/mehwaralmokawma ‏ «جـھ,آد𓂆»"
28547,alakhbar_news,2026-08-24,error,fast_path: unmatched or missing condition,rematch,,,,غارتان إسرائيليتان تستهدفان بلدتي المنصوري وبيوت السياد
28548,mehwaralmokawma,2026-08-25,error,fast_path: exact hash already materialized; no new incident,skip,exact_hash_duplicate,,,حوالي الساعة ٦:٤٠ صباحا قصف مدفعي استهدف دوحة كفررمان
28550,manarbreaking,2026-08-22,error,fast_path: unmatched or missing condition,rematch,,تفجيرات,تفجيرات,🔴 عاجل | مراسل المنار: الطيران الاسرائيلي يغير على بلدتي المنصوري وصربين وينفذ تفجيرين في بلدتي الطيبة والقنطرة جنوبي لبنان
28554,sameralhajali,2026-08-23,error,fast_path: unmatched or missing condition,skip,no_conflict_evidence,,,درون ألقت مواد حارقة بين الحنية والقليلة مما أدى إلى اشتعال حريق كبير وتمت سيطرة عليه
28558,Annahar,2026-09-07,error,fast_path: unmatched or missing condition,rematch,,,,قصف مدفعي مركّز وعنيف على النبطية الفوقا في جنوب لبنان
28564,sameralhajali,2026-08-23,error,fast_path: unmatched or missing condition,rematch,,دبابة ميركافا معادية تستهدف,Tank Fire,مجددا دبابة ميركافا معادية تستهدف بلدة المنصوري بقذيفة
28568,mehwaralmokawma,2026-08-21,error,fast_path: unmatched or missing condition,skip,extraction_marked_irrelevant,,,تحليق للطيران المسيّر المعادي على طول الخط الساحلي باتجاه بيروت T.me/mehwaralmokawma «ذو 𓂆 الفِقَـار»
28572,alichoeib1970,2026-09-04,error,fast_path: no materializable village match,skip,extraction_marked_irrelevant,,,صفحة الإعلامي الشهيد علي شعيب غارة اسرائيلية معادية استهدفت ميفدون منذ قليل
28583,bintjbeilnews,2026-08-21,error,fast_path: unmatched or missing condition,rematch,,,Bombs,سلام خلال كلمة تزامنت مع تفجير ضخم في مجدلزون وغارة برعشيت: «نريد لهذا الجنوب كما لكل لبنان أن يكون تحت سلطة الدولة الواحدة وأن يكون المواطن اللبناني فيه آمنًا لأن عنده جيشا يحميه»
28586,Janoubana,2026-08-17,error,fast_path: unmatched or missing condition,skip,extraction_marked_irrelevant,,,اندلاع حريق كبير في بلدة مجدل سلم وتعمل جمعية الدفاع المدني على إطفائه ولا يوجد أي حدث امني
28593,ALJADEED_NEWS,2026-08-17,error,fast_path: unmatched or missing condition,skip,no_conflict_evidence,,,في المنصورية.. حريق كبير مجهول السبب! أفادت الوكالة الوطنية، باندلاع حريق كبير في منطقة المنصورية لم تعرف اسبابه بهد، فيما هرعت سيارات الإطفاء إلى المكان وهي تعمل على السيطرة على النيران منعا لتمددها 
28594,bintjbeilnews,2026-09-04,error,fast_path: no materializable village match,skip,no_place_extracted,,,🚨من غارة ميفدون
28598,lebanondebate,2026-08-17,error,fast_path: unmatched or missing condition,skip,extraction_marked_irrelevant,,,الدفاع المدني: إخماد حريق اندلع في المكلّس وامتد إلى الحرش المجاور والسيطرة عليه ومنع امتداده إلى مساحات إضافية
28604,ALJADEED_NEWS,2026-09-01,error,fast_path: unmatched or missing condition,skip,no_conflict_evidence,,,"وثّق مقطع فيديو مشهد احتراق باص للنقل المشترك على أوتوستراد جونية باتجاه بيروت.#أخبار_الجديد https://t.co/FJxH3X6Bjg https://x.com/ALJADEEDNEWS/status/2094693409864708360 September 1, 2026 at 09:46AM"
28607,ALJADEEDNEWS,2026-08-17,error,fast_path: unmatched or missing condition,rematch,,,,سماع دوي انفجارات تزامناً مع حريق في محيط بلدة فلاوي قضاء بعلبك من دون معرفة الأسباب
28609,nabatiehchannel,2026-08-20,error,fast_path: unmatched or missing condition,skip,no_place_extracted,,,استقدمت قوات الاحتلال شاحنات محمّلة بالمواد المتفجرة إلى الأطراف الغربية لميس الجبل، تمهيدًا لتفخيخ عدد من المنازل، بالتزامن مع إلقاء قنابل دخانية لتغطية عملية التوغّل والتحرّك داخل المنطقة
28610,mehwaralmokawma,2026-08-21,error,fast_path: unmatched or missing condition,rematch,,دبابة ميركافا معادية تستهدف اطراف بلدة,Tank Fire,"دبابة ميركافا معادية متمركز في بلدة حداثا تستهدف اطراف بلدة تبنين T.me/mehwaralmokawma ‏ «جـھ,آد𓂆»"
28611,hashemsayed,2026-08-17,error,fast_path: unmatched or missing condition,rematch,,استهدف الطيران المسير المعادي,استهدف الطيران المسير المعادي,الطيران المسير المعادي استهدف دوحة كفررمان في قضاء النبطية..
28614,manarbreaking,2026-08-17,error,fast_path: unmatched or missing condition,rematch,,استهدف الطيران المسيّر الإسرائيلي,استهدف الطيران المسيّر الإسرائيلي,🔴 عاجل | مراسل المنار: الطيران المسيّر الاسرائيلي المعادي استهدف دوحة كفررمان في قضاء النبطية جنوب لبنان
28615,bintjbeilnews,2026-08-26,error,fast_path: unmatched or missing condition,skip,no_place_extracted,,,🚨غارة تستهدف المنصوري
28618,nabatiehchannel,2026-09-08,error,fast_path: unmatched or missing condition,rematch,,غارتين,غارتين,🚨غارتين المنصوري
28619,breakingnews_mt,2026-08-17,error,fast_path: unmatched or missing condition,rematch,,استهدف الطيران المسيّر الاسرا.ئيلي المعادي,استهدف الطيران المسيّر الاسرا.ئيلي المعادي,🔴 عاجل | مراسلنا: الطيران المسيّر الاسرا.ئيلي المعادي استهدف دوحة كفررمان في قضاء النبطية جنوب لبنان
28620,sameralhajali,2026-08-26,error,fast_path: unmatched or missing condition,rematch,,,Bombs,غارة تستهدف بلدة المنصوري
28621,alichoeib1970,2026-09-05,error,fast_path: unmatched or missing condition,rematch,,,,صفحة الإعلامي الشهيد علي شعيب اخر الاعتداءات: - محلقة معادية القت قنبلة صوتية على بلدة المنصوري - قصف مدفعي معادٍ استهدف بلدة المنصوري - للمرة التاسعة تفجير لجيش العدو في بلدة المنصوري - قوات العدو تع
28623,alakhbar_news,2026-09-05,error,fast_path: no materializable village match,skip,extraction_marked_irrelevant,,,إليكم أبرز عناوين التغطية حتى الساعة ٤ عصراً بتوقيت العاصمة بيروت: 🔗 حزب الله: العدو يدوس «إطار» السلطة... والإفراج عن أسرى لا يبرّر الاستمرار في مسار أثبت فشله أعلن حزب الله، اليوم، أنّ استمرار السلط
28624,bintjbeilnews,2026-08-20,error,fast_path: no materializable village match,skip,no_place_extracted,,,استقدمت قوات الاحتلا..ل شاحنات محمّلة بالمواد المتفجرة إلى الأطراف الغربية لميس الجبل، تمهيدًا لتفخيخ عدد من المنازل، بالتزامن مع إلقاء قنابل دخانية لتغطية عملية التوغّل والتحرّك داخل المنطقة ــــــــ
28625,bintjbeilnews,2026-09-02,error,fast_path: unmatched or missing condition,skip,extraction_marked_irrelevant,,,🚨الطيران الحربي الإسرائيلي يحلق في أجواء العاصمة بيروت والجوار ────────────── Israeli warplanes are flying over the capital Beirut and surrounding areas ────────────── ــــــــــــــ 📲 قناة موقع بنت ج
28628,almayadeen,2026-08-26,error,fast_path: unmatched or missing condition,rematch,,غارة إسرائيلية,غارة إسرائيلية,لبنان: مراسل الميادين في الجنوب: غارة إسرائيلية استهدفت بلدة المنصوري في قضاء صور
28630,almodononline,2026-08-18,error,fast_path: unmatched or missing condition,skip,extraction_marked_irrelevant,,,حريق #أيطو يدق ناقوس الخطر بعد احتراق 50 ألف متر مربع من الأحراج رنا البايع edgs.co/5nk82 Link حريق أيطو يدقّ ناقوس الخطر لحماية أحراج لبنان حرائق الغابات، أيّاً كان سببها، أضحت موسماً سنوياً وتتحوّل 
28631,alichoeib1970,2026-08-28,error,fast_path: unmatched or missing condition,rematch,,,Sweeping Operations,صفحة الإعلامي الشهيد علي شعيب : ● محلّقة معادية ألقت قنبلة صوتية باتجاه بلدة المنصوري. ● تمشيط بالأسلحة الرشاشة استهدف بلدة حداثا.
28634,Annahar,2026-08-18,error,fast_path: unmatched or missing condition,skip,extraction_marked_irrelevant,,,حريق قرب الخط البحري لأوتستراد الدورة Video
28636,almanarnews,2026-09-02,error,fast_path: unmatched or missing condition,rematch,,غارة إسرائيلية,غارة إسرائيلية,🔴 عاجل | مراسل المنار: غارة إسرائيلية عند أطراف بلدة حاريص في جنوب لبنان
28639,almodononline,2026-09-05,error,fast_path: unmatched or missing condition,rematch,,تفجيرات إسرائيلية,تفجيرات إسرائيلية,تفجيرات إسرائيلية تستهدف بلدة بني حيان في جنوب لبنان
28642,alimortada963,2026-09-07,error,fast_path: unmatched or missing condition,skip,extraction_marked_irrelevant,,,"بعد الاعلان الاسراخيلي عن السيطرة على منطقة علي الطاهر بانفاقها، و بعد مشهد تفجير قيل لانفاق في المنطقة، ادعاء اسرائيلي باطلاق ""مسيرتين اثنتين"" أطلقهما الحزب، وهو السبب الذي شهدنا فيه في الايام الماضي"
28643,nabatiehchannel,2026-08-29,error,fast_path: unmatched or missing condition,skip,extraction_marked_irrelevant,,,🚨اندلاع حريق كبير جداً في حقول الزيتون ( حاريص - حداثا - عيتا الجبل ) بعدما قام العدو بإشعال النيران فيها
28650,bintjbeilnews,2026-08-21,error,fast_path: unmatched or missing condition,skip,extraction_marked_irrelevant,,,🚨الغارة على برعشيت منذ بعض الوقت ────────────── The airstrike on Baraachit a short while ago. ────────────── 📲 قناة بنت جبيل على واتساب https://whatsapp.com/channel/0029VaG3H3R8fewmfDqRKX0Q
28651,mehwaralmokawma,2026-08-20,error,fast_path: exact hash already materialized; no new incident,skip,exact_hash_duplicate,,,صفحة الإعلامي الشهيد علي شعيب: آخر الاعتداءات: القصف المدفعي: ميس الجبل برعشيت طلوسة المنصوري اطراف ميفدون حداثا الطيري صربين التفجيرات: ميس الجبل مشاع المنصوري قنابل صوتية: المنصوري غالونات متفجرة: ع
28654,bintjbeilnews,2026-08-18,error,fast_path: unmatched or missing condition,skip,extraction_marked_irrelevant,,,📹اندلاع حريق قرب الخط البحري لأوتستراد الدورة ────────────── 📹A fire breaks out near the seafront lane of the Dawra highway. ────────────── 📲 قناة بنت جبيل على واتساب https://whatsapp.com/channel/0029
28657,mehwaralmokawma,2026-08-20,error,fast_path: unmatched or missing condition,skip,extraction_marked_irrelevant,,,"تحليق مسير معادي بشكل منخفض جدا فوق علي الطاهر . T.me/mehwaralmokawma ‏ «جـھ,آد𓂆»"
28659,Annahar,2026-08-18,error,fast_path: unmatched or missing condition,skip,extraction_marked_irrelevant,,,مشاهد إضافية للحريق قرب الخط البحري لأوتستراد الدورة
28660,Lebanon24,2026-08-18,error,fast_path: unmatched or missing condition,skip,extraction_marked_irrelevant,,,حريق كبير في منطقة الرويسات - المتن Video
28661,Annahar,2026-09-06,error,fast_path: unmatched or missing condition,skip,extraction_marked_irrelevant,,,اندلاع حريق في حرج كونين بقضاء بنت جبيل جرّاء قصف مدفعي إسرائيلي
28665,ALJADEEDNEWS,2026-09-06,error,fast_path: no materializable village match,skip,no_place_extracted,,,وزارة الصحة تكشف حصيلة الغارات على النبطية ومحيطها⬇️ aljadeed.tv/news/%D9/587969/… Link وزارة الصحة تكشف حصيلة الغارات على النبطية ومحيطها أعلنت وزارة الصحة العامة أن الحصيلة الأولية للغارات الإسرائيل
28667,NNALeb,2026-08-18,error,fast_path: unmatched or missing condition,skip,no_conflict_evidence,,,حريق كبير في الدورة nna-leb.gov.lb/ar/news/short… Link حريق كبير في الدورة وطنية- اندلع حريق كبير بالقرب من الطريق البحرية في الدورة، ويتصاعد دخان اسود في المكان. وتعمل فرق الإطفاء على اخماد النيران. 
28668,MTVLebanonNews,2026-09-06,error,fast_path: unmatched or missing condition,skip,extraction_marked_irrelevant,,,"جابر: استهداف المرافق والمؤسّسات اعتداء على الدولة mtv.com.lb/news/1734109 Link جابر: استهداف المرافق والمؤسّسات اعتداء على الدولة ندد وزير المالية ياسين جابر بـ""استمرار إسرائيل في اعتداءاتها على الجن"
28669,sameralhajali,2026-08-20,error,fast_path: unmatched or missing condition,skip,no_place_extracted,,,٣ قذائف مدفعية استهدفت بلدة حداثا منذ بعض الوقت
28670,MTVLebanonNews,2026-08-18,error,fast_path: unmatched or missing condition,skip,extraction_marked_irrelevant,,,بالصورة: حريق ضخم في الدورة mtv.com.lb/News/1728349 Link بالصورة: حريق ضخم في الدورة اندلع حريق كبير بالقرب من الطريق البحرية في الدورة، ويتصاعد دخان أسود في المكان. فيما تعمل فرق الإطفاء على اخماد ال
28671,almanarnews,2026-08-29,error,fast_path: unmatched or missing condition,skip,extraction_marked_irrelevant,,,عواصف رعدية وبرق وتساقط الامطار في البقاع الغربي
28672,nabatiehchannel,2026-09-06,error,fast_path: exact hash already materialized; no new incident,skip,exact_hash_duplicate,,,🚨قصف مدفعي يستهدف محيط النبطية الفوقا
28674,fouadkhreiss,2026-08-18,error,fast_path: unmatched or missing condition,skip,extraction_marked_irrelevant,,,حريق بشركة سيارات على الدورة Video Video
28675,bintjbeilnews,2026-08-18,error,fast_path: unmatched or missing condition,skip,no_conflict_evidence,,,"اندلاع حريق ضخم وصل لمحيط المنازل في منطقة الرويسات بالمتن A massive fire breaks out, reaching the vicinity of houses in the Roueissat area in Matn."
28678,nabatiehchannel,2026-08-18,error,fast_path: unmatched or missing condition,skip,extraction_marked_irrelevant,,,🏴 حريق لم تعرف اسبابه حتى اللحظة في منطقة الرويسات - جديدة المتن
28679,almanarnews,2026-09-06,error,fast_path: no materializable village match,skip,extraction_marked_irrelevant,,,بالفيديو | خاص المنار مستشفى غندور في النبطية الفوقا بعد تدميرها جراء غارة للعدو الإسرائيلي https://almanar.com.lb/article/1156392/?s=tg
28680,mehwaralmokawma,2026-08-20,error,fast_path: no materializable village match,skip,no_place_extracted,,,٣ قذائف مدفعية استهدفت بلدة حداثا منذ بعض الوقت T.me/mehwaralmokawma «كرار»
28681,Annahar,2026-08-18,error,fast_path: unmatched or missing condition,skip,extraction_marked_irrelevant,,,حريق كبير في منطقة الرويسات بالمتن Video
28683,lebanondebate,2026-09-06,error,fast_path: no materializable village match,skip,no_place_extracted,,,حصيلة ثقيلة منذ الصباح… شهداء وجرحى في غارات إسرائيلية على النبطية ومحيطها lbdb.co/876110
28684,fouadkhreiss,2026-08-18,error,fast_path: unmatched or missing condition,skip,extraction_marked_irrelevant,,,اندلع حريق كبير في منطقة الرويسات بالمتن Video
28688,mehwaralmokawma,2026-08-26,error,fast_path: unmatched or missing condition,rematch,,,,"غارتان استهدفتا بلدة صربين. T.me/mehwaralmokawma ‏ «جـھ,آد𓂆»"
28689,hashemsayed,2026-09-05,error,fast_path: unmatched or missing condition,rematch,,,,- جيش العدو نفّذ تفجيرًا في بلدة المنصوري. - قصف مدفعي معاد يستهدف المنطقة الواقعة بين زوطر الشرقية وميفدون. https://t.me/hashemsayed
28691,bintjbeilnews,2026-08-18,error,fast_path: unmatched or missing condition,skip,extraction_marked_irrelevant,,,اندلاع حريق ضخم وصل لمحيط المنازل في منطقة الرويسات بالمتن Video
28692,bintjbeilnews,2026-08-29,error,fast_path: unmatched or missing condition,skip,no_conflict_evidence,,,🚨🚨تخريب وعد . وان مستمر.. عمد الإحتلا. ل منذ الصباح إلى إشعال النيران بين عيتا الجبل وحداثا ويصعب على فرق الاطفاء الوصول للمكان ــــــــــــــ 📲 قناة موقع بنت جبيل على واتساب https://whatsapp.com/chan
28695,lebanondebate,2026-08-18,error,fast_path: unmatched or missing condition,skip,extraction_marked_irrelevant,,,الدفاع المدني في سباق مع النيران... حرائق في الدورة والفنار والأشرفية lbdb.co/870250
28697,almayadeen,2026-09-02,error,fast_path: unmatched or missing condition,rematch,,غارة إسرائيلية,غارة إسرائيلية,لبنان: مراسل الميادين في الجنوب: غارة إسرائيلية تستهدف أطراف بلدة حاريص
28699,lebanondebate,2026-08-18,error,fast_path: unmatched or missing condition,skip,no_conflict_evidence,,,الدفاع المدني: إخماد حريق داخل معمل للأحذية في الدورة فيما تتواصل عمليات الإطفاء في الفنار والأشرفية
28700,Janoubana,2026-09-07,error,fast_path: unmatched or missing condition,skip,extraction_marked_irrelevant,,,تحليق عدد من الدرونات في أجواء بلدة زبدين
28707,NidaaWatan,2026-08-18,error,fast_path: unmatched or missing condition,skip,extraction_marked_irrelevant,,,حرائق متفرقة في الدورة والفنار والأشرفية.. والدفاع المدني يتدخل #نداء_الوطن nidaalwatan.com/article/3947… Link حرائق متفرقة في الدورة والفنار والأشرفية.. والدفاع المدني يتدخل | نداء الوطن صدر عن دائرة
28709,MTVLebanonNews,2026-08-18,error,fast_path: unmatched or missing condition,skip,no_conflict_evidence,,,الدفاع المدني: إخماد حريق في الدورة ومواصلة عمليات الإطفاء في الفنار والأشرفية mtv.com.lb/News/1728468 Link الدفاع المدني: إخماد حريق في الدورة ومواصلة عمليات الإطفاء في الفنار والأشرفية صدر عن دائرة 
28710,alakhbar_news,2026-08-26,error,fast_path: unmatched or missing condition,rematch,,غارتان إسرائيليتان,غارتان إسرائيليتان,غارتان إسرائيليتان تستهدفان بلدة صربين قضاء بنت جبيل
28714,Annahar,2026-08-18,error,fast_path: unmatched or missing condition,skip,extraction_marked_irrelevant,,,حرائق متفرقة في الدورة والفنار والأشرفية... وعمليات الإخماد مستمرّة (فيديو) تمكّنت عناصر الدفاع المدني في منطقة الدورة من إخماد حريق اندلع داخل معمل للأحذية والسيطرة عليه، قبل المباشرة بأعمال التبريد👇
28715,lebanondebate,2026-08-18,error,fast_path: unmatched or missing condition,skip,extraction_marked_irrelevant,,,من غرفة المولدات بدأت النيران... حريق ضحم داخل مستشفى في بعلبك (فيديو) lbdb.co/870350
28719,nabatiehchannel,2026-09-06,error,fast_path: no materializable village match,skip,no_place_extracted,,,🏴متابعة لغارة النبطية : لا يوجد شهداء او أي اصابات بين المدنيين جراء الغارة على مدينة النبطية سوى اصابة طفيفة لمراسل في قناة المنار علي شبيب
28720,nabatiehchannel,2026-08-23,error,fast_path: unmatched or missing condition,skip,extraction_marked_irrelevant,,,🏴- سلّم جيش العدو الإسرائيلي جثمان روجيه خليل أبو رحال، من بلدة القليعة – قضاء مرجعيون، إلى اللجنة الدولية للصليب الأحمر، التي بدورها سلّمته إلى الصليب الأحمر اللبناني، بمؤازرة قوات الأمم المتحدة المؤ
28724,NidaaWatan,2026-08-18,error,fast_path: unmatched or missing condition,skip,extraction_marked_irrelevant,,,بالفيديو - حريق داخل غرفة مولدات مستشفى دار الأمل الجامعي في دورس #نداء_الوطن nidaalwatan.com/article/3947… Link بالفيديو - حريق داخل غرفة مولدات مستشفى دار الأمل الجامعي في دورس | نداء الوطن اندلع حر
28728,ALJADEEDNEWS,2026-08-18,error,fast_path: unmatched or missing condition,skip,extraction_marked_irrelevant,,,أصدرت مستشفى دار الأمل الجامعي في بعلبك بياناً، أعلنت فيه اندلاع حريق محدود في المولدات الكهربائية الموجودة خارج مباني المستشفى، مؤكدةً أن فرق الإطفاء والدفاع المدني تمكنت من السيطرة عليه بشكل كامل. و
28729,LBCI_NEWS,2026-08-19,error,fast_path: unmatched or missing condition,skip,no_conflict_evidence,,,تجدد حريق عربة قزحيا في جبل أيطو وفرق الدفاع المدني تعمل على إخماده Video
28731,Beirutfirebrigade,2026-08-18,error,fast_path: unmatched or missing condition,skip,no_conflict_evidence,,,Beirut Fire Brigade فوج إطفاء بيروت ١٠ س · بتاريخ ٢٠٢٦/٠٨/١٨ عملت فرقة من فوج إطفاء بيروت مركز الكرنتينا على إطفاء حريق مبنى في منطقة مارمخايل قرب سيمون إلكترك و إقتصرت الأضرار على الماديات . #فوج_إطف
28734,Lebanon24,2026-08-20,error,fast_path: unmatched or missing condition,skip,extraction_marked_irrelevant,,,حريق داخل مقطورة شاحنة على أوتوستراد المنصف Video
28735,mehwaralmokawma,2026-08-25,error,fast_path: unmatched or missing condition,skip,extraction_marked_irrelevant,,,🔴الخطيب يدعو الأمة للخروج من حالتها وبناء تحالفات تعيد رسم السياسات والخرائط توجه نائب رئيس المجلس الإسلامي الشيعي الأعلى سماحة الشيخ علي الخطيب بالتهنئة والتبريك للمسلمين واللبنانيين عامة لمناسبة ذكر
28738,Annahar,2026-08-20,error,fast_path: unmatched or missing condition,rematch,,غارة إسرائيلية,غارة إسرائيلية,غارة إسرائيلية على دوحة كفررمان في قضاء النبطية
28739,sameralhajali,2026-08-20,error,fast_path: unmatched or missing condition,rematch,,دبابة ميركافا معادية تستهدف اطراف بلدة,Tank Fire,دبابة ميركافا معادية تستهدف اطراف بلدة برعشيت بعدد من القذائف
28741,bintjbeilnews,2026-08-20,error,fast_path: no materializable village match,skip,no_place_extracted,,,استقدمت قوات الاحتلا..ل شاحنات محمّلة بالمواد المتفجرة إلى الأطراف الغربية لميس الجبل، تمهيدًا لتفخيخ عدد من المنازل، بالتزامن مع إلقاء قنابل دخانية لتغطية عملية التوغّل والتحرّك داخل المنطقة ــــــــ
28743,bintjbeilnews,2026-08-20,error,fast_path: unmatched or missing condition,rematch,,دبابة ميركافا تستهدف اطراف بلدة,Tank Fire,🚨دبابة ميركافا تستهدف اطراف بلدة برعشيت بعدد من القذائف ────────────── A Merkava tank fired several shells at the outskirts of Baraachit. ────────────── 📲 قناة بنت جبيل على واتساب https://whatsapp.com
28745,mehwaralmokawma,2026-08-20,error,fast_path: unmatched or missing condition,rematch,,,Sweeping Operations,صفحة الإعلامي الشهيد علي شعيب: اخر الإعتداءات ● القصف المدفعي: • طلوسة • ميفدون ● التمشيط والرشقات النارية: • المنصوري • حداثا ● قنابل و مواد متفجرة: • المنصوري — قنبلة صوتية • علي الطاهر — مواد متفجر
28747,mehwaralmokawma,2026-09-05,error,fast_path: no materializable village match,skip,no_place_extracted,,,"غارتين تستهدف القنطرة. T.me/mehwaralmokawma ‏ «جـھ,آد𓂆»"
28750,fouadkhreiss,2026-08-20,error,fast_path: unmatched or missing condition,skip,extraction_marked_irrelevant,,,بالفيديو: اشتعال شاحنة على الاوتوستراد بعد حاجز المدفون باتجاه بيروت و الدخان يغطي المنطقة Video
28751,nabatiehchannel,2026-08-26,error,fast_path: exact hash already materialized; no new incident,skip,exact_hash_duplicate,,,🏴قصف مدفعي استهدف وادي زبقين
28755,Janoubana,2026-09-06,error,fast_path: unmatched or missing condition,rematch,,,Flare Bomb,يقوم العدو بإلقاء قنابل مضيئة فوق بلدة القنطرة بالتزامن مع تمشيط بالأسلحة الرشاشة اتجاه المنطقة
28757,almanarnews,2026-09-07,error,fast_path: no materializable village match,skip,extraction_marked_irrelevant,,,صورة | المصوّر في قناة المنار محمد برجاوي يتلقى العلاج بعد إصابته بغارة معادية في النبطية https://almanar.com.lb/article/1159902/?s=tg
28760,Janoubana,2026-08-21,error,fast_path: unmatched or missing condition,rematch,,,Tank Fire,دبابة ميركافا معادية متمركز في بلدة حداثا تستهدف اطراف بلدة تبنين
28761,Janoubana,2026-08-26,error,fast_path: no materializable village match,skip,no_place_extracted,,,قصف مدفعي يستهدف اطراف بلدة حداثا
28763,mehwaralmokawma,2026-08-26,error,fast_path: unmatched or missing condition,rematch,,غارة للعدو الإسرائيلي,غارة للعدو الإسرائيلي,"غارة للعدو الإسرائيلي تستهدف بلدة المنصوري . T.me/mehwaralmokawma ‏ «جـھ,آد𓂆»"
28764,mehwaralmokawma,2026-09-02,error,fast_path: unmatched or missing condition,skip,extraction_marked_irrelevant,,,الطيران الحربي المعادي يحلق في أجواء البقاع الغربي T.me/mehwaralmokawma «صادق»
28765,mehwaralmokawma,2026-08-21,error,fast_path: unmatched or missing condition,skip,no_place_extracted,,,دبابة ميركافا معادية استهدفت وادي المنصوري بقذيفة T.me/mehwaralmokawma «كرار»
28767,AlakhbarNews,2026-09-07,error,fast_path: unmatched or missing condition,rematch,,ارتكب مجزرة,ارتكب مجزرة,العدو يرتكب مجزرة في كفررمان: 11 شهيداً و5 جرحى صعّد العدو الإسرائيلي عدوانه ليلاً على جنوب لبنان، وارتكب مجزرة في كفررمان سقط فيهما 11 شهيداً بينهم طفلان و5 جرحى. #الأخبار #لبنان al-akhbar.com/news/l
28769,manarbreaking,2026-09-03,error,fast_path: unmatched or missing condition,rematch,,,,🔴 عاجل | مراسل المنار: مدفعية الاحتلال أطلقت فجراً 5 قذائف باتجاه مجرى نهر الليطاني – الخردلي مستهدفة المنطقة الواقعة غربي بلدة دير ميماس وشرقي قلعة الشقيف
28770,mehwaralmokawma,2026-08-21,error,fast_path: unmatched or missing condition,rematch,,دبابة ميركافا معادية تستهدف,Tank Fire,دبابة ميركافا معادية تستهدف بلدة المنصوري بقذيفة T.me/mehwaralmokawma «كرار»
28772,bintjbeilnews,2026-08-21,error,fast_path: unmatched or missing condition,rematch,,أجروا غارة جوية,أجروا غارة جوية,🚨الطيران الحربي الإسرائيلي يغير على بلدة برعشيت ────────────── 🚨Israeli warplanes carried out an airstrike on Baraachit. ────────────── 📲 قناة بنت جبيل على واتساب https://whatsapp.com/channel/0029VaG3
28774,bintjbeilnews,2026-09-02,error,fast_path: unmatched or missing condition,rematch,,أغار الطيران المسير الإسرائيلي مستهدفاً,أغار الطيران المسير الإسرائيلي مستهدفاً,🚨الطيران المسيّر الإسرائيلي أغار مستهدفاً النبطية الفوقا ────────────── An israeli drone carried out a strike targeting Nabatieh al Fawqa ────────────── ــــــــــــــ 📲 قناة موقع بنت جبيل على واتساب 
28775,Janoubana,2026-09-05,error,fast_path: unmatched or missing condition,skip,no_place_extracted,,,غارتين من مسيرة النبطية الفوقا
28779,almanarnews,2026-09-02,error,fast_path: exact hash already materialized; no new incident,skip,exact_hash_duplicate,,,🔴 عاجل | مراسل المنار: غارات تستهدف دوحة كفررمان جنوبي لبنان
28782,bintjbeilnews,2026-09-09,error,fast_path: no materializable village match,skip,no_place_extracted,,,"🚨تحرك آليات إسرائيلية في وادي السلوقي بالتزامن مع قذيفة من دبابة استهدفت المنطقة ────────────── Movement of israeli military vehicles in Wadi al-Salouqi, coinciding with a tank shell striking the area"
28783,alichoeib1970,2026-08-27,error,fast_path: unmatched or missing condition,rematch,,,Sweeping Operations,صفحة الإعلامي الشهيد علي شعيب: • محلقة معادية ألقت مواد متفجرة على بلدة المنصوري. • تمشيط معادٍ استهدف بلدة حداثا.
28784,mehwaralmokawma,2026-08-26,error,fast_path: unmatched or missing condition,rematch,,غارة للعدو الإسرائيلي,غارة للعدو الإسرائيلي,"غارة للعدو الإسرائيلي تستهدف بلدة المنصوري . T.me/mehwaralmokawma ‏ «جـھ,آد𓂆»"
28787,Annahar,2026-09-14,error,fast_path: no materializable village match,skip,no_place_extracted,,,الأستاذ أديب إبراهيم عبيد ضحية غارة إسرائيلية استهدفت بلدة برعشيت في جنوب لبنان
28792,Janoubana,2026-08-19,error,fast_path: unmatched or missing condition,skip,no_place_extracted,,,قذيفتان من المدفعية على الخيام
28798,sameralhajali,2026-08-19,error,fast_path: unmatched or missing condition,rematch,,دبابة ميركافا معادية استهدفت مدينة الخيام بقذيفة,دبابة ميركافا معادية استهدفت مدينة الخيام بقذيفة,مجددا دبابة ميركافا معادية استهدفت مدينة الخيام بقذيفة
28804,mehwaralmokawma,2026-08-26,error,fast_path: unmatched or missing condition,rematch,,تحليق للطيران المسير المعادي فوق الجنوب والنبطية,تحليق للطيران المسير المعادي فوق الجنوب والنبطية,تركيز مسير فوق حربتا جنوبي لبنان مع تحليق للطيران المسير المعادي فوق الجنوب والنبطية T.me/mehwaralmokawma «☫نـصـراللّه☫»
28805,sameralhajali,2026-09-07,error,fast_path: exact hash already materialized; no new incident,skip,exact_hash_duplicate,,,توغل الأليات في الجنيجل في بلدة القنطرة بالتزامن مع قصف مدفعي مستمر وعمليات تجريف في البلدة
28806,mehwaralmokawma,2026-08-19,error,fast_path: no materializable village match,skip,no_place_extracted,,,⚠️ الأصوات التي تسمع في جنوب لبنان ناتجة عن قصف مدفعي معادٍ مستمر من العيار الثقيل يستهدف مرتفعات علي الطاهر جنوبي لبنان T.me/mehwaralmokawma
28808,alichoeib1970,2026-08-26,error,fast_path: unmatched or missing condition,rematch,,عمليات تجريف واعتداءات عسكرية,Sweeping Operations,صفحة الإعلامي الشهيد علي شعيب : ● ملخّص اعتداءات اليوم: • القصف المدفعي المعادي: • المنصوري • دوحة كفررمان • علي الطاهر • وادي السلوقي • أطراف ميفدون • بني حيان • محيط الدبشة • ديرسريان • وادي زبقين •
28810,alichoeib1970,2026-08-24,error,fast_path: unmatched or missing condition,rematch,,تفجيرين,تفجيرين,صفحة الإعلامي الشهيد علي شعيب : نفّذ جيش الاحتلال الإسرائيلي تفجيرين في بلدتي حولا واطراف ميس الجبل
28813,NidaaWatan,2026-08-19,error,fast_path: no materializable village match,skip,no_place_extracted,,,🔴 توغل إسرائيلي في أطراف ميس الجبل الغربية وقصف منزل سبب حريقًا #نداء_الوطن
28816,mehwaralmokawma,2026-08-25,error,fast_path: no materializable village match,skip,no_place_extracted,,,🔴قصف مدفعي يستهدف وادي السلوقي لجهة تولين T.me/mehwaralmokawma
28817,nabatiehchannel,2026-08-26,error,fast_path: exact hash already materialized; no new incident,skip,exact_hash_duplicate,,,🏴ملخّص اعتداءات اليوم: القصف المدفعي المعادي: • المنصوري • دوحة كفررمان • علي الطاهر • وادي السلوقي • أطراف ميفدون • بني حيان • محيط الدبشة • ديرسريان • وادي زبقين • النبطية الفوقا • أطراف عيتا الجبل 
28818,nabatiehchannel,2026-09-06,error,fast_path: no materializable village match,rematch,,قصف مدفعي,قصف مدفعي,قصف مدفعي يستهدف حرش بلدة كونين
28819,nabatiehchannel,2026-08-26,error,fast_path: unmatched or missing condition,skip,extraction_marked_irrelevant,,,🟣 غارة محيط دير سريان لمتابعة اخبار النبطية والجنوب بالصور والفيديو عبر قناة الواتس اب الرسمية عبر الرابط https://whatsapp.com/channel/0029VbBHw5gAjPXUcG5LJV0B
28821,alichoeib1970,2026-08-28,error,fast_path: unmatched or missing condition,rematch,,قذيفة معادية طالت,قذيفة معادية طالت,صفحة الإعلامي الشهيد علي شعيب : قذيفة معادية طالت اطراف بلدة برعشيت
28823,lebanondebate,2026-09-05,error,fast_path: no materializable village match,skip,no_place_extracted,,,"مراسل ""ليبانون ديبايت"": الجيش الإسرائيلي توغّل في الأطراف الغربية لبلدة ميس الجبل واستقدم شاحنة محمّلة بالمتفجرات لتفخيخ عدد من المنازل تمهيدًا لنسفها"
28824,alimortada963,2026-08-19,error,fast_path: unmatched or missing condition,skip,no_place_extracted,,,بحسب معلوماتنا: خلال محاولة العـدو التقدم باتجاه إحدى المنشآت الصغيرة في مرتفعات علي الطاهر، تصدت له المقـاومة، فيما استخدمت القوات المعـادية الغاز السام باتجاه المنشأة، ما دفع العناصر إلى الانسحاب من
28828,Janoubana,2026-08-28,error,fast_path: unmatched or missing condition,skip,extraction_marked_irrelevant,,,أنباء عن ارتقاء 3 شهداء وسقوط جرحى بجروح خطيرة بقصف صهيوني في جنين.
28829,mehwaralmokawma,2026-09-06,error,fast_path: no materializable village match,skip,no_place_extracted,,,#لبنان_قناة_المنار مراسل المنار: قوة معادية تسللت ليلاً الى منطقة الوادي في بلدة شبعا وسط قصف مدفعي وتمشيط بالاسلحة الرشاشة واطلاق قنابل مضيئة T.me/mehwaralmokawma «𓂆سيد كـيـان»
28838,Janoubana,2026-08-26,error,fast_path: no materializable village match,rematch,,قصف مدفعي,قصف مدفعي,قصف مدفعي محيط الدبشة - علي الطاهر
28839,Janoubana,2026-08-19,error,fast_path: no materializable village match,skip,no_place_extracted,,,قصف مدفعي يستهدف المنصوري
28840,mehwaralmokawma,2026-08-25,error,fast_path: no materializable village match,skip,no_place_extracted,,,قصف مدفعي يستهدف علي الطاهر T.me/mehwaralmokawma
28843,breakingnews_mt,2026-09-06,error,fast_path: unmatched or missing condition,rematch,,استهداف من الطيران المسيّر,استهداف من الطيران المسيّر,🔴 عاجل | مراسلنا: الطيران المسيّر الاسرا.ئيلي المعادي استهدف أطراف النبطية الفوقا في جنوب لبنان
28844,nabatiehchannel,2026-08-26,error,fast_path: unmatched or missing condition,skip,extraction_marked_irrelevant,,,🚨اندلع حريق في أحد أعمدة الكهرباء في بلدة عدشيت قضاء النبطية ، دون تسجيل أي حدث أمني في البلدة
28845,Janoubana,2026-08-29,error,fast_path: exact hash already materialized; no new incident,skip,exact_hash_duplicate,,,اندلاع حريق في منطقة الكروم الشرقي لبلدة كفرشوبا من جراء التمشيط المعادي ورمي قنابل لانشر
28850,alichoeib1970,2026-09-15,error,fast_path: no materializable village match,skip,no_place_extracted,,,صفحة الإعلامي الشهيد علي شعيب الطيران الحربي المعادي ينفذ غارة جوية على وادي زبقين
28851,ALJADEED_NEWS,2026-08-27,error,fast_path: unmatched or missing condition,rematch,,,Bombs,"مراسل الجديد: غارة استهدفت النبطية الفوقا https://t.co/uYJqfHNSS5 https://x.com/ALJADEEDNEWS/status/2092996933312717023 August 27, 2026 at 05:25PM"
28856,almanarnews,2026-08-27,error,fast_path: unmatched or missing condition,skip,no_conflict_evidence,,,📹 اشتعال النيران بالمبنى المستهدف في النبطية الفوقا https://almanar.com.lb/article/1130352/?s=tg
28859,fouadkhreiss,2026-09-06,error,fast_path: unmatched or missing condition,skip,extraction_marked_irrelevant,,,تحليق طائرة استطلاع مسيّرة كهربائية على علو منخفض فوق أجواء النبطية. Video
28862,alichoeib1970,2026-08-29,error,fast_path: unmatched or missing condition,rematch,,,Sweeping Operations,صفحة الإعلامي الشهيد علي شعيب : • اندلاع حريق في منطقة الكروم الشرقي لبلدة كفرشوبا جراء التمشيط المعادي ورمي قنابل «لانشر». • بالتزامن مع القصف المدفعي، تمشيط بالأسلحة الرشاشة باتجاه بلدة حولا
28864,ALJADEED_NEWS,2026-08-29,error,fast_path: unmatched or missing condition,rematch,,حرائق,حرائق,إسرائيل تضرم النيران بين حداثا وعيتا الجبلافتعل الجيش الإسرائيلي حرائق في المنطقة الواقعة بين بلدتي حداثا وعيتا الجبل في جنوب لبنان، ما أدى إلى اشتعال النيران في مساحات من الأراضي والأحراج في المنطقة.
28867,bintjbeilnews,2026-09-08,error,fast_path: unmatched or missing condition,rematch,,غارتان,غارتان,🚨🚨غارتان على المنصوري
28868,Janoubana,2026-09-06,error,fast_path: no materializable village match,skip,no_place_extracted,,,قوة معادية تسللت ليلاً الى منطقة الوادي في بلدة شبعا وسط قصف مدفعي وتمشيط بالاسلحة الرشاشة واطلاق قنابل مضيئة
28870,mehwaralmokawma,2026-08-29,error,fast_path: unmatched or missing condition,rematch,,دبابة ميركافا معادية تستهدف,Tank Fire,"دبابة ميركافا معادية تستهدف بلدة المنصوري بعدد من القذائف T.me/mehwaralmokawma ‏ «جـھ,آد𓂆»"
28873,hashemsayed,2026-08-30,error,fast_path: unmatched or missing condition,rematch,,استهداف,استهداف,الطيران المسير المعادي استهدف اطراف النبطية الفوقا. https://t.me/hashemsayed
28874,manarbreaking,2026-08-30,error,fast_path: unmatched or missing condition,rematch,,استهدف الطيران المسير المعادي اطراف,استهدف الطيران المسير المعادي اطراف,🔴 عاجل | الطيران المسير المعادي استهدف اطراف النبطية
28881,nabatiehchannel,2026-08-26,error,fast_path: unmatched or missing condition,skip,extraction_marked_irrelevant,,,🟣 غارة استهدفت المنصوري لمتابعة اخبار النبطية والجنوب بالصور والفيديو عبر قناة الواتس اب الرسمية عبر الرابط https://whatsapp.com/channel/0029VbBHw5gAjPXUcG5LJV0B
28882,mehwaralmokawma,2026-08-31,error,fast_path: unmatched or missing condition,skip,extraction_marked_irrelevant,,,🇸🇾 وسائل إعلام سورية: قوات الاحتـ.ـلال الإسـ.ـرائيلي المتمركزة في ثكنة الجزيرة تستهدف بالرشاشات الثقيلة الأحياء السكنية في قرية معرية بريف درعا. T.me/mehwaralmokawma «مـيّـثـمـ𓂆»
28883,Janoubana,2026-08-26,error,fast_path: unmatched or missing condition,rematch,,غارتين تستهدف القنطرة,غارتين تستهدف القنطرة,غارتين تستهدف القنطرة لجهة ديرسريان
28884,nabatiehchannel,2026-09-01,error,fast_path: unmatched or missing condition,skip,extraction_marked_irrelevant,,,"🏴""التحكم المروري"": احتراق مركبة على أوتوستراد جونيه باتجاه بيروت والأضرار مادية ودراج من مفرزة سير جونيه يعمل على تسهيل السير في المحلة"
28887,alichoeib1970,2026-09-02,error,fast_path: unmatched or missing condition,rematch,,اغارة الطيران المسير المعادي,اغارة الطيران المسير المعادي,صفحة الإعلامي الشهيد علي شعيب : اغار الطيران المسير المعادي مستهدفا النبطية الفوقا
28891,ALJADEED_NEWS,2026-08-27,error,fast_path: unmatched or missing condition,rematch,,غارة تستهدف حي الدير,غارة تستهدف حي الدير,"مراسل الجديد: غارة تستهدف حي الدير في النبطية الفوقا https://x.com/ALJADEEDNEWS/status/2093037429850583276 August 27, 2026 at 08:06PM"
28892,alichoeib1970,2026-08-27,error,fast_path: exact hash already materialized; no new incident,skip,exact_hash_duplicate,,,صفحة الإعلامي الشهيد علي شعيب : • قنبلة صوتية جديدة استهدفت بلدة المنصوري، بالتزامن مع استمرار القصف المدفعي المعادي على البلدة
28893,bintjbeilnews,2026-09-02,error,fast_path: unmatched or missing condition,rematch,,الطيران المسيّر الإسرائيلي أغار مستهدفاً,الطيران المسيّر الإسرائيلي أغار مستهدفاً,🚨الطيران المسيّر الإسرائيلي أغار مستهدفاً النبطية الفوقا ────────────── An israeli drone carried out a strike targeting Nabatieh al Fawqa ────────────── ــــــــــــــ 📲 قناة موقع بنت جبيل على واتساب 
28898,nabatiehchannel,2026-08-20,error,fast_path: no materializable village match,rematch,,قصف مدفعي,قصف مدفعي,🔴 قصف مدفعي يستهدف الدبشة - النبطية لمتابعة اخبار النبطية والجنوب بالصور والفيديو عبر قناة الواتس اب الرسمية عبر الرابط https://whatsapp.com/channel/0029VbBHw5gAjPXUcG5LJV0B
28905,NNALeb,2026-08-19,error,fast_path: unmatched or missing condition,skip,extraction_marked_irrelevant,,,تحليق مسير معاد فوق بيروت على علو منخفض nna-leb.gov.lb/ar/news/short… Link تحليق مسير معاد فوق بيروت على علو منخفض وطنية - يسجل تحليق مسير معاد فوق بيروت على علو منخفض. ============ nna-leb.gov.lb
28906,Janoubana,2026-08-26,error,fast_path: unmatched or missing condition,skip,no_place_extracted,,,غارة استهدفت المنصوري
28910,mehwaralmokawma,2026-08-26,error,fast_path: unmatched or missing condition,rematch,,,Bombs,🔴ايضاً غارة في محيط ميفدون- زوطر
28914,nabatiehchannel,2026-08-26,error,fast_path: unmatched or missing condition,skip,extraction_marked_irrelevant,,,🟣 غارة بين زوطر الشرقية و ميفدون لمتابعة اخبار النبطية والجنوب بالصور والفيديو عبر قناة الواتس اب الرسمية عبر الرابط https://whatsapp.com/channel/0029VbBHw5gAjPXUcG5LJV0B
28916,mehwaralmokawma,2026-08-19,error,fast_path: no materializable village match,skip,no_place_extracted,,,قصف مدفعي صهيوني يستهدف مشاع المنصوري T.me/mehwaralmokawma ‏ «شُمران𓂆»
28930,alakhbar_news,2026-09-08,error,fast_path: unmatched or missing condition,rematch,,غارة,غارة,«الوكالة الوطنية»: العدو الإسرائيلي استهدف بغارتين بلدة النبطية الفوقا
28935,sameralhajali,2026-08-26,error,fast_path: unmatched or missing condition,rematch,,غارة,غارة,غارة استهدفت المنطقة الواقعة بين بلدتي زوطر الشرقيّة
28937,alakhbar_news,2026-09-06,error,fast_path: unmatched or missing condition,rematch,,استهداف مبنى في عربصاليم مما أسفر عن استشهاد شهيدين,استهداف مبنى في عربصاليم مما أسفر عن استشهاد شهيدين,إليكم أبرز عناوين التغطية حتى الساعة ١٢ ظهراً بتوقيت العاصمة بيروت: 🖋 العدو يجدد عدوانه على الجنوب... وشهيدان في عربصاليم جدد جيش الاحتلال صباح اليوم عدوانه على الجنوب، مستهدفاً مبنى من ثلاث طوابق في 
28940,sameralhajali,2026-08-26,error,fast_path: unmatched or missing condition,rematch,,غارة استهدفت,غارة استهدفت,غارة استهدفت بلدة المنصوري
28944,ALJADEED_NEWS,2026-08-25,error,fast_path: unmatched or missing condition,rematch,,غارة تستهدف,غارة تستهدف,"مراسل الجديد: غارة تستهدف بلدة المنصوري في قضاء صور https://x.com/ALJADEEDNEWS/status/2092243959837778428 August 25, 2026 at 03:33PM"
28945,Janoubana,2026-08-25,error,fast_path: unmatched or missing condition,skip,extraction_marked_irrelevant,,,النيران تتمدد في حقول القمح بسهل مرجعيون بفعل الرياح بعد قصف مدفعي إسرائيلي استهدف المنطقة تحت تلة حمامص
28951,Janoubana,2026-08-20,error,fast_path: unmatched or missing condition,skip,extraction_marked_irrelevant,,,تحليق مقاتلات حربية إسرائيلية باتجاه النبطية الفوقا ميفدون كفرتبنيت علي الطاهر
28953,manarbreaking,2026-08-26,error,fast_path: unmatched or missing condition,rematch,,غارة إسرائيلية,غارة إسرائيلية,🔴 عاجل | غارة إسرائيلية استهدفت بلدة دير سريان لجهة بلدة القنطرة في جنوب لبنان
28958,AlakhbarNews,2026-08-20,error,fast_path: unmatched or missing condition,skip,extraction_marked_irrelevant,,,كتلة «الوفاء للمقاومة»: السلطة توغل في أدائها التفريطي الاستسلامي التنازلي متقاعسة عن القيام بأبسط واجباتها السياسية والسيادية والدبلوماسية ما يشجع العدو على التمادي في مجازره وارتكابه جرائم الإبادة ا
28960,Janoubana,2026-08-21,error,fast_path: unmatched or missing condition,skip,extraction_marked_irrelevant,,,تحليق مسيّر في أجواء قرى قـضاء النبطية
28966,ALJADEED_NEWS,2026-08-20,error,fast_path: unmatched or missing condition,rematch,,,Bombs,مراسل #الجديد: غارات استهدفت مرتفع علي الطاهر ومحيط الدبشة عند الاطراف الشمالية للنبطية الفوقا ودوحة كفررمان https://t.co/NUIpLGkuAc https://twitter.com/ALJADEEDNEWS/status/2090308897588281846 August 
28967,Janoubana,2026-09-06,error,fast_path: exact hash already materialized; no new incident,skip,exact_hash_duplicate,,,غارتين المنصوري
28969,mehwaralmokawma,2026-08-25,error,fast_path: unmatched or missing condition,skip,extraction_marked_irrelevant,,,"تحليق مسير معادي بدون صوت فوق الضاحية الجنوبية لبيروت . T.me/mehwaralmokawma ‏ «جـھ,آد𓂆»"
28970,nabatiehchannel,2026-08-26,error,fast_path: unmatched or missing condition,skip,no_place_extracted,,,🏴غارة المنصوري منذ بعض الوقت
28976,AlMayadeenNews,2026-08-21,error,fast_path: unmatched or missing condition,skip,extraction_marked_irrelevant,,,"استشهاد المناضل #فتحي_خازم ""أبو رعد""، والد الشهيدين رعد وعبد الرحمن، برصاص ""جيش"" الاحتلال خلال اقتحام منزله في #جنين شمالي #الضفة_الغربية . mdn.tv/9L3A Link استشهاد المناضل فتحي خازم برصاص الاحتلال في"
28977,mehwaralmokawma,2026-08-21,error,fast_path: unmatched or missing condition,skip,extraction_marked_irrelevant,,,📰 قالوا للشيعة: عودوا إلى الدولة... ففتحنا دفاتر 106 أعوام: أين كانت الدولة حين كنا نبحث عنها؟ 🌟خاص قناة شهابا رصدا ⚠️هناك رواية لبنانية يجري تكرارها اليوم حتى تكاد تتحول إلى حقيقة لا تحتاج إلى دليل: 
28981,nabatiehchannel,2026-09-06,error,fast_path: no materializable village match,skip,no_place_extracted,,,🚨 ق.و.ة إسرائيلية تسللت ليلاً الى منطقة الوادي في بلدة شبعا وسط قصف مدفعي وتمشيط وإطلاق قنابل مضيئة.
28982,almanarnews,2026-08-26,error,fast_path: unmatched or missing condition,rematch,,غارة إسرائيلية,غارة إسرائيلية,بالصورة | غارة إسرائيلية استهدفت المنطقة الواقعة بين بلدتي بلدة زوطر الشرقية و ميفدون في جنوب لبنان
28983,nabatiehchannel,2026-08-21,error,fast_path: no materializable village match,skip,no_place_extracted,,,🏴قصف مدفعي يستهدف وادي السلوقي
28987,nabatiehchannel,2026-09-01,error,fast_path: exact hash already materialized; no new incident,skip,exact_hash_duplicate,,,🚨قصف مدفعي عنيف ومستمر على تلة علي الطاهر
28990,alichoeib1970,2026-08-21,error,fast_path: unmatched or missing condition,rematch,,تفجيرا,تفجيرا,صفحة الإعلامي الشهيد علي شعيب: نفذ العدو الاسرائيلي تفجيرا عند أطراف بلدة زوطر الشرقية
28996,nabatiehchannel,2026-08-27,error,fast_path: exact hash already materialized; no new incident,skip,exact_hash_duplicate,,,ملخّص اعتداءات اليوم: الغارات الحربية المعادية: • أطراف علي الطاهر – النبطية الفوقا • دوحة كفررمان • المنصوري • أطراف القنطرة – دير سريان • بين ميفدون وزوطر الشرقية • عرب صاليم • برعشيت • وادي السلوقي
28997,mehwaralmokawma,2026-09-02,error,fast_path: unmatched or missing condition,skip,extraction_marked_irrelevant,,,"الباحث والكاتب في العلاقات الدولية د. محمد حسن سويدان: منذ فترة أقرأ في الدراسات الإسرائيلية المنشورة حول موضوع حروب الوعي. ويمكن القول أن النتائج الأولية تُشير إلى أن اهتمام ""اسرائيل"" في مأسسة العمل "
29002,mehwaralmokawma,2026-09-02,error,fast_path: unmatched or missing condition,rematch,,,Bombs,"غارة من جديد تستهدف النبطية الفوقا. T.me/mehwaralmokawma ‏ «جـھ,آد𓂆»"
29006,almanarnews,2026-08-26,error,fast_path: unmatched or missing condition,rematch,,غارة إسرائيلية,غارة إسرائيلية,بالصورة | غارة إسرائيلية استهدفت بلدة المنصوري في جنوب لبنان
29008,Annahar,2026-08-21,error,fast_path: unmatched or missing condition,rematch,,غارة إسرائيلية,غارة إسرائيلية,غارة إسرائيلية تستهدف محيط بلدة القنطرة في قضاء مرجعيون جنوب لبنان Video
29009,ALJADEED_NEWS,2026-08-21,error,fast_path: unmatched or missing condition,skip,no_place_extracted,,,"مراسل الجديد: غارة استهدفت محيط علي الطاهر https://twitter.com/ALJADEEDNEWS/status/2090886881839808632 August 21, 2026 at 09:40PM"
29011,Lebanon24,2026-09-06,error,fast_path: no materializable village match,skip,no_place_extracted,,,"""لبنان 24"": قوّة إسرائيليّة تسللت ليلاً إلى منطقة الوادي في شبعا بالتزامن مع تمشيط بالأسلحة الرشاشة وقصف مدفعيّ وإطلاق قنابل مضيئة"
29018,sameralhajali,2026-08-21,error,fast_path: unmatched or missing condition,rematch,,غارة استهدفت,غارة استهدفت,غارة استهدفت مرتفعات علي الطاهر
29021,Janoubana,2026-08-20,error,fast_path: unmatched or missing condition,skip,extraction_marked_irrelevant,,,وسائل إعلام إسرائيلية: خلال عملية السيطرة على بلدة رشاف، اضطر الجيش الإسرائيلي إلى تغيير خططه بعد مواجهة العديد من العبوات الناسفة والصواريخ المضادة للدروع وقذائف الهاون.
29024,bintjbeilnews,2026-09-05,error,fast_path: unmatched or missing condition,rematch,,غارتان,غارتان,🚨غارتان على النبطية الفوقا Two airstrikes on Nabatieh El Faouqa
29026,mehwaralmokawma,2026-08-21,error,fast_path: unmatched or missing condition,skip,extraction_marked_irrelevant,,,غارة جديدة تستهدف علي الطاهر T.me/mehwaralmokawma ‏ «محمد𓂆»
29029,bintjbeilnews,2026-08-19,error,fast_path: unmatched or missing condition,rematch,,غارة,غارة,🚨غارة تستهدف بلدة المنصوري ــــــــــــــ 🚨An airstrike targets the town of Al-Mansouri ــــــــــــــ 📲 قناة بنت جبيل على واتساب https://whatsapp.com/channel/0029VaG3H3R8fewmfDqRKX0Q
29030,Janoubana,2026-09-05,error,fast_path: no materializable village match,skip,no_place_extracted,,,غارة وادي السلوقي
29031,alimortada963,2026-08-21,error,fast_path: unmatched or missing condition,skip,no_place_extracted,,,غارة جديدة على مرتفعات علي الطاهر
29032,alimortada963,2026-08-21,error,fast_path: unmatched or missing condition,rematch,,غارة,غارة,مجدداً، غارة على دوحة كفررمان
29033,lebanondebate,2026-09-13,error,fast_path: unmatched or missing condition,rematch,,غارتان إسرائيليتان,غارتان إسرائيليتان,"مراسل ""ليبانون ديبايت"": غارتان إسرائيليتان استهدفتا بلدة النبطية الفوقا"
29034,mehwaralmokawma,2026-09-03,error,fast_path: unmatched or missing condition,rematch,,قوة إسرائيلية توغلت داخل البلدة وحاصرت عدداً من المنازل,قوة إسرائيلية توغلت داخل البلدة وحاصرت عدداً من المنازل,أفادت معلومات ميدانية بأن قوة إسرائيلية توغلت داخل بلدة حلتا _(حاصبيا) وحاصرت عدداً من المنازل، بعد إجراء اتصال من الجانب الإسرائيلي مع عضو بلدية حلتا حاتم عبد العال والمختار عيسى عبد العال. وبحسب الم
29036,nabatiehchannel,2026-08-21,error,fast_path: unmatched or missing condition,rematch,,غارة,غارة,🔴 غارة جديدة على دوحة كفررمان ولا زال الحربب في الأجواء لمتابعة اخبار النبطية والجنوب بالصور والفيديو عبر قناة الواتس اب الرسمية عبر الرابط https://whatsapp.com/channel/0029VbBHw5gAjPXUcG5LJV0B
29040,mehwaralmokawma,2026-08-21,error,fast_path: unmatched or missing condition,rematch,,دبابة ميركافا معادية تستهدف اطراف بلدة,Tank Fire,"دبابة ميركافا معادية متمركز في بلدة حداثا تستهدف اطراف بلدة تبنين T.me/mehwaralmokawma ‏ «جـھ,آد𓂆»"
29044,alichoeib1970,2026-08-21,error,fast_path: unmatched or missing condition,skip,no_place_extracted,,,صفحة الإعلامي الشهيد علي شعيب: نفذ العدو الاسرائيلي تفجيرا في مشاع المنصوري
29048,sameralhajali,2026-08-21,error,fast_path: unmatched or missing condition,rematch,,,Tank Fire,دبابة ميركافا معادية متمركز في بلدة حداثا تستهدف اطراف بلدة تبنين
29049,almanarnews,2026-08-27,error,fast_path: unmatched or missing condition,skip,extraction_marked_irrelevant,,,بالصور | توغّل دبابات وآليات إسرائيلية عند أطراف كفرشوبا https://almanar.com.lb/article/1128657/?s=tg
29050,Janoubana,2026-09-14,error,fast_path: no materializable village match,skip,no_place_extracted,,,غارة مسيرة الجرمق
29051,mehwaralmokawma,2026-08-21,error,fast_path: exact hash already materialized; no new incident,skip,exact_hash_duplicate,,,صفحة الإعلامي الشهيد علي شعيب: ملخص الإعتداءات من منتصف الليل حتى الساعة: أغار الطيران الحربي المعادي مستهدفا اطراف بلدة القنطرة و حرش علي الطاهر و محيط منطقة الدبشة عند أطراف الدوحة. قصف مدفعي معادي 
29053,mehwaralmokawma,2026-08-21,error,fast_path: unmatched or missing condition,skip,no_place_extracted,,,دبابة ميركافا معادية استهدفت وادي المنصوري بقذيفة T.me/mehwaralmokawma «كرار»
29054,mehwaralmokawma,2026-08-27,error,fast_path: no materializable village match,skip,no_place_extracted,,,"بالصور | توغّل دبابات وآليات إسرائيلية عند أطراف كفرشوبا. T.me/mehwaralmokawma ‏ «جـھ,آد𓂆»"
29056,Janoubana,2026-08-27,error,fast_path: exact hash already materialized; no new incident,skip,exact_hash_duplicate,,,قصفٌ مدفعيٌّ معادٍ يستهدف بلدة المنصوري، بالتزامن مع تنفيذ آليات العدو عملية تجريف في بلدة المنصوري - بيوت السيّاد.
29059,mehwaralmokawma,2026-08-27,error,fast_path: no materializable village match,skip,no_place_extracted,,,"قصف مدفعي يستهدف اطراف زوطر الشرقية. T.me/mehwaralmokawma ‏ «جـھ,آد𓂆»"
29064,mehwaralmokawma,2026-08-21,error,fast_path: unmatched or missing condition,rematch,,دبابة ميركافا معادية تستهدف,Tank Fire,دبابة ميركافا معادية تستهدف بلدة المنصوري بقذيفة T.me/mehwaralmokawma «كرار»
29070,sameralhajali,2026-08-21,error,fast_path: no materializable village match,skip,no_place_extracted,,,ملخص الاعتداءات اليوم: أغار الطيران الحربي المعادي مستهدفاً: • القنطرة • منطقة الدبشة • برعشيت • منطقة علي الطاهر • أطراف دير سريان قصف مدفعي معادٍ استهدف: • دوحة كفررمان • أطراف ميفدون • وادي السلوقي
29072,nabatiehchannel,2026-08-21,error,fast_path: no materializable village match,skip,no_place_extracted,,,🏴ملخص الاعتداءات اليوم: أغار الطيران الحربي المعادي مستهدفاً: • القنطرة • منطقة الدبشة • برعشيت • منطقة علي الطاهر • أطراف دير سريان قصف مدفعي معادٍ استهدف: • دوحة كفررمان • أطراف ميفدون • وادي السلوق
29074,Janoubana,2026-08-22,error,fast_path: no materializable village match,skip,no_place_extracted,,,غارة من مسيرة على وادي صربين
29077,Janoubana,2026-08-27,error,fast_path: no materializable village match,rematch,,قصف مدفعي,قصف مدفعي,قصف مدفعي يستهدف وادي الحجير لجهة بلدة الغندورية
29080,mehwaralmokawma,2026-08-22,error,fast_path: no materializable village match,skip,no_place_extracted,,,قصف مدفعي صهيوني متواصل يستهدف مرتفعات علي الطاهر T.me/mehwaralmokawma ‏ «شُمران𓂆»
29081,mehwaralmokawma,2026-08-25,error,fast_path: unmatched or missing condition,rematch,,غارة جوية,غارة جوية,"من جديد الطيران الحربي المعادي ينفذ غارة جوية على بلدة المنصوري. T.me/mehwaralmokawma ‏ «جـھ,آد𓂆»"
29082,nabatiehchannel,2026-08-19,error,fast_path: unmatched or missing condition,skip,extraction_marked_irrelevant,,,🔴 غارة تستهدف محيط ديرسريان القنطرة لمتابعة اخبار النبطية والجنوب بالصور والفيديو عبر قناة الواتس اب الرسمية عبر الرابط https://whatsapp.com/channel/0029VbBHw5gAjPXUcG5LJV0B
29086,Janoubana,2026-08-21,error,fast_path: no materializable village match,skip,no_place_extracted,,,قصف مدفعي ثقيل على مرتفعات علي الطاهر
29088,sameralhajali,2026-08-22,error,fast_path: unmatched or missing condition,rematch,,مستهدفا,مستهدفا,أغار الطيران الحربي مستهدفا مرتفعات علي الطاهر منذ بعض الوقت
29094,ALJADEED_NEWS,2026-08-22,error,fast_path: unmatched or missing condition,rematch,,غارة جوية,غارة جوية,"غارة إسرائيلية على مرتفعات علي الطاهرأفاد مراسل ""الجديد"" بأن الطيران الحربي الإسرائيلي شنّ مساءً غارة جوية استهدفت مرتفعات علي الطاهر، لجهة الدبشة، عند أطراف بلدة النبطية الفوقا.#الجديد #أخبار_الجديد "
29098,alakhbar_news,2026-08-22,error,fast_path: unmatched or missing condition,skip,extraction_marked_irrelevant,,,🔴إليكم أبرز عناوين التغطية حتى الساعة ٤ عصراً بتوقيت العاصمة بيروت: 🔗 جيش العدو ينفذ تفجيرات واسعة في جنوب لبنان ▪️واصل جيش العدو الإسرائيلي، اليوم، اعتداءاته على مناطق جنوب لبنان منذ ساعات الليل وحتى
29101,bintjbeilnews,2026-08-27,error,fast_path: no materializable village match,rematch,,قصف مدفعي إسرائيلي,قصف مدفعي إسرائيلي,قصف مدفعي إسرائيلي استهدف منطقة وادي الحجير لجهة بلدة الغندورية ــــــــــــــ Israeli artillery shelling targeted the Wadi al-Hujeir area toward the town of Ghandourieh ــــــــــــــ 📲 قناة بنت جبيل
29105,nabatiehchannel,2026-08-22,error,fast_path: unmatched or missing condition,rematch,,غارة,غارة,♦️| مجددا غارة على صربين
29106,Janoubana,2026-08-25,error,fast_path: exact hash already materialized; no new incident,skip,exact_hash_duplicate,,,ملخّص اعتداءات اليوم: • القصف المدفعي المعادي: • المنصوري • بني حيان • صربين • القنطرة • الخيام • بيت ليف • طيرحرفا – مجدلزون • وادي زبقين • وادي السلوقي • برعشيت – بيت ياحون • علي الطاهر الغارات الحر
29107,mehwaralmokawma,2026-08-22,error,fast_path: no materializable village match,skip,no_place_extracted,,,قصف مدفعي يستهدف وادي السلوقي T.me/mehwaralmokawma «كُمَيْل»
29108,sameralhajali,2026-09-06,error,fast_path: no materializable village match,skip,extraction_marked_irrelevant,,,المدينة الصناعية - كفررمان حي الراهبات - النبطية التحتا حي الدير - النبطية الفوقا حي الرويس - النبطية التحتا غارة مسيرة قرب دار المعلمين - النبطية الفوقا
29109,sameralhajali,2026-08-19,error,fast_path: unmatched or missing condition,rematch,,اغارة,اغارة,"الطيران الحربي المعادي اغار على المنطقة الواقعة بين ""الدبشة"" و""دوحة كفررمان"""
29112,manarbreaking,2026-09-06,error,fast_path: no materializable village match,skip,no_place_extracted,,,🔴 عاجل | مراسل المنار: قوة معادية تسللت ليلاً الى منطقة الوادي في بلدة شبعا وسط قصف مدفعي وتمشيط بالاسلحة الرشاشة واطلاق قنابل مضيئة
29114,mehwaralmokawma,2026-08-20,error,fast_path: unmatched or missing condition,skip,extraction_marked_irrelevant,,,مراسل شِهَاَباً رَّصَدَاً في بعلبك: تحليق للطيران المسير المعادي فوق غربي بعلبك. T.me/mehwaralmokawma «صادق»
29127,MTVLebanonNews,2026-09-06,error,fast_path: no materializable village match,rematch,,قصف مدفعي,قصف مدفعي,قصف مدفعي إسرائيلي على دوحة كفررمان
29139,alichoeib1970,2026-08-22,error,fast_path: unmatched or missing condition,skip,extraction_marked_irrelevant,,,صفحة الإعلامي الشهيد علي شعيب: قصف مدفعي معادٍ يستهدف علي الطاهر
29141,Janoubana,2026-09-04,error,fast_path: unmatched or missing condition,skip,extraction_marked_irrelevant,,,حريق في مدينة النبطية - حي البياض ولا يوجد اي حدث امني
29143,Annahar,2026-09-06,error,fast_path: unmatched or missing condition,rematch,,,,قصف مدفعي إسرائيلي على بني حيان جنوبي لبنان
29144,Janoubana,2026-09-07,error,fast_path: unmatched or missing condition,rematch,,تحليق درون معادية,تحليق درون معادية,تحليق درون معادية فوق أجواء بلدة مجدل سلم
29148,Janoubana,2026-08-19,error,fast_path: exact hash already materialized; no new incident,skip,exact_hash_duplicate,,,قصف مدفعي يستهدف دوحة كفررمان
29161,Janoubana,2026-09-05,error,fast_path: no materializable village match,skip,no_place_extracted,,,غارة القنطرة
29167,Lebanon24,2026-09-06,error,fast_path: unmatched or missing condition,rematch,,غارتان,غارتان,غارتان على كفررمان #lebanon24
29171,alichoeib1970,2026-09-01,error,fast_path: unmatched or missing condition,skip,extraction_marked_irrelevant,,,صفحة الإعلامي الشهيد علي شعيب : اغار الطيران الحربي المعادي مستهدفا القنطرة
29173,nabatiehchannel,2026-08-25,error,fast_path: unmatched or missing condition,skip,extraction_marked_irrelevant,,,غارتين على المنصوري لمتابعة اخبار النبطية والجنوب بالصور والفيديو عبر قناة الواتس اب الرسمية عبر الرابط https://whatsapp.com/channel/0029VbBHw5gAjPXUcG5LJV0B
29174,sameralhajali,2026-08-27,error,fast_path: unmatched or missing condition,skip,extraction_marked_irrelevant,,,اندلاع حريق في المنطقة بين كونين وعيناثا جراء اطلاق العدو لقذيفة مدقعية صباحا باتجاه المكان.
29193,bintjbeilnews,2026-08-27,error,fast_path: unmatched or missing condition,rematch,,غارة,غارة,غارة تستهدف محيط النبطية الفوقا ────────────── An airstrike targets the outskirts of Nabatieh al-Fawqa. ────────────── 📲 قناة بنت جبيل على واتساب https://whatsapp.com/channel/0029VaG3H3R8fewmfDqRKX0Q🚨
29195,mehwaralmokawma,2026-09-02,error,fast_path: no materializable village match,skip,no_place_extracted,,,قصف مدفعي يستهدف اطراف علي الطاهر
29197,MTVLebanonNews,2026-09-06,error,fast_path: unmatched or missing condition,skip,extraction_marked_irrelevant,,,جعجع: أقول لسكان البقاع يسعون الى إخافتكم من اجتياح سوري عبر الحدود الشرقية ليبرّروا الحفاظ على سلاحهم فهذا ليس وارداً في قاموس الدولة الجديدة في سوريا وإذا دعا الواجب لن نتأخر لحظة واحدة للدفاع عن ال
29198,alichoeib1970,2026-09-07,error,fast_path: unmatched or missing condition,rematch,,تفجيران نفذهما جيش العدو,تفجيران نفذهما جيش العدو,صفحة الإعلامي الشهيد علي شعيب : تفجيران نفذهما جيش العدو في بلدتي حولا والمنصوري
29201,Janoubana,2026-08-27,error,fast_path: no materializable village match,skip,no_place_extracted,,,توغلت قوات الاحتلال الإسرائيلي، ترافقها دبابات وجرافات عسكرية، في الأطراف الغربية لمدينة ميس الجبل، منطقة الدبش، بالتزامن مع قصف مدفعي استهدف عددًا من المنازل في المنطقة، إضافةً إلى إقدامها على حرق من
29209,sameralhajali,2026-09-01,error,fast_path: unmatched or missing condition,rematch,,استهداف منطقتي,استهداف منطقتي,الطيران الحربي المعادي استهدف منطقتي علي الطاهر والدبشة في جنوب لبنان ..
29217,mehwaralmokawma,2026-08-22,error,fast_path: unmatched or missing condition,skip,no_place_extracted,,,غارة صهيونية تستهدف مرتفعات علي الطاهر T.me/mehwaralmokawma ‏ «شُمران𓂆»
29222,ALJADEED_NEWS,2026-09-02,error,fast_path: unmatched or missing condition,rematch,,غارة استهدفت,غارة استهدفت,"مراسل الجديد: غارة استهدفت اطراف النبطية الفوقا https://x.com/ALJADEEDNEWS/status/2095207418477084962 September 2, 2026 at 07:49PM"
29232,nabatiehchannel,2026-09-01,error,fast_path: unmatched or missing condition,rematch,,,Sweeping Operations,🏴 ملخص الإعتداءات اليوم غارات حربية : • الدبشة • أطراف النبطية الفوقا • القنطرة • علي الطاهر •أطراف زوطر الشرقية •المنصوري غارات مسيّرة: • شقة سكنية في النبطية الفوقا القصف المدفعي: • المنصوري • حولا 
29236,NidaaWatan,2026-09-13,error,fast_path: no materializable village match,rematch,,قصف مدفعي وإطلاق تفجير,قصف مدفعي وإطلاق تفجير,"🔴 ""الوكالة الوطنية"": تتعرّض بلدة حداثا لقصف مدفعي إسرائيلي، فيما ينفّذ الجيش الإسرائيلي تفجيرًا ضخمًا في بلدة الطيري بقضاء بنت جبيل #نداء_الوطن"
29239,Janoubana,2026-09-01,error,fast_path: unmatched or missing condition,rematch,,,Sweeping Operations,ملخص الإعتداءات اليوم غارات حربية : • الدبشة • أطراف النبطية الفوقا • القنطرة • علي الطاهر •أطراف زوطر الشرقية •المنصوري غارات مسيّرة: • شقة سكنية في النبطية الفوقا القصف المدفعي: • المنصوري • حولا • 
29242,AlakhbarNews,2026-08-19,error,fast_path: exact hash already materialized; no new incident,skip,exact_hash_duplicate,,,«الوكالة الوطنية»: غارة إسرائيلية على المنصوري وقصف مدفعي استهدف صربين
29243,almanarnews,2026-09-07,error,fast_path: no materializable village match,skip,extraction_marked_irrelevant,,,صورة مراسل قناة المنار علي شبيب خلال تلقيه العلاج بعد اصابته بالامس هو والمصور محمد برجاوي جراء غارة للطيران المسير المعادي على مدينة النبطية جنوبي لبنان
29246,Janoubana,2026-08-28,error,Server disconnected without sending a response.,reextract,,,,تحليق للطيران المسير فوق الضاحية الجنوبية لبيروت
29248,nabatiehchannel,2026-09-02,error,fast_path: unmatched or missing condition,rematch,,غارة استهدفت,غارة استهدفت,🏴عند الساعة 8:20 مساء ً غارة استهدفت بلدة القنطرة
29251,Janoubana,2026-09-02,error,fast_path: unmatched or missing condition,rematch,,غارة استهدفت,غارة استهدفت,عند الساعة ٨:٢٠ مساء ً غارة استهدفت بلدة القنطرة
29257,ALJADEED_NEWS,2026-09-02,error,fast_path: unmatched or missing condition,rematch,,غارة على مرتفع علي الطاهر,غارة على مرتفع علي الطاهر,"مراسل الجديد: غارة على مرتفع علي الطاهر عند اطراف النبطية الفوقا https://x.com/ALJADEEDNEWS/status/2095204265732002152 September 2, 2026 at 07:36PM"
29260,alichoeib1970,2026-08-27,error,fast_path: no materializable village match,skip,no_place_extracted,,,صفحة الإعلامي الشهيد علي شعيب : • تحرّك لقوات الاحتلال الإسرائيلي، ترافقها دبابات وجرافات عسكرية، في الأطراف الغربية لميس الجبل، وتحديدًا في منطقة الدبش، بالتزامن مع قصف مدفعي طاول عددًا من المنازل في
29261,sameralhajali,2026-09-02,error,fast_path: unmatched or missing condition,rematch,,غارة استهدفت,غارة استهدفت,عند الساعة ٨:٢٠ مساء ً غارة استهدفت بلدة القنطرة
29262,mehwaralmokawma,2026-09-02,error,fast_path: unmatched or missing condition,rematch,,غارة استهدفت,غارة استهدفت,"عند الساعة ٨:٢٠ مساء ً غارة استهدفت بلدة القنطرة. T.me/mehwaralmokawma ‏ «جـھ,آد𓂆»"
29265,bintjbeilnews,2026-09-02,error,fast_path: unmatched or missing condition,rematch,,الغارة الجوية,الغارة الجوية,🚨 الغارة الأخيرة على أطراف النبطية الفوقا ــــــــــــــ 🚨 The latest airstrike on the outskirts of Nabatieh al-Fawqa ــــــــــــــ 📲 قناة بنت جبيل على واتساب https://whatsapp.com/channel/0029VaG3H3R
29266,mehwaralmokawma,2026-08-19,error,fast_path: unmatched or missing condition,rematch,,دبابة ميركافا معادية استهدفت,دبابة ميركافا معادية استهدفت,دبابة ميركافا معادية استهدفت مدينة الخيام بقذيفة T.me/mehwaralmokawma «ذو 𓂆 الفِقَـار»
29268,sameralhajali,2026-08-19,error,fast_path: unmatched or missing condition,rematch,,دبابة ميركافا معادية استهدفت مدينة الخيام بقذيفة,دبابة ميركافا معادية استهدفت مدينة الخيام بقذيفة,مجددا دبابة ميركافا معادية استهدفت مدينة الخيام بقذيفة
29270,nabatiehchannel,2026-09-02,error,fast_path: no materializable village match,skip,no_place_extracted,,,قصف مدفعي يستهدف اطراف علي الطاهر
29272,mehwaralmokawma,2026-08-27,error,fast_path: no materializable village match,skip,no_place_extracted,,,غارات صهيونية على علي الطاهر T.me/mehwaralmokawma «☫نـصـراللّه☫»
29274,bintjbeilnews,2026-09-02,error,fast_path: no materializable village match,skip,no_place_extracted,,,قصف مدفعي يستهدف دوحة كفررمان ــــــــــــــ Artillery shelling targets Dawhat Kfar Roummane 📲 قناة بنت جبيل على واتساب https://whatsapp.com/channel/0029VaG3H3R8fewmfDqRKX0Q
29275,nabatiehchannel,2026-08-27,error,fast_path: unmatched or missing condition,rematch,,,Bombs,غارة من مسيرة استهدفت النبطية الفوقا
29276,manarbreaking,2026-08-20,error,fast_path: unmatched or missing condition,rematch,,,,🔴 عاجل | مراسل المنار: قصف مدفعي يستهدف اطراف بلدة المنصوري وتفجير نفذه جيش الاحتلال في بلدة حداثا
29277,nabatiehchannel,2026-09-02,error,fast_path: no materializable village match,skip,no_place_extracted,,,🟣 قصف مدفعي متواصل باتجاه دوحة كفررمان لمتابعة اخبار النبطية والجنوب بالصور والفيديو عبر قناة الواتس اب الرسمية عبر الرابط https://whatsapp.com/channel/0029VbBHw5gAjPXUcG5LJV0B
29281,bintjbeilnews,2026-08-27,error,fast_path: unmatched or missing condition,rematch,,,Bombs,🚨🚨🚨غارة مسيرة طالت النبطية الفوقا
29282,sameralhajali,2026-09-02,error,fast_path: unmatched or missing condition,rematch,,,Sweeping Operations,ملخص الإعتداءات الإسرائيلية على الأراضي اللبنانية بتاريخ ٢/٩/٢٠٢٦: الغارات التي نفذها الطيران الحربي المعادي: محيط علي الطاهر النبطية الفوقا عربصاليم المنصوري حاريص القنطرة القصف المدفعي و الفوسفوري: 
29283,Lebanon24,2026-08-17,error,fast_path: unmatched or missing condition,skip,extraction_marked_irrelevant,,,حريق قبل نفق حامات.. وتحذير للسائقين (فيديو) lebanon24.com/news/articles/… via @Lebanon24 Link حريق قبل نفق حامات.. وتحذير للسائقين (فيديو) حريق قبل نفق حامات.. وتحذير للسائقين (فيديو) lebanon24.com
29284,nabatiehchannel,2026-09-02,error,fast_path: unmatched or missing condition,skip,extraction_marked_irrelevant,,,🟣 غارتين على علي الطاهر لمتابعة اخبار النبطية والجنوب بالصور والفيديو عبر قناة الواتس اب الرسمية عبر الرابط https://whatsapp.com/channel/0029VbBHw5gAjPXUcG5LJV0B
29285,mehwaralmokawma,2026-09-02,error,fast_path: no materializable village match,skip,no_place_extracted,,,عدة غارات للعدو الصهيوني استهدفت تلال علي الطاهر في قضاء النبطية جنوبي لبنان الصامد T.me/mehwaralmokawma «𓂆سيد كـيـان»
29288,alichoeib1970,2026-09-02,error,fast_path: unmatched or missing condition,rematch,,تفجيرات ضخمة,تفجيرات ضخمة,صفحة الإعلامي الشهيد علي شعيب: نفذ العدو الاسرائيلي ٣ تفجيرات ضخمة في بلدة كفرتبنيت
29289,Janoubana,2026-09-02,error,fast_path: no materializable village match,skip,no_place_extracted,,,قصف مدفعي متواصل من مربض العدو في مركبا باتجاه علي الطاهر
29290,sameralhajali,2026-09-03,error,fast_path: unmatched or missing condition,skip,extraction_marked_irrelevant,,,صحيفة يديعوت أحرونوت العبرية: - تشير مصادر أمنية إلى أن حزب الله يواصل جمع المعلومات الاستخباراتية عن مقاتلي الجيش الإسرائيلي، ودراسة أساليب عملهم، ورسم خرائط لمواقعهم، وتحديد أساليب عملياتهم، استعداد
29293,Janoubana,2026-09-03,error,fast_path: unmatched or missing condition,rematch,,قوة إسرائيلية دخلت حلتا-حاصبيا وحاصرت عددًا من المنازل في محاولة لتوقيف أحد الأشخاص بعد اتصال الجيش الإسرائيلي به,قوة إسرائيلية دخلت حلتا-حاصبيا وحاصرت عددًا من المنازل في محاولة لتوقيف أحد الأشخاص بعد اتصال الجيش الإسرائيلي به,قوة إسرائيلية دخلت حلتا-حاصبيا وحاصرت عددًا من المنازل في محاولة لتوقيف أحد الأشخاص بعد اتصال الجيش الإسرائيلي به تزامنا مع قصف مدفعي استهدف مرتفعات البلدة
29297,mehwaralmokawma,2026-09-03,error,fast_path: no materializable village match,skip,no_place_extracted,,,"يقوم العـدو بإطلاق قذائف هاون باتجاه مرتفعات حلتا T.me/mehwaralmokawma ‏ «جـھ,آد𓂆»"
29298,mehwaralmokawma,2026-09-02,error,fast_path: unmatched or missing condition,rematch,,غارة جديدة تستهدف,غارة جديدة تستهدف,"غارة جديدة تستهدف النبطية الفوقا T.me/mehwaralmokawma ‏ «جـھ,آد𓂆»"
29300,bintjbeilnews,2026-09-03,error,fast_path: unmatched or missing condition,rematch,,,,المدفعية الإسرائيلية أطلقت فجراً 5 قذائف باتجاه مجرى نهر الليطاني – الخردلي، مستهدفة المنطقة الواقعة غربي بلدة دير ميماس وشرقي قلعة الشقيف ــــــــــــــ Israeli artillery fired five shells at dawn to
29303,sameralhajali,2026-09-03,error,fast_path: unmatched or missing condition,rematch,,Tank Fire,Tank Fire,دبابة ميركافا تتمركز في البياضة تقوم باستهداف بلدة المنصوري بقذيفة ، بالتزامن مع ذلك قيام ملحقات معادية بنقل غالونات مفخخة بإتجاه البلدة ، بالإضافة إلى توغل دبابة ميركافا وجرافة معادية نوع d9 بالتوغل 
29306,ALJADEED_NEWS,2026-09-15,error,fast_path: unmatched or missing condition,skip,extraction_marked_irrelevant,,,"تحليق للطيران المسيّر في أجواء بيروت والضاحية الجنوبية https://x.com/ALJADEEDNEWS/status/2099765044376428984 September 15, 2026 at 09:39AM"
29308,Janoubana,2026-09-03,error,fast_path: unmatched or missing condition,rematch,,Tank Fire,Tank Fire,دبابة ميركافا تتمركز في البياضة تقوم باستهداف بلدة المنصوري بقذيفة ، بالتزامن مع ذلك قيام ملحقات معادية بنقل غالونات مفخخة بإتجاه البلدة ، بالإضافة إلى توغل دبابة ميركافا وجرافة معادية نوع d9 بالتوغل 
29313,bintjbeilnews,2026-09-02,error,fast_path: unmatched or missing condition,rematch,,غارة جوية تستهدف,غارة جوية تستهدف,🚨 غارة جديدة تستهدف النبطية الفوقا ــــــــــــــ 🚨 A new airstrike targets Nabatieh al-Fawqa ــــــــــــــ 📲 قناة بنت جبيل على واتساب https://whatsapp.com/channel/0029VaG3H3R8fewmfDqRKX0Q
29316,mehwaralmokawma,2026-09-02,error,fast_path: no materializable village match,skip,no_place_extracted,,,"قصف مدفعي عنيف يستهدف وادي زبقين. T.me/mehwaralmokawma ‏ «جـھ,آد𓂆»"
29317,Annahar,2026-09-05,error,fast_path: no materializable village match,skip,extraction_marked_irrelevant,,,اللقطات مصوّرة من بعيد، وتظهر قصفاً عنيفاً يستهدف تلالاً. التفاصيل 👇👇👇👇 #FactCheck annahar.com/factcheck/344365… Link فيديو لقصف علي الطاهر قبل إعلان إسرائيل سقوطها؟ هذا الفيديو لقصف مرتفعات علي الطاه
29318,Janoubana,2026-09-03,error,fast_path: unmatched or missing condition,rematch,,دورية معادية دخلت البلدة وعملت على ضرب طوق في المنطقة وطلبت من الأهالي التزام منازلهم وعدم التحرك وقامت بتفتيش منازل وأحتجزت عضو بلدية,دورية معادية دخلت البلدة وعملت على ضرب طوق في المنطقة وطلبت من الأهالي التزام منازلهم وعدم التحرك وقامت بتفتيش منازل وأحتجزت عضو بلدية,عند الساعة 6:30 قامت دورية معادية بالدخول الى بلدة حلتا كفرشوبا قضاء حاصبيا وعملت على ضرب طوق في المنطقة وطلبت من الأهالي التزام منازلهم وعدم التحرك و قامت بتفتيش منازل وقامت باحتجاز عضو بلدية كفرشوبا
29328,bintjbeilnews,2026-08-27,error,fast_path: unmatched or missing condition,rematch,,,Bombs,🚨غارة تستهدف بلدة النبطية الفوقا
29332,mehwaralmokawma,2026-08-20,error,fast_path: unmatched or missing condition,skip,no_place_extracted,,,تحليق للطيران المسيّر المعادي في أجواء مدينة صور والجوار T.me/mehwaralmokawma «ذو 𓂆 الفِقَـار»
29334,mehwaralmokawma,2026-08-27,error,fast_path: unmatched or missing condition,rematch,,غارة للعدو الصهيوني,غارة للعدو الصهيوني,غارة للعدو الصهيوني تستهدف بلدة النبطية الفوقا في قضاء النبطية جنوبي لبنان الصامد T.me/mehwaralmokawma «𓂆سيد كـيـان»
29335,sameralhajali,2026-09-02,error,fast_path: unmatched or missing condition,rematch,,اغارة,اغارة,الطيران الحربي المعادي اغار على محيط منطقة علي الطاهر
29343,nabatiehchannel,2026-09-02,error,fast_path: unmatched or missing condition,rematch,,,Bombs,🏴غارة من جديد على النبطية الفوقا
29353,almayadeen,2026-08-27,error,fast_path: unmatched or missing condition,rematch,,عتداء إسرائيلي بغارة,عتداء إسرائيلي بغارة,لبنان: مراسل الميادين في الجنوب: اعتداء إسرائيلي بغارة تستهدف بلدة النبطية الفوقا
29357,Lebanon24,2026-09-07,error,fast_path: no materializable village match,skip,extraction_marked_irrelevant,,,"""لبنان 24"": لا صحة لاستهداف بلدة تبنين بغارة إسرائيلية #lebanon24 lebanon24.com"
29361,mehwaralmokawma,2026-08-22,error,fast_path: unmatched or missing condition,rematch,,غارة للعدو الاسرائيلي,غارة للعدو الاسرائيلي,"غارة للعدو الاسرائيلي تستهدف بلدة المنصوري . T.me/mehwaralmokawma ‏ «جـھ,آد𓂆»"
29362,sameralhajali,2026-08-19,error,fast_path: no materializable village match,skip,no_place_extracted,,,قصف مدفعي يستهدف مرتفعات علي الطاهر
29363,almanarnews,2026-08-27,error,fast_path: unmatched or missing condition,rematch,,,Bombs,غارة معادية على بلدة النبطية الفوقا
29367,nabatiehchannel,2026-09-02,error,fast_path: unmatched or missing condition,rematch,,غارة تستهدف,غارة تستهدف,غارة تستهدف اطراف النبطية الفوقا جهة علي الطاهر
29369,bintjbeilnews,2026-08-19,error,fast_path: unmatched or missing condition,skip,no_place_extracted,,,🚨🚨 غارة مجدداً على تلال علي الطاهر
29371,alimortada963,2026-09-02,error,fast_path: unmatched or missing condition,rematch,,,Bombs,غارة من جديد على النبطية الفوقا
29383,sameralhajali,2026-09-07,error,fast_path: unmatched or missing condition,rematch,,غارتان,غارتان,غارتان استهدفتا بلدة النبطية الفوقا
29388,sameralhajali,2026-09-02,error,fast_path: unmatched or missing condition,rematch,,استهداف,استهداف,الطيران الحربي المعادي استهدف اطراف بلدة النبطية الفوقا
29398,almanarnews,2026-09-02,error,fast_path: unmatched or missing condition,rematch,,غارة إسرائيلية,غارة إسرائيلية,🔴 عاجل | مراسل المنار: غارة اسرائيلية تستهدف حرش علي الطاهر في جنوب لبنان
29401,sameralhajali,2026-09-09,error,fast_path: unmatched or missing condition,rematch,,قذيفة من دبابة,قذيفة من دبابة,تحرك آليات العدو في وادي السلوقي بالتزامن مع قذيفة من دبابة استهدفت المنطقة
29402,mehwaralmokawma,2026-08-27,error,fast_path: unmatched or missing condition,rematch,,غارة معادية,غارة معادية,✈️غارة معادية استهدفت مرة اخرة وادي السلوقي ،وأخرى حي الدير في بلدة النبطية الفوقا في جبل عامل T.me/mehwaralmokawma «مـيّـثـمـ𓂆»
29405,manarbreaking,2026-09-07,error,fast_path: no materializable village match,skip,no_place_extracted,,,🔴 عاجل | وزارة الصحة: 8 شهداء بينهم طفل وسيدتان و11 جريحا بينهم 4 أطفال وسيدتان ومسعف في غارة العدو الاسرائيلي على منزل في بلدة كفررمان
29408,nabatiehchannel,2026-08-27,error,fast_path: unmatched or missing condition,rematch,,,Bombs,🏴ملخص الإعتداءات: غارتين عربصاليم غارة بين النبطية و النبطية الفوقا غارتين مسيرة النبطية الفوقا غارة مسيرة بين النبطية و كفررمان(المدينة الصناعية) غارة مسيرة دوحة كفررمان
29415,Annahar,2026-09-05,error,fast_path: unmatched or missing condition,rematch,,,,غارتان إسرائيليتان على بلدة النبطية الفوقا، وغارتان أخريان على دوحة كفررمان في قضاء النبطية، وسط تحليق مستمر للطيران الحربي الإسرائيلي على علو منخفض فوق مناطق جنوب لبنان.
29420,Janoubana,2026-09-05,error,fast_path: unmatched or missing condition,skip,extraction_marked_irrelevant,,,حريق في وادي القيسية بين بلدتي الصوانة و خربة سلم
29421,nabatiehchannel,2026-09-02,error,fast_path: no materializable village match,skip,no_place_extracted,,,🚨من جديد قصف مدفعي يستهدف اطراف علي الطاهر لمتابعة اخبار النبطية والجنوب بالصور والفيديو عبر قناة الواتس اب الرسمية عبر الرابط https://whatsapp.com/channel/0029VbBHw5gAjPXUcG5LJV0B
29425,alichoeib1970,2026-09-07,error,fast_path: unmatched or missing condition,skip,extraction_marked_irrelevant,,,صفحةالإعلامي الشهيد علي شعيب توغّل آليات العدو في بلدة القنطرة، بالتزامن مع قصف مدفعي معادٍ وعمليات تجريف.
29428,nabatiehchannel,2026-09-15,error,fast_path: unmatched or missing condition,rematch,,غارتين,غارتين,🟣 غارتين بين زوطر وميفدون لمتابعة اخبار النبطية والجنوب بالصور والفيديو عبر قناة الواتس اب الرسمية عبر الرابط https://whatsapp.com/channel/0029VbBHw5gAjPXUcG5LJV0B
29429,bintjbeilnews,2026-08-27,error,fast_path: unmatched or missing condition,rematch,,,Bombs,🚨حصيلة الغارت الإسرائيلية جنوباً: -غارتان من الطيران الحربي على عربصاليم -غارة من الطيران الحربي على النبطية الفوقا -غارتان من مسيرة على النبطية الفوقا -غارة من مسيرة على بين النبطية و كفررمان(المدينة
29431,Annahar,2026-09-05,error,fast_path: unmatched or missing condition,rematch,,,,تحليق للطيران المسيّر الإسرائيلي على علو منخفض فوق بلدات كفررمان وميفدون والنبطية الفوقا وكفرتبنيت وحبوش وعلي الطاهر بقضاء النبطية
29434,alimortada963,2026-09-05,error,fast_path: unmatched or missing condition,rematch,,غارتان,غارتان,غارتان على أطراف حرش علي الطاهر/النبطية الفوقا
29445,sameralhajali,2026-08-22,error,fast_path: unmatched or missing condition,rematch,,غارة استهدفت,غارة استهدفت,غارة استهدفت بلدة المنصوري
29447,mehwaralmokawma,2026-08-19,error,fast_path: unmatched or missing condition,rematch,,,,🚨🚨 قصف مدفعي لا يتوقف يستهدف 🔴علي الطاهر 🔴الدبشة 🔴دوحة كفررمان T.me/mehwaralmokawma
29455,mehwaralmokawma,2026-08-22,error,fast_path: unmatched or missing condition,rematch,,ينفذ غارة جوية,ينفذ غارة جوية,"الطيران الحربي المعادي ينفذ غارة جوية على بلدة صربين. T.me/mehwaralmokawma ‏ «جـھ,آد𓂆»"
29457,nabatiehchannel,2026-08-22,error,fast_path: unmatched or missing condition,rematch,,,Bombs,*🚨🚨ملخص الغارات و التفجيرات التي طالت الجنوب في الساعة الاخيرة*: 🔸غارة حربي المنصوري (٢) 🔸غارة حربي صربين (١) 🔸تفجير الطيبة 🔸تفجير القنطرة 🔸مدفعي المنصوري
29459,manarbreaking,2026-08-22,error,fast_path: unmatched or missing condition,rematch,,تفجيرات,تفجيرات,🔴 عاجل | مراسل المنار: الطيران الاسرائيلي يغير على بلدتي المنصوري وصربين وينفذ تفجيرين في بلدتي الطيبة والقنطرة جنوبي لبنان
29460,alakhbar_news,2026-09-13,error,fast_path: no materializable village match,rematch,,قصف مدفعي,قصف مدفعي,«الوكالة الوطنية»: بلدة حداثا تعرضت لقصف مدفعي من العدو الإسرائيلي الذي نفذ أيضاً تفجيراً ضخماً في بلدة الطيري
29466,nabatiehchannel,2026-08-22,error,fast_path: unmatched or missing condition,rematch,,غارتين تستهدف,غارتين تستهدف,🟣 غارتين تستهدف بلدة المنصوري لمتابعة اخبار النبطية والجنوب بالصور والفيديو عبر قناة الواتس اب الرسمية عبر الرابط https://whatsapp.com/channel/0029VbBHw5gAjPXUcG5LJV0B*
29467,nabatiehchannel,2026-08-22,error,fast_path: unmatched or missing condition,skip,extraction_marked_irrelevant,,,غارة محيط علي الطاهر لمتابعة اخبار النبطية والجنوب بالصور والفيديو عبر قناة الواتس اب الرسمية عبر الرابط https://whatsapp.com/channel/0029VbBHw5gAjPXUcG5LJV0B
29468,lebanondebate,2026-09-05,error,fast_path: no materializable village match,skip,extraction_marked_irrelevant,,,غارة تحوّل منزل نائب سابق إلى ركام… كنز ثقافي يختفي في الجنوب! (صور) lbdb.co/875906
29469,Lebanon24,2026-09-13,error,fast_path: no materializable village match,skip,no_place_extracted,,,قصف مدفعي إسرائيليّ يستهدف بلدة حداثا
29471,almanarnews,2026-08-22,error,fast_path: unmatched or missing condition,rematch,,غارة اسرائيلية,غارة اسرائيلية,بالصورة | غارة اسرائيلية على بلدة المنصوري جنوبي لبنان https://almanar.com.lb/article/1116667/?s=tg
29477,Janoubana,2026-08-22,error,fast_path: no materializable village match,skip,no_place_extracted,,,قصف مدفعي ثقيل يستهدف محيط تلة علي الطاهر
29478,mehwaralmokawma,2026-08-22,error,fast_path: no materializable village match,skip,no_place_extracted,,,قصف مدفعي يستهدف مرتفعات علي الطاهر T.me/mehwaralmokawma «كرار»
29485,Janoubana,2026-08-17,error,fast_path: exact hash already materialized; no new incident,skip,has_live_incident,,,احتراق حفارة في دوحة كفررمان
29488,alichoeib1970,2026-08-22,error,fast_path: unmatched or missing condition,rematch,,,,صفحة الإعلامي الشهيد علي شعيب : اخر الإعتداءات • نفّذ العدو تفجيراً في بلدة حداثا. • نفّذ العدو تفجيراً في أطراف بلدة الطيبة. • قصف مدفعي معادٍ استهدف بلدة المنصوري. • قصف مدفعي معادٍ استهدف دوحة كفرر
29489,mehwaralmokawma,2026-08-22,error,fast_path: unmatched or missing condition,skip,extraction_marked_irrelevant,,,صفحة الإعلامي الشهيد علي شعيب : ● ملخّص اعتداءات العدو خلال اليوم الغارات الحربية: • وادي صربين • المنصوري • أطراف صربين • علي الطاهر • دوحة كفررمان • أطراف دير سريان القصف المدفعي: • علي الطاهر • محي
29490,sameralhajali,2026-08-22,error,fast_path: unmatched or missing condition,rematch,,غارة,غارة,غارة تستهدف مرتفعات علي الطاهر
29491,mehwaralmokawma,2026-08-20,error,fast_path: unmatched or missing condition,rematch,,,,تحليق للطيران المسيّر المعادي في أجواء بلدتي مجدل سلم والجميجمة T.me/mehwaralmokawma «ذو 𓂆 الفِقَـار»
29495,nabatiehchannel,2026-08-27,error,fast_path: unmatched or missing condition,skip,no_place_extracted,,,🏴جيش العدو يعلن عن انتهاء موجة الغارات(انتهاء الرد): ردًا على إطلاق طائرات مسيرة متفجرة باتجاه جنود الجيش الإسرائيلي في المنطقة الحدودية: قام الجيش الإسرائيلي بضرب بنية تحتية تابعة لحزب الله في منطقة 
29498,bintjbeilnews,2026-08-22,error,fast_path: unmatched or missing condition,rematch,,غارة,غارة,🚨 غارة تستهدف دوحة كفررمان
29499,Janoubana,2026-08-22,error,fast_path: unmatched or missing condition,rematch,,,Bombs,غارة رابعة بين الدبشة و علي الطاهر
29503,sameralhajali,2026-08-22,error,fast_path: unmatched or missing condition,rematch,,,Bombs,غارة استهدفت المنطقة الواقعة بين علي الطاهر والدبشة
29506,mehwaralmokawma,2026-08-22,error,fast_path: unmatched or missing condition,rematch,,غارة استهدفت المنطقة,غارة استهدفت المنطقة,غارة استهدفت المنطقة الواقعة بين علي الطاهر والدبشة T.me/mehwaralmokawma ‏ «شُمران𓂆»
29509,ALJADEEDNEWS,2026-08-20,error,fast_path: unmatched or missing condition,rematch,,تحليق للطيران المسيّر,تحليق للطيران المسيّر,مراسل #الجديد : تحليق للطيران المسيّر في أجواء مدينة بعلبك
29510,sameralhajali,2026-08-22,error,fast_path: exact hash already materialized; no new incident,skip,exact_hash_duplicate,,,قصف مدفعي يستهدف مرتفعات علي الطاهر
29512,almodononline,2026-08-19,error,fast_path: exact hash already materialized; no new incident,skip,has_live_incident,,,#عاجل | الوكالة الوطنية للاعلام: الجيش الإسرائيلي أقدم على تفجير منزل في بلدة #الخيام - قضاء #مرجعيون 📌دبابة ميركافا استهدفت بلدة الخيام بـ 4 قذائف
29514,Janoubana,2026-08-22,error,fast_path: unmatched or missing condition,rematch,,تحرك دبابة لجيش العدو واستهدفت بلدة,تحرك دبابة لجيش العدو واستهدفت بلدة,تحرك دبابة لجيش العدو في بلدة البياضة واستهدفت بلدة المنصوري بقذيفة مدفعية
29515,nabatiehchannel,2026-08-22,error,fast_path: unmatched or missing condition,skip,extraction_marked_irrelevant,,,غارة عنيفة جدا دوحة كفررمان لمتابعة اخبار النبطية والجنوب بالصور والفيديو عبر قناة الواتس اب الرسمية عبر الرابط https://whatsapp.com/channel/0029VbBHw5gAjPXUcG5LJV0B
29516,mehwaralmokawma,2026-08-27,error,fast_path: unmatched or missing condition,rematch,,غارة عدوانية,غارة عدوانية,شهيدة و6 جرحى من بينهم طفلة في عربصاليم صدر عن مركز عمليات طوارئ الصحة التابع لوزارة الصحة العامة بيان أعلن أن الحصيلة النهائية لغارة العدو الإسرائيلي على بلدة عربصاليم قضاء النبطية أدت إلى شهيدة و6 ج
29517,Annahar,2026-09-13,error,fast_path: no materializable village match,skip,no_place_extracted,,,قصف مدفعي إسرائيلي على مرتفعات علي الطاهر جنوبي لبنان Video
29518,nabatiehchannel,2026-08-22,error,fast_path: unmatched or missing condition,skip,extraction_marked_irrelevant,,,غارة دوحة كفررمان لمتابعة اخبار النبطية والجنوب بالصور والفيديو عبر قناة الواتس اب الرسمية عبر الرابط https://whatsapp.com/channel/0029VbBHw5gAjPXUcG5LJV0B
29519,sameralhajali,2026-08-22,error,fast_path: no materializable village match,skip,no_place_extracted,,,قصف مدفعي فسفوري مستمر على مرتفعات علي الطاهر
29520,Janoubana,2026-08-22,error,fast_path: unmatched or missing condition,skip,no_place_extracted,,,غارة على مرتفعات علي الطاهر
29521,mehwaralmokawma,2026-08-22,error,fast_path: unmatched or missing condition,rematch,,غارة تستهدف,غارة تستهدف,غارة تستهدف دوحة كفررمان لجهة الدبشة T.me/mehwaralmokawma ‏ «شُمران𓂆»
29522,nabatiehchannel,2026-08-22,error,fast_path: unmatched or missing condition,rematch,,غارة تستهدف,غارة تستهدف,🏴مجددا غارة تستهدف حرش علي الطاهر
29523,NNALeb,2026-08-19,error,fast_path: exact hash already materialized; no new incident,skip,has_live_incident,,,"توغل إسرائيلي في أطراف ميس الجبل الغربية وقصف منزل سبب حريقاً nna-leb.gov.lb/ar/news/short… Link توغل إسرائيلي في أطراف ميس الجبل الغربية وقصف منزل سبب حريقاً وطنية - افادت مندوبة ""الوكالة الوطنية للا"
29525,mehwaralmokawma,2026-08-22,error,fast_path: no materializable village match,skip,no_place_extracted,,,قصف مدفعي صهيوني متواصل يستهدف مرتفعات علي الطاهر T.me/mehwaralmokawma ‏ «شُمران𓂆»
29529,mehwaralmokawma,2026-08-22,error,fast_path: unmatched or missing condition,skip,no_place_extracted,,,غارة صهيونية جديدة تستهدف حرش علي الطاهر T.me/mehwaralmokawma ‏ «شُمران𓂆»
29533,sameralhajali,2026-08-22,error,fast_path: no materializable village match,skip,no_place_extracted,,,قصف مدفعي مستمر على مرتفعات علي الطاهر
29536,ALJADEED_NEWS,2026-08-23,error,fast_path: unmatched or missing condition,rematch,,اسرائيل تحاول الدخول الى 'علي الطاهر' ويتم التصدي لها,اسرائيل تحاول الدخول الى 'علي الطاهر' ويتم التصدي لها,"#محمد_عبيد لـ #الجديد: اسرائيل تحاول الدخول الى ""علي الطاهر"" ويتم التصدي لها وعندما يقع قتلى وجرحى في صفوف الجيش الاسرائيلي ""يستشرس"" على الجنوب https://twitter.com/ALJADEEDNEWS/status/2091449268447957"
29539,mehwaralmokawma,2026-08-22,error,fast_path: no materializable village match,skip,no_place_extracted,,,قصف مدفعي مستمر على مرتفعات علي الطاهر T.me/mehwaralmokawma ‏ «شُمران𓂆»
29540,nabatiehchannel,2026-08-27,error,fast_path: unmatched or missing condition,rematch,,غارة عدوانية أدت إلى شهيد وجرحى,غارة عدوانية أدت إلى شهيد وجرحى,شهيدة و6 جرحى من بينهم طفلة في عربصاليم صدر عن مركز عمليات طوارئ الصحة التابع لوزارة الصحة العامة بيان أعلن أن الحصيلة النهائية لغارة العدو الإسرائيلي على بلدة عربصاليم قضاء النبطية أدت إلى شهيدة و6 ج
29541,manarbreaking,2026-08-23,error,fast_path: no materializable village match,skip,no_place_extracted,,,🔴 عاجل | قصف مدفعي كثيف ومستمر يستهدف مرتفع علي الطاهر جنوب لبنان
29544,Janoubana,2026-08-20,error,fast_path: unmatched or missing condition,skip,extraction_marked_irrelevant,,,بيان كتلة الوفاء للمقاومة 20-08-2026: عقدت كتلة الوفاء للمقاومة جلستها الدورية بتاريخ 20/8/2026 حول عدد من الأمور السياسية والنيابية وشؤون تتصل بلبنان وفلسطين والمنطقة وتم إصدار البيان التالي: يمر أرب
29546,mehwaralmokawma,2026-08-23,error,fast_path: no materializable village match,skip,no_place_extracted,,,قصف مدفعي صهيوني متواصل حتى الآن يستهدف مرتفعات علي الطاهر T.me/mehwaralmokawma ‏ «شُمران𓂆»
29548,alichoeib1970,2026-08-23,error,fast_path: exact hash already materialized; no new incident,skip,exact_hash_duplicate,,,صفحة الإعلامي الشهيد علي شعيب : • درون معادية ألقت مواد حارقة بين الحنية والقليلة • دبابة ميركافا معادية استهدفت بلدة المنصوري بقذيفة. • محلقة معادية ألقت قنبلة صوتية على جرافة في بلدة ياطر
29549,Janoubana,2026-09-07,error,fast_path: no materializable village match,skip,no_place_extracted,,,توغل الأليات في القنطرة (منطقة الجنيجل) يتزامن مع قصف مدفعي وعمليات تجريف
29552,bintjbeilnews,2026-08-23,error,fast_path: unmatched or missing condition,rematch,,الغارة على محيط منطقة,الغارة على محيط منطقة,🚨الغارة على محيط منطقة الدبشة - دوحة كفررمان ────────────── The airstrike targeted the vicinity of the Al-Dabsha area - Douwha Kfar Rumman. ────────────── 📲 قناة بنت جبيل على واتساب https://whatsapp.c
29553,nabatiehchannel,2026-08-20,error,fast_path: unmatched or missing condition,skip,extraction_marked_irrelevant,,,استقدمت قوات الاحتلا..ل شاحنات محمّلة بالمواد المتفجرة إلى الأطراف الغربية لميس الجبل، تمهيدًا لتفخيخ عدد من المنازل، بالتزامن مع إلقاء قنابل دخانية لتغطية عملية التوغّل والتحرّك داخل المنطقة لمتابعة 
29556,nabatiehchannel,2026-08-23,error,fast_path: unmatched or missing condition,skip,extraction_marked_irrelevant,,,🏴حريق كبير في بلدة شحور قضاء صور، والنيران تقترب من المنازل
29559,bintjbeilnews,2026-08-23,error,fast_path: unmatched or missing condition,skip,extraction_marked_irrelevant,,,"حريق كبير في بلدة شحور قضاء صور، والنيران تقترب من المنازل ــــــــــــــ A large fire has broken out in the town of Shhour, Tyre district, with the flames approaching homes ــــــــــــــ 📲 قناة بنت "
29562,lebanondebate,2026-09-06,error,fast_path: no materializable village match,rematch,,يقصف بقذيفة مدفعية,يقصف بقذيفة مدفعية,التلفزيون السوري: الجيش الإسرائيلي يقصف بقذيفة مدفعية محيط قرية الصمدانية الشرقية في ريف القنيطرة الأوسط
29566,alichoeib1970,2026-08-24,error,fast_path: unmatched or missing condition,rematch,,تفجيراً,تفجيراً,صفحة الإعلامي الشهيد علي شعيب: نفذ العدو تفجيراً في بلدة الطيبة لجهة دير سريان
29573,sameralhajali,2026-08-23,error,fast_path: exact hash already materialized; no new incident,skip,exact_hash_duplicate,,,قصف مدفعي يستهدف دوحة كفررمان
29574,sameralhajali,2026-08-23,error,fast_path: unmatched or missing condition,rematch,,غارة تستهدف,غارة تستهدف,غارة تستهدف دوحة كفررمان لجهة الدبشة
29577,mehwaralmokawma,2026-08-24,error,fast_path: unmatched or missing condition,rematch,,,,صفحة الإعلامي الشهيد علي شعيب : • محلقة معادية ألقت قنبلة صوتية باتجاه بلدة المنصوري. • قصف مدفعي استهدف بلدة حولا ووادي السلوقي. • أعمال تجريف تنفذها قوات الاحتلال في بلدة حولا T.me/mehwaralmokawma ‏
29578,lebanondebate,2026-09-09,error,fast_path: no materializable village match,skip,no_place_extracted,,,"""الوكالة الوطنية"": قصف مدفعي إسرائيلي يستهدف وادي زبقين"
29579,mehwaralmokawma,2026-08-27,error,fast_path: unmatched or missing condition,skip,extraction_marked_irrelevant,,,كشفت مصادر معنية عن نقاش يجري بعيداً عن الإعلام حول أوضاع العسكريين اللبنانيين الموجودين في المنطقة الحدودية المحتلة. فبعد اندلاع الحرب في 2 آذار الماضي وبدء توغّل قوات الاحتلال في المناطق الحدودية ال
29582,manarbreaking,2026-08-24,error,fast_path: no materializable village match,skip,no_place_extracted,,,🔴 عاجل | مراسل المنار: تحرك لقوات الاحتلال باتجاه منطقة دوبيه عند الاطراف الغربية لميس الجبل ترافق مع قصف مدفعي وتمشيط بالاسلحة الرشاشة
29583,mehwaralmokawma,2026-08-24,error,fast_path: unmatched or missing condition,skip,no_place_extracted,,,الطيران الحربي المعادي اغار مستهدفا المنصوري بغارتين T.me/mehwaralmokawma «رضــ𓂆ــوان»
29585,alimortada963,2026-08-24,error,fast_path: unmatched or missing condition,rematch,,,,غارتان من الطيران الحربي بين ميس الجبل وحولا
29589,ALJADEED_NEWS,2026-09-13,error,fast_path: unmatched or missing condition,skip,extraction_marked_irrelevant,,,"في الشوف وكسروان.. حرائق حرجية والدفاع المدني يتحرك⬇️https://t.co/OqAYyomzVR https://x.com/ALJADEEDNEWS/status/2099120422088253882 September 13, 2026 at 02:58PM"
29592,nabatiehchannel,2026-08-24,error,fast_path: no materializable village match,skip,extraction_marked_irrelevant,,,🟣 غارة ب صاروخين تستهدف المنصوري لمتابعة اخبار النبطية والجنوب بالصور والفيديو عبر قناة الواتس اب الرسمية عبر الرابط https://whatsapp.com/channel/0029VbBHw5gAjPXUcG5LJV0B
29594,bintjbeilnews,2026-08-24,error,fast_path: unmatched or missing condition,skip,extraction_marked_irrelevant,,,🚨📹أهالي حاريص يوثّقون تحليق درون صغيرة بين المنازل صباحًا ────────────── 🚨📹Residents of Hariss document a small drone flying between homes in the morning. ────────────── 📲 قناة بنت جبيل على واتساب htt
29598,sameralhajali,2026-08-24,error,fast_path: unmatched or missing condition,rematch,,غارتان استهدفتا,غارتان استهدفتا,غارتان استهدفتا بلدة المنصوري
29600,ALJADEED_NEWS,2026-08-24,error,fast_path: unmatched or missing condition,rematch,,غارتان,غارتان,مراسل الجديد: غارتان استهدفتا بلدتي المنصوري وبيوت السياد في قضاء صور https://t.co/juekIEdZ4M https://x.com/ALJADEEDNEWS/status/2091895889396678944 2026-08-24T14:30:20Z
29603,nabatiehchannel,2026-08-20,error,fast_path: no materializable village match,skip,no_place_extracted,,,🔴 قصف مدفعي محيط علي الطاهر لمتابعة اخبار النبطية والجنوب بالصور والفيديو عبر قناة الواتس اب الرسمية عبر الرابط https://whatsapp.com/channel/0029VbBHw5gAjPXUcG5LJV0B
29606,almanarnews,2026-08-24,error,fast_path: unmatched or missing condition,rematch,,غارتان اسرائيليتان,غارتان اسرائيليتان,🔴 عاجل | مراسل المنار: غارتان اسرائيليتان تستهدفان بلدة المنصوري في جنوب لبنان
29611,sameralhajali,2026-08-20,error,fast_path: unmatched or missing condition,rematch,,تحرك معادية لقوات الاحتلال الاسرائيلي,Sweeping Operations,تحرك معادية لقوات الاحتلال الاسرائيلي عند الاطراف الغربية لمدينة ميس الجبل في منطقة دوبيه، ترافق مع قصف مدفعي استهدف عدداً من المنازل وتزامن مع تمشيط بالاسلحة الرشاشة واندلاع حريق في المكان
29613,Janoubana,2026-08-24,error,fast_path: unmatched or missing condition,skip,extraction_marked_irrelevant,,,حريق كبير في سهل بدنايل غربي بعلبك
29615,sameralhajali,2026-08-24,error,fast_path: no materializable village match,skip,no_place_extracted,,,قصف مدفعي يستهدف بلدة حداثا
29616,Janoubana,2026-08-24,error,fast_path: exact hash already materialized; no new incident,skip,exact_hash_duplicate,,,قصف مدفعي على حرش علي الطاهر وصولا لدوحة كفررمان.
29617,nabatiehchannel,2026-08-24,error,fast_path: exact hash already materialized; no new incident,skip,exact_hash_duplicate,,,🏴ملخص الاعتداءات لهذا اليوم القصف المدفعي: • بين ميفدون وزوطر الشرقية • دوحة كفررمان • علي الطاهر • حولا ووادي السلوقي • المنصوري • عيناثا • ياطر • أطراف ديرميماس • مرتفعات حلتا بقذيفتين • وادي زبقين 
29621,bintjbeilnews,2026-08-24,error,fast_path: no materializable village match,skip,no_place_extracted,,,🚨قصف مدفعي استهدف وادي السلوقي ────────────── Artillery shelling targeted Wadi Al-Slouqi. ────────────── 📲 قناة بنت جبيل على واتساب https://whatsapp.com/channel/0029VaG3H3R8fewmfDqRKX0Q
29623,mehwaralmokawma,2026-08-20,error,fast_path: unmatched or missing condition,rematch,,غارة إسرائيلية على مبنى في بلدة أنصار,غارة إسرائيلية على مبنى في بلدة أنصار,"لم تنته غـ. ـارة أنصار عند المبنى المستهدف ولا عند العائلة التي فقدت حياتها داخله؛ فبعد أيام، انتقل الجدل من الميدان إلى الرواية: من يتحمل مسؤولية ما حدث؟ قدم مركز ""ألما"" الإسرائيلي للأبحاث روايته للح"
29624,nabatiehchannel,2026-08-24,error,fast_path: unmatched or missing condition,skip,extraction_marked_irrelevant,,,"🏴 ""الوكالة الوطنية للإعلام"": ""الدفاع المدني اللبناني"" بمؤازرة الجيش اللبناني يعمل لإخماد حريق في محيط ""دير مار ميماس"" في بلدة دير ميماس الجنوبية اندلع نتيجة لقصف مدفعي من جيش العدو"
29629,mehwaralmokawma,2026-08-25,error,fast_path: no materializable village match,skip,no_place_extracted,,,"قصف مدفعي يستهدف مدينة الخيام. T.me/mehwaralmokawma ‏ «جـھ,آد𓂆»"
29639,Janoubana,2026-08-25,error,fast_path: exact hash already materialized; no new incident,skip,exact_hash_duplicate,,,قصف مدفعي يستهدف مدينة الخيام
29643,breakingnews_mt,2026-09-05,error,fast_path: no materializable village match,skip,no_place_extracted,,,"🔴 عاجل | الدفاع المدني في غز.ة: طواقمنا تمكنت من انتشال 55 جثمانا ورفاتا لشهد.اء فُقدوا تحت أنقاض مبنى لعائلة ""ملكة"" في منطقة الزيتون تعرّض لقصف إسرا.ئيلي قبل نحو عامين"
29644,bintjbeilnews,2026-08-25,error,fast_path: unmatched or missing condition,rematch,,سلسلة تفجيرات اسرائيلية تستهدف,سلسلة تفجيرات اسرائيلية تستهدف,🚨سلسلة تفجيرات اسرائيلية تستهدف بلدة المنصوري ────────────── A series of Israeli explosions targets the town of Al-Mansouri. ────────────── 📲 قناة بنت جبيل على واتساب https://whatsapp.com/channel/0029
29647,hashemsayed,2026-08-25,error,fast_path: unmatched or missing condition,rematch,,,Aerial Sweep,العدو نفذ تفجيرات في وادي حسن عند اطراف مجدلزون - طيرحرفا، وفي بلدة المنصوري. قصف مدفعي يستهدف وادي حسن عند اطراف طيرحرفا - مجدلزون مروحية معادية تنفذ عملية تمشيط باتجاه أطراف الطيبة لجهة نهر الليطاني
29652,bintjbeilnews,2026-08-25,error,fast_path: unmatched or missing condition,skip,extraction_marked_irrelevant,,,اتساع رقعة الحرائق المندلعة في حقول القمح في سهل مرجعيون بفعل الرياح، إثر القصف المدفعي الإسرائيلي الذي استهدف المنطقة الواقعة تحت تلة حمامص (الوكالة الوطنية) ــــــــــــــ Fires spreading across whe
29657,nabatiehchannel,2026-08-25,error,fast_path: unmatched or missing condition,skip,extraction_marked_irrelevant,,,غارة حربية باتجاه المنصوري لمتابعة اخبار النبطية والجنوب بالصور والفيديو عبر قناة الواتس اب الرسمية عبر الرابط https://whatsapp.com/channel/0029VbBHw5gAjPXUcG5LJV0B
29660,mehwaralmokawma,2026-08-25,error,fast_path: unmatched or missing condition,skip,no_place_extracted,,,تحليق للطيران المسير المعادي فوق غربي بعلبك T.me/mehwaralmokawma «صادق»
29663,mehwaralmokawma,2026-08-25,error,fast_path: no materializable village match,skip,no_place_extracted,,,قصف مدفعي صهيوني يستهدف المنصوري T.me/mehwaralmokawma ‏ «شُمران𓂆»
29664,mehwaralmokawma,2026-09-14,error,fast_path: unmatched or missing condition,skip,extraction_marked_irrelevant,,,#فلسطين_المحتلة الضفة الغربية: اندلاع مواجهات في مدينة البيرة والاحتلال يُطلق قنابل الغاز T.me/mehwaralmokawma «𓂆سيد كـيـان»
29666,mehwaralmokawma,2026-08-27,error,fast_path: unmatched or missing condition,skip,extraction_marked_irrelevant,,,تحليق الطيران المسير الصهيو-امريكي مستمر فوق الجنوب اللبناني والنبطية T.me/mehwaralmokawma «☫نـصـراللّه☫»
29667,ALJADEED_NEWS,2026-08-25,error,fast_path: unmatched or missing condition,rematch,,,Bombs,"مراسل الجديد: غارة تستهدف بلدة المنصوري في قضاء صور https://t.co/QTW0foaWde https://x.com/ALJADEEDNEWS/status/2092242901900144854 August 25, 2026 at 03:29PM"
29668,alakhbar_news,2026-08-25,error,fast_path: no materializable village match,rematch,,قصف مدفعي إسرائيلي,قصف مدفعي إسرائيلي,«للوكالة الوطنية»: اتساع رقعة الحرائق المندلعة في حقول القمح في سهل مرجعيون بفعل الرياح إثر القصف المدفعي الإسرائيلي الذي استهدف المنطقة الواقعة تحت تلة حمامص
29672,alichoeib1970,2026-08-25,error,fast_path: unmatched or missing condition,rematch,,تفجيرات,تفجيرات,صفحة الإعلامي الشهيد علي شعيب : نفذ العدو عدد من التفجيرات في مشاع المنصوري
29673,Janoubana,2026-08-26,error,fast_path: unmatched or missing condition,skip,no_place_extracted,,,تحليق للطيران المسير المعادي فوق الضاحية الجنوبية لبيروت .
29674,Janoubana,2026-09-07,error,fast_path: unmatched or missing condition,skip,extraction_marked_irrelevant,,,تحليق مسير في اجواء صور وبلدات القضاء على علو منخفض
29676,alakhbar_news,2026-08-25,error,fast_path: unmatched or missing condition,rematch,,غارة إسرائيلية استهدفت مبنى,غارة إسرائيلية استهدفت مبنى,غارة إسرائيلية استهدفت مبنى في بلدة المنصوري قضاء صور
29677,mehwaralmokawma,2026-08-27,error,fast_path: exact hash already materialized; no new incident,skip,exact_hash_duplicate,,,توغل دبابتان مركافا وعدد من الآليات في أطراف بلدة كفرشوبا منطقة الشميس عمل العدو على رفع علم وتزامنا تمشط بالرشاشات
29680,mehwaralmokawma,2026-08-25,error,fast_path: no materializable village match,skip,no_place_extracted,,,"قصف مدفعي يستهدف مرتفعات علي الطاهر T.me/mehwaralmokawma ‏ «جـھ,آد𓂆»"
29681,sameralhajali,2026-08-25,error,fast_path: unmatched or missing condition,rematch,,ينفذ غارة جوية,ينفذ غارة جوية,من جديد الطيران الحربي المعادي ينفذ غارة جوية على بلدة المنصوري
29683,nabatiehchannel,2026-09-07,error,fast_path: no materializable village match,skip,no_place_extracted,,,🚨 الجزيرة عن مصدر في الإسعاف والطوارئ: مصابون في غارة من مسيرة على خان يونس جنوبي قطاع غ.ز.ة
29687,nabatiehchannel,2026-08-25,error,fast_path: unmatched or missing condition,skip,no_place_extracted,,,🚨غارة علي الطاهر
29688,mehwaralmokawma,2026-08-25,error,fast_path: unmatched or missing condition,skip,no_place_extracted,,,"أغار الطيران الحربي مستهدفاً وادي السلوقي T.me/mehwaralmokawma ‏ «جـھ,آد𓂆»"
29689,alimortada963,2026-09-07,error,fast_path: unmatched or missing condition,skip,extraction_marked_irrelevant,,,تقديري، اننا ذاهبون الى تصعيد، ليس فقط في لبنان، بل ايضاً على جبهة ايران، وللمفارقة ايران ترى مصلحتها في التصعيد واسراخيل ترى مصلحتها في التصعيد، الاولى ترى انها من الممكن ان تنتزع شيئاً من الجمهوريين
29696,nabatiehchannel,2026-08-25,error,fast_path: unmatched or missing condition,skip,no_place_extracted,,,🚨غارة جديدة على وادي السلوقي جهة شقرا
29697,mehwaralmokawma,2026-08-26,error,fast_path: unmatched or missing condition,skip,extraction_marked_irrelevant,,,قوات الاحتلال تداهم عددًا من المنازل في قرية مثلث الشهداء جنوب جنين T.me/mehwaralmokawma «𓂆سيد كـيـان»
29704,almanarnews,2026-09-07,error,fast_path: unmatched or missing condition,rematch,,غارتين للعدو,غارتين للعدو,9 شهداء و 13 جريحا في غارتين للعدو ليلاً على كفررمان من بينهم مسعفون وأطفال وسيدات https://almanar.com.lb/article/1158922/?s=tg
29709,almayadeen,2026-08-25,error,fast_path: unmatched or missing condition,rematch,,غارة إسرائيلية,غارة إسرائيلية,لبنان: مراسل الميادين: غارة إسرائيلية على محيط مرتفع علي الطاهر في قضاء النبطية جنوبي البلاد
29710,nabatiehchannel,2026-08-25,error,fast_path: unmatched or missing condition,skip,extraction_marked_irrelevant,,,🟣 غارة اطراف النبطية الفوقا لمتابعة اخبار النبطية والجنوب بالصور والفيديو عبر قناة الواتس اب الرسمية عبر الرابط https://whatsapp.com/channel/0029VbBHw5gAjPXUcG5LJV0B
29712,almanarnews,2026-08-22,error,fast_path: unmatched or missing condition,rematch,,اغارة جوي,اغارة جوي,الطيران الحربي المعادي اغار مجددا مستهدفا وادي صربين
29715,almanarnews,2026-08-25,error,fast_path: unmatched or missing condition,rematch,,غارة,غارة,غارة على بلدة المنصوري جنوب لبنان
29719,mehwaralmokawma,2026-08-25,error,fast_path: no materializable village match,skip,no_place_extracted,,,"قصف مدفعي على المنصوري. T.me/mehwaralmokawma ‏ «جـھ,آد𓂆»"
29724,Lebanon24,2026-09-14,error,fast_path: no materializable village match,skip,no_place_extracted,,,قصف مدفعي عنيف استهدف وادي السلوقي #lebanon24
29731,alimortada963,2026-08-25,error,fast_path: unmatched or missing condition,rematch,,غارتان,غارتان,غارتان على محيط ديرسريان - القنطرة، ودوحة كفررمان
29736,nabatiehchannel,2026-08-25,error,fast_path: unmatched or missing condition,skip,extraction_marked_irrelevant,,,🟣 غارة عنيفة على دوحة كفررمان لمتابعة اخبار النبطية والجنوب بالصور والفيديو عبر قناة الواتس اب الرسمية عبر الرابط https://whatsapp.com/channel/0029VbBHw5gAjPXUcG5LJV0B
29739,bintjbeilnews,2026-08-25,error,fast_path: unmatched or missing condition,rematch,,الغارة,الغارة,الغارة التي استهدفت بلدة صربين قبل قليل ــــــــــــــ The airstrike that targeted the town of Srebbine a short while ago ــــــــــــــ 📲 قناة بنت جبيل على واتساب https://whatsapp.com/channel/0029VaG
29740,sameralhajali,2026-08-25,error,fast_path: exact hash already materialized; no new incident,skip,exact_hash_duplicate,,,قصف مدفعي يستهدف بلدة المنصوري
29741,manarbreaking,2026-08-25,error,fast_path: unmatched or missing condition,rematch,,,Tank Fire,🔴 عاجل | مراسل المنار :دبابة ميركافا تستهدف بلدة المنصوري
29742,nabatiehchannel,2026-08-24,error,fast_path: exact hash already materialized; no new incident,skip,exact_hash_duplicate,,,🏴قصف مدفعي على حرش علي الطاهر وصولا لدوحة كفررمان.
29744,Lebanon24,2026-09-07,error,fast_path: no materializable village match,skip,no_place_extracted,,,في النبطية.. غارة إسرائيلية تصيبُ مُراسلاً! #lebanon24 #لبنان Video
29746,hashemsayed,2026-08-27,error,fast_path: unmatched or missing condition,rematch,,العدو يضرم النيران في منزل ورشقات رشاشة,العدو يضرم النيران في منزل ورشقات رشاشة,غروب هذا اليوم، العدو يضرم النيران في احد المنازل في بلدة #حداثا بالتزامن مع اضوات رشقات رشاشة في بلدة رشاف.
29747,Janoubana,2026-08-27,error,fast_path: unmatched or missing condition,skip,no_place_extracted,,,غارة على وادي السلوقي
29748,LBCI_NEWS,2026-08-19,error,fast_path: exact hash already materialized; no new incident,skip,has_live_incident,,,الوكالة الوطنية للاعلام: توغل قوة إسرائيلية في الأطراف الغربية لمدينة ميس الجبل في منطقة دوبيه بالتزامن مع قصف مدفعي استهدف أحد المنازل أعقبه تمشيط كثيف بالأسلحة الرشاشة ما أدى إلى اندلاع حريق في المك
29749,mehwaralmokawma,2026-08-26,error,fast_path: exact hash already materialized; no new incident,skip,exact_hash_duplicate,,,قصف مدفعي صهيوني استهدف دوحة كفررمان T.me/mehwaralmokawma ‏ «شُمران𓂆»
29750,bintjbeilnews,2026-08-27,error,fast_path: unmatched or missing condition,rematch,,الغارة,الغارة,🚨📹الغارة التي استهدفت النبطية الفوقا ────────────── The airstrike that targeted Nabatieh al-Fawqa. ────────────── 📲 قناة بنت جبيل على واتساب https://whatsapp.com/channel/0029VaG3H3R8fewmfDqRKX0Q
29751,almanarnews,2026-08-27,error,fast_path: unmatched or missing condition,skip,no_conflict_evidence,,,📹 اشتعال النيران بالمبنى المستهدف في النبطية الفوقا https://almanar.com.lb/article/1130352/?s=tg
29753,mehwaralmokawma,2026-08-22,error,fast_path: no materializable village match,skip,no_place_extracted,,,قصف مدفعي فسفوري استهدف مرتفعات علي الطاهر T.me/mehwaralmokawma ‏ «شُمران𓂆»
29754,Janoubana,2026-08-22,error,fast_path: unmatched or missing condition,rematch,,غارة استهدفت,غارة استهدفت,غارة استهدفت بلدة المنصوري
29755,nabatiehchannel,2026-08-24,error,fast_path: no materializable village match,skip,no_place_extracted,,,🏴قصف مدفعي يستهدف بلدة حداثا
29756,ALJADEED_NEWS,2026-08-27,error,fast_path: unmatched or missing condition,rematch,,غارة على محيط تلة الدبشة عند الاطراف الشرقية,غارة على محيط تلة الدبشة عند الاطراف الشرقية,"مراسل الجديد: غارة على محيط تلة الدبشة عند الاطراف الشرقية للنبطية الفوقا https://x.com/ALJADEEDNEWS/status/2092999023217017002 August 27, 2026 at 05:33PM"
29759,nabatiehchannel,2026-08-26,error,fast_path: unmatched or missing condition,rematch,,مستهدفاً,مستهدفاً,🚨أغار الطيران المسيّر مستهدفاً بلدة المنصوري
29763,alichoeib1970,2026-08-24,error,fast_path: no materializable village match,skip,no_place_extracted,,,صفحة الإعلامي الشهيد علي شعيب : تفجير نفذه جيش العدو في بلدة حداثا
29764,almanarnews,2026-08-27,error,fast_path: unmatched or missing condition,rematch,,غارة إسرائيلية,غارة إسرائيلية,بالفيديو | غارة إسرائيلية استهدفت بلدة برعشيت جنوبي لبنان
29765,nabatiehchannel,2026-08-27,error,fast_path: unmatched or missing condition,skip,no_place_extracted,,,♦️| غارة على وادي السلوقي
29766,mehwaralmokawma,2026-08-24,error,fast_path: no materializable village match,skip,no_place_extracted,,,"قصف مدفعي يستهدف بلدة حداثا T.me/mehwaralmokawma ‏ «جـھ,آد𓂆»"
29767,nabatiehchannel,2026-08-27,error,fast_path: unmatched or missing condition,rematch,,العدو يضرم النيران في منزل ورشقات رشاشة,العدو يضرم النيران في منزل ورشقات رشاشة,🏴غروب هذا اليوم، العدو يضرم النيران في احد المنازل في بلدة حداثا بالتزامن مع اضوات رشقات رشاشة في بلدة رشاف.
29768,bintjbeilnews,2026-08-27,error,fast_path: unmatched or missing condition,rematch,,غارة,غارة,🚨🚨غارة على وادي السلوقي ــــــــــــــ 📲 قناة موقع بنت جبيل على واتساب https://whatsapp.com/channel/0029VaG3H3R8fewmfDqRKX0Q
29769,Janoubana,2026-08-27,error,fast_path: unmatched or missing condition,rematch,,غارة استهدفت,غارة استهدفت,غارة استهدفت وادي السلوقي والصاروخ لم ينفجر
29771,mehwaralmokawma,2026-08-27,error,fast_path: unmatched or missing condition,skip,no_place_extracted,,,🚨غارة معادية على وادي السلوقي في جبل عامل ولم ينفجر الصاروخ T.me/mehwaralmokawma «مـيّـثـمـ𓂆»
29772,Janoubana,2026-08-24,error,fast_path: no materializable village match,skip,no_place_extracted,,,لحظة القاء القنبلة الصوتية على سيارة تابعة لجمعية الرسالة للإسعاف الصحي مركز كفررمان أثناء مسح مكان غارة مسيرة سابقة
29775,mehwaralmokawma,2026-08-27,error,fast_path: unmatched or missing condition,skip,no_place_extracted,,,✈️غارة معادية جديدة تستهدف وادي السلوقي في جبل عامل T.me/mehwaralmokawma «مـيّـثـمـ𓂆»
29782,alimortada963,2026-08-27,error,fast_path: no materializable village match,skip,no_place_extracted,,,غارات على محيط القنطرة
29784,nabatiehchannel,2026-08-27,error,fast_path: unmatched or missing condition,skip,no_place_extracted,,,🚨غارتين قنطرة
29786,mehwaralmokawma,2026-08-27,error,fast_path: no materializable village match,skip,no_place_extracted,,,قصف مدفعي يستهدف مرتفعات علي الطاهر T.me/mehwaralmokawma
29787,sameralhajali,2026-08-24,error,fast_path: exact hash already materialized; no new incident,skip,exact_hash_duplicate,,,محلّقة إسرائيلية ألقت قنبلة صوتية على فرق الإسعاف في دوحة كفررمان
29790,Janoubana,2026-08-27,error,fast_path: exact hash already materialized; no new incident,skip,exact_hash_duplicate,,,ملخّص اعتداءات اليوم: الغارات الحربية المعادية: • أطراف علي الطاهر – النبطية الفوقا • دوحة كفررمان • المنصوري • أطراف القنطرة – دير سريان • بين ميفدون وزوطر الشرقية • عرب صاليم • برعشيت • وادي السلوقي
29791,bintjbeilnews,2026-09-08,error,fast_path: no materializable village match,skip,no_place_extracted,,,🚨 متابعة: غارة حربية تستهدف حداثا من جهة حاريص ــــــــــــــ 🚨 Follow-up: An airstrike targets Hadatha from the direction of Haris ــــــــــــــ 📲 قناة بنت جبيل على واتساب https://whatsapp.com/chann
29793,alakhbar_news,2026-08-28,error,fast_path: unmatched or missing condition,skip,extraction_marked_irrelevant,,,| لبنان 🖋️ ميسم رزق | سفير عصا الغولف في بيروت: أنت هنا لأيّ مهمة؟ 🖋️ ندى أيوب | متري: توثيق انتهاكات العدو.. بجهد شخصي! 🖋️ زينب حمود | MEA «تقامر» بالركاب: حجوزات تفوق سعة الطائرات! 🖋️ راجانا حمية | 
29794,alichoeib1970,2026-08-19,error,fast_path: exact hash already materialized; no new incident,skip,exact_hash_duplicate,,,صفحة الإعلامي الشهيد علي شعيب : اخر الإعتداءات تمشيط بالأسلحة الرشاشة باتجاه بلدة حداثا، ودبابة ميركافا معادية استهدفت مدينة الخيام بقذيفة، فيما ألقت محلقة معادية قنبلة صوتية على بلدة المنصوري
29795,mehwaralmokawma,2026-08-27,error,fast_path: unmatched or missing condition,skip,no_place_extracted,,,إنتباه: رغم اننا أصبحنا جميعا على علم تام بأن حزب الله قد نجح في إقتلاع عدد كبير جدا من أعين العدو في معظم لبنان، يخرج اليوم العدو الصهيوني الذي لطالما كان من النطفة النجسة التي عرفناه بها ويدعي انه ق
29796,almayadeen,2026-08-25,error,fast_path: unmatched or missing condition,rematch,,غارة إسرائيلية,غارة إسرائيلية,لبنان: مراسل الميادين: غارة إسرائيلية جديدة على محيط مرتفع علي الطاهر في قضاء النبطية جنوبي البلاد
29797,almanarnews,2026-09-09,error,fast_path: unmatched or missing condition,skip,no_place_extracted,,,الطيران الحـربي الإسـرائيلي يغير مستهدفاً وادي السلوقي لجهة بلدة شقرا جنوبي #لبنان
29798,nabatiehchannel,2026-08-24,error,fast_path: unmatched or missing condition,rematch,,,Bombs,🏴شوهد دخان في دوحة كفررمان وبعد المتابعة: توجهت فرق الاسعاف في الهيئة الصحية و الرسالة الى دوحة كفررمان و لم يتم العثور على أي اثر لغارة من مسيرة
29799,Janoubana,2026-08-27,error,fast_path: no materializable village match,skip,no_place_extracted,,,قصف مدفعي يستهدف محيط تلة علي الطاهر
29800,bintjbeilnews,2026-08-28,error,fast_path: unmatched or missing condition,skip,extraction_marked_irrelevant,,,"🚨📹تقدم آليات إسرائيلية من حولا بإتجاه وادي السلوقي بالتزامن مع قصف مدفعي وتمشيط يستهدف المنطقة ────────────── 🚨📹 israeli military vehicles advance from Houla toward Wadi al-Salouqi, amid artillery she"
29801,sameralhajali,2026-08-19,error,fast_path: exact hash already materialized; no new incident,skip,has_live_incident,,,قصف مدفعي استهدف بلدة المنصوري
29802,bintjbeilnews,2026-08-27,error,fast_path: unmatched or missing condition,rematch,,الغارة الجوية,الغارة الجوية,🚨📹الغارة على برعشيت ────────────── 🚨📹 The airstrike on Baraachit. ────────────── 📲 قناة بنت جبيل على واتساب https://whatsapp.com/channel/0029VaG3H3R8fewmfDqRKX0Q
29803,almanarnews,2026-08-27,error,fast_path: unmatched or missing condition,rematch,,غارة إسرائيلية استهدفت,غارة إسرائيلية استهدفت,بالصورة | غارة إسرائيلية استهدفت بلدة برعشيت جنوبي لبنان https://almanar.com.lb/article/1130147/?s=tg
29806,LBCI_NEWS,2026-09-09,error,fast_path: no materializable village match,skip,no_place_extracted,,,الوكالة الوطنية للاعلام: قصف مدفعي إسرائيلي يستهدف وادي زبقين
29808,Janoubana,2026-08-26,error,fast_path: no materializable village match,skip,no_place_extracted,,,تحديث: غارة من مسيرة على المنصوري
29810,ALJADEEDNEWS,2026-09-13,error,fast_path: unmatched or missing condition,skip,extraction_marked_irrelevant,,,في الشوف وكسروان.. حرائق حرجية والدفاع المدني يتحرك⬇️ aljadeed.tv/news/%D9/588785/… Link في الشوف وكسروان.. حرائق حرجية والدفاع المدني يتحرك صدر عن دائرة الإعلام والعلاقات العامة في المديرية العامة لل
29812,nabatiehchannel,2026-08-19,error,fast_path: exact hash already materialized; no new incident,skip,exact_hash_duplicate,,,🏴ملخص الاعتداءات الإسرائيلية على جنوب لبنان لهذا اليوم: الغارات الحربية: • علي الطاهر • دوحة كفررمان • بين القنطرة ودير سريان • مشاع المنصوري القصف المدفعي: • علي الطاهر • دوحة كفررمان • حداثا • ميس ا
29814,mehwaralmokawma,2026-08-28,error,fast_path: unmatched or missing condition,skip,no_place_extracted,,,"تحليق للطيران المسير المعادي منذ ساعات الصباح الأولى في أجواء الضاحية الجنوبية وبيروت على علو منخفض T.me/mehwaralmokawma ‏ «جـھ,آد𓂆»"
29815,ALJADEEDNEWS,2026-08-17,error,fast_path: unmatched or missing condition,skip,no_conflict_evidence,,,في المنصورية.. حريق كبير مجهول السبب! أفادت الوكالة الوطنية، باندلاع حريق كبير في منطقة المنصورية لم تعرف اسبابه بهد، فيما هرعت سيارات الإطفاء إلى المكان وهي تعمل على السيطرة على النيران منعا لتمددها 
29818,nabatiehchannel,2026-08-28,error,Server disconnected without sending a response.,reextract,,,,الاعتداءات الصهيونية من منتصف الليل حتى الساعة ١٠ صباحا: ● التفجيرات: • زوطر الشرقية • المنصوري ● القصف المدفعي: • محيط علي الطاهر • وادي الحجير ● التحركات والتمشيط: • تحرّك لآليات العدو في البياضة وم
29819,ALJADEED_NEWS,2026-08-17,error,fast_path: unmatched or missing condition,rematch,,,,"سماع دوي انفجارات تزامناً مع حريق في محيط بلدة فلاوي قضاء بعلبك من دون معرفة الأسباب https://t.co/BA1B9NgmfS https://twitter.com/ALJADEEDNEWS/status/2089357350343790783 August 17, 2026 at 04:23PM"
29820,sameralhajali,2026-08-17,error,fast_path: unmatched or missing condition,rematch,,دبابة ميركافا معادية استهدفت,دبابة ميركافا معادية استهدفت,دبابة ميركافا معادية استهدفت بقذيفة بلدة المنصوري
29822,lebanondebate,2026-08-18,error,fast_path: unmatched or missing condition,skip,extraction_marked_irrelevant,,,بالفيديو: حريق قرب الخط البحري لأوتوستراد الدورة والدخان يتصاعد في المكان Video
29823,bintjbeilnews,2026-08-18,error,fast_path: unmatched or missing condition,skip,extraction_marked_irrelevant,,,"احتراق سيارة في خلدة، ولا يوجد أي حدث أمني ــــــــــــــ A car caught fire in Khaldeh, with no security incident reported ــــــــــــــ 📲 قناة بنت جبيل على واتساب https://whatsapp.com/channel/0029Va"
29824,NidaaWatan,2026-08-18,error,fast_path: unmatched or missing condition,skip,extraction_marked_irrelevant,,,بالفيديو - حريق كبير قرب الطريق البحرية في الدورة #نداء_الوطن nidaalwatan.com/article/3947… Link حريق كبير قرب الطريق البحرية في الدورة | نداء الوطن اندلع حريق كبير بالقرب من الطريق البحرية في الدورة،
29825,fouadkhreiss,2026-08-18,error,fast_path: unmatched or missing condition,skip,extraction_marked_irrelevant,,,إحتراق سيارة على أوتوتسراد خلدة ولا يوجد عمل أمني.
29826,mehwaralmokawma,2026-08-28,error,fast_path: no materializable village match,skip,no_place_extracted,,,الاعتداءات الصهيونية من منتصف الليل حتى الساعة ١٠ صباحا: ● التفجيرات: • زوطر الشرقية • المنصوري ● القصف المدفعي: • محيط علي الطاهر • وادي الحجير ● التحركات والتمشيط: • تحرّك لآليات العدو في البياضة وم
29827,nbntweets,2026-08-18,error,fast_path: unmatched or missing condition,skip,extraction_marked_irrelevant,,,Article الدفاع المدني: إخماد حريق في الدورة ومواصلة عمليات الإطفاء في الفنار والأشرفية صدر عن دائرة الإعلام والعلاقات العامة في المديرية العامة للدفاع المدني اللبناني البيان الآتي: نفّذت عناصر الدفاع 
29828,Annahar,2026-08-18,error,fast_path: unmatched or missing condition,skip,no_conflict_evidence,,,"مُطاردة في طرابلس تنتهي بمقتل شاب ترجل أحد الأشخاص من السيارة وأطلق النار باتجاه ""ع. ش.""، ما أدى إلى إصابته بطلق ناري في عنقه. annahar.com/lebanon/339549/%… Link مُطاردة في طرابلس تنتهي بمقتل شاب ترجل"
29829,alichoeib1970,2026-09-07,error,fast_path: unmatched or missing condition,rematch,,تفجراً,تفجراً,صفحة الإعلامي الشهيد علي شعيب نفذ العدو تفجراً في بلدة زوطر الشرقية
29830,almanarnews,2026-08-18,error,fast_path: routed to air_violations; not an incident,skip,air_violation,,,فيديو | الطيران الح.ربي المعادي أغار على منطقة علي الطاهر و دوحة كفررمان في جنوب لبنان
29831,breakingnews_mt,2026-08-18,error,fast_path: routed to air_violations; not an incident,skip,air_violation,,,🔴 عاجل | مراسلنا : الاح.تلا.ل يطلق ق.ذائف مضيئة في اجواء برعشيت جنوبي لبنان 🔴 الطيران الح.ربي المعادي أغار على منطقة علي الطاهر و دوحة كفررمان في جنوب لبنان 🔴 الطيران الح.ربي المعادي أغار مستهدفا اطرا
29832,mehwaralmokawma,2026-08-28,error,fast_path: unmatched or missing condition,skip,extraction_marked_irrelevant,,,"تحليق مسيّر منخفض فوق العاصمة بيروت #قريطم. T.me/mehwaralmokawma ‏ «جـھ,آد𓂆»"
29833,bintjbeilnews,2026-08-20,error,fast_path: unmatched or missing condition,skip,extraction_marked_irrelevant,,,🚨حريق هائل على أوتوستراد البترون ────────────── 🚨A massive fire on the Batroun highway. ────────────── 📲 قناة بنت جبيل على واتساب https://whatsapp.com/channel/0029VaG3H3R8fewmfDqRKX0Q
29834,bintjbeilnews,2026-08-20,error,fast_path: unmatched or missing condition,skip,extraction_marked_irrelevant,,,🚨حريق هائل على أوتوستراد البترون Video
29835,Janoubana,2026-08-28,error,fast_path: unmatched or missing condition,skip,no_place_extracted,,,محلقة اسرائيلية معادية ألقت قنبلة باتجاه حداثا
29836,nabatiehchannel,2026-08-20,error,fast_path: unmatched or missing condition,skip,extraction_marked_irrelevant,,,استقدمت قوات الاحتلا..ل شاحنات محمّلة بالمواد المتفجرة إلى الأطراف الغربية لميس الجبل، تمهيدًا لتفخيخ عدد من المنازل، بالتزامن مع إلقاء قنابل دخانية لتغطية عملية التوغّل والتحرّك داخل المنطقة لمتابعة 
29837,sameralhajali,2026-08-21,error,fast_path: unmatched or missing condition,rematch,,,Tank Fire,دبابة ميركافا معادية متمركز في بلدة حداثا تستهدف اطراف بلدة تبنين
29838,lebanondebate,2026-08-19,error,fast_path: unmatched or missing condition,skip,extraction_marked_irrelevant,,,الدخان يخنق النبطية... حرائق النفايات تحاصر السكان lbdb.co/870478
29839,alichoeib1970,2026-08-19,error,fast_path: unmatched or missing condition,rematch,,تفجيرات نفذها جيش العدو,تفجيرات نفذها جيش العدو,صفحة الإعلامي الشهيد علي شعيب : عدة تفجيرات نفذها جيش العدو في بلدة طلوسة، سُمع دويّها في عدد من المناطق الجنوبية
29841,nabatiehchannel,2026-08-19,error,fast_path: no materializable village match,skip,no_place_extracted,,,• قصف مدفعي معادٍ استهدف مشاع المنصوري
29842,bintjbeilnews,2026-08-19,error,fast_path: exact hash already materialized; no new incident,skip,has_live_incident,,,🚨قذيفة مدفعية استهدفت أطراف بلدة الهبارية لجهة جبل السدانة ────────────── An artillery shell targeted the outskirts of Al-Habbariyeh toward Jabal Al-Saddaneh. ────────────── 📲 قناة بنت جبيل على واتساب
29844,mehwaralmokawma,2026-08-19,error,fast_path: exact hash already materialized; no new incident,skip,exact_hash_duplicate,,,قصف مدفعي يستهدف بلدة المنصوري T.me/mehwaralmokawma «رضــ𓂆ــوان»
29845,manarbreaking,2026-08-19,error,fast_path: exact hash already materialized; no new incident,skip,exact_hash_duplicate,,,🔴 عاجل | مراسل المنار: قذيفة مدفعية اسرائيلية استهدفت أطراف بلدة الهبارية لناحية جبل السدانة جنوبي لبنان
29849,alichoeib1970,2026-08-19,error,fast_path: exact hash already materialized; no new incident,skip,exact_hash_duplicate,,,صفحة الإعلامي الشهيد علي شعيب : • قذيفة مدفعية استهدفت منطقة سدانة عند أطراف بلدة الهبارية • قصف مدفعي معادٍ استهدف مشاع المنصوري
29853,NidaaWatan,2026-09-07,error,fast_path: unmatched or missing condition,skip,no_place_extracted,,,تحليق للطيران الإسرائيلي في أجواء المتن والعاصمة بيروت على مستوى متوسط #نداء_الوطن
29855,mehwaralmokawma,2026-08-27,error,fast_path: unmatched or missing condition,skip,extraction_marked_irrelevant,,,الرئيس بري في رسالة الى مؤتمر الوحدة الاسلامية في طهران : اخطر ما يواجه العالم الاسلامي ان يتحول الخلاف الى قطيعة وجه رئيس مجلس النواب نبيه بري رسالة الى مؤتمر الوحدة الاسلامية المنعقد في طهران اكد في
29856,almanarnews,2026-09-06,error,fast_path: no materializable village match,skip,extraction_marked_irrelevant,,,مراسل المنار هاشم السيد حسن: الزميل علي شبيب والمصور المرافق له بخير بعد إصابتهما بجروح طفيفة إثر غارة إسرائيلية استهدفت منطقة قريبة من مكان تواجدهما في النبطية، أثناء تحضيرهما لرسالة مباشرة ضمن نشرة 
29858,bintjbeilnews,2026-08-27,error,fast_path: unmatched or missing condition,rematch,,غارة إسرائيلية,غارة إسرائيلية,🚨غارة إسرائيلية على بلدة المنصوري Israeli airstrike on the town of Mansouri
29862,mehwaralmokawma,2026-08-27,error,fast_path: unmatched or missing condition,rematch,,غارة إسرائيلية تستهدف,غارة إسرائيلية تستهدف,غارة إسرائيلية تستهدف بلدة برعشيت في جنوب لبنان T.me/mehwaralmokawma «كُمَيْل»
29863,Janoubana,2026-09-06,error,fast_path: no materializable village match,rematch,,قصف مدفعي,قصف مدفعي,قصف مدفعي دوحة كفررمان
29868,bintjbeilnews,2026-08-27,error,fast_path: no materializable village match,skip,no_place_extracted,,,🚨🚨🚨غارات استهدفت محيط القنطرة ــــــــــــــ 📲 قناة موقع بنت جبيل على واتساب https://whatsapp.com/channel/0029VaG3H3R8fewmfDqRKX0Q
29869,Janoubana,2026-09-06,error,fast_path: no materializable village match,skip,no_place_extracted,,,غارة وادي السلوقي
29872,MTVLebanonNews,2026-09-06,error,fast_path: no materializable village match,skip,extraction_marked_irrelevant,,,بعد الغارات... الضمان يُعلن إقفال مكتبه في النبطيّة mtv.com.lb/news/1734245 Link بعد الغارات... الضمان يُعلن إقفال مكتبه في النبطيّة أفادت مديرية العلاقات العامة في الصندوق الوطني للضمان الاجتماعي، بأ
29875,Janoubana,2026-08-27,error,fast_path: unmatched or missing condition,skip,no_place_extracted,,,القناة 14 الإسرائيلية: تقديرات إسرائيلية بمقتل عدد كبير من مقاتلي حزب الله في منطقة جبل علي الطاهر
29876,ALJADEEDNEWS,2026-09-06,error,fast_path: no materializable village match,skip,extraction_marked_irrelevant,,,"""علي الطاهر"".. ثم؟ (هيئة البث) للتفاصيل🔽: aljadeed.tv/news/%D8%B9%D8%B… Link ""علي الطاهر"".. ثم؟ (هيئة البث) أفادت هيئة البث الاسرائيلية، بأنه خلال الليل، أُطلقت مسيّرتان مفخختان باتجاه قوات الجيش الإس"
29877,bintjbeilnews,2026-08-27,error,fast_path: unmatched or missing condition,rematch,,غارة,غارة,🚨🚨غارة في محيط النبطية الفوقا ــــــــــــــ 📲 قناة موقع بنت جبيل على واتساب https://whatsapp.com/channel/0029VaG3H3R8fewmfDqRKX0Q
29878,mehwaralmokawma,2026-08-27,error,fast_path: unmatched or missing condition,rematch,,غارة معادية,غارة معادية,✈️غارة معادية استهدفت بلدية النبطية الفوقا في جبل عامل T.me/mehwaralmokawma «مـيّـثـمـ𓂆»
29879,Janoubana,2026-09-06,error,fast_path: no materializable village match,skip,no_place_extracted,,,غارة وادي زبقين
29882,mehwaralmokawma,2026-08-27,error,Server disconnected without sending a response.,reextract,,,,صفحة الإعلامي الشهيد علي شعيب: الإعتداءات من منتصف الليل حتى الساعة: الغارات الحربية: اطراف علي الطاهر-النبطية الفوقا دوحة كفررمان المنصوري اطراف القنطرة-دير سريان بين ميفدون و زوطر الشرقية القصف المد
29883,nabatiehchannel,2026-08-26,error,fast_path: unmatched or missing condition,rematch,,مستهدفاً,مستهدفاً,🚨أغار الطيران المسيّر مستهدفاً بلدة المنصوري
29886,alimortada963,2026-08-27,error,fast_path: unmatched or missing condition,skip,no_place_extracted,,,غارة جديدة محيط وادي السلوقي
29887,ALJADEED_NEWS,2026-09-07,error,fast_path: no materializable village match,skip,extraction_marked_irrelevant,,,"المبنى المستهدف ليلا في دير الزهرانيأفاد مراسل الجديد أن ""الطيران الحربي الإسرائيلي شن غارةً بعيد منتصف ليل الأحد – الاثنين مبنى سكني مؤلف من 3 طوابق في محيط دوار الشيوعية في بلدة كفررمان قضاء النبطية"
29890,LBCI_NEWS,2026-09-06,error,fast_path: no materializable village match,skip,no_place_extracted,,,الوكالة الوطنية للإعلام: قصف مدفعي إسرائيلي استهدف حرج كونين في قضاء بنت جبيل
29895,manarbreaking,2026-08-27,error,fast_path: unmatched or missing condition,skip,no_place_extracted,,,🔴 عاجل | مراسل المنار: غارة صهيونية على محيط منطقة علي الطاهر
29898,almayadeen,2026-08-27,error,fast_path: unmatched or missing condition,rematch,,غارة من الطائرات الحربية الإسرائيلية,غارة من الطائرات الحربية الإسرائيلية,لبنان: مراسل الميادين في الجنوب: غارة من الطائرات الحربية الإسرائيلية على وادي السلوقي
29901,nabatiehchannel,2026-08-26,error,fast_path: exact hash already materialized; no new incident,skip,exact_hash_duplicate,,,🏴قصف مدفعي يستهدف بلدة المنصوري بالتزامن مع تحرك لآليات العدو في بلدة بيوت السيّاد ومشاع المنصوري
29905,Janoubana,2026-08-27,error,fast_path: exact hash already materialized; no new incident,skip,exact_hash_duplicate,,,قذيفة مدفعية صباح اليوم استهدفت الحرش بين بلدتي عيناثا و كونين ما ادى إلى اندلاع حريق
29908,alakhbar_news,2026-08-27,error,fast_path: unmatched or missing condition,rematch,,واسّع العد.و من نطاق اعتداءاته، واستهدف أحياء سكنية ومنازل,واسّع العد.و من نطاق اعتداءاته، واستهدف أحياء سكنية ومنازل,وسّع العد.و من نطاق اعتداءاته، واستهدف أحياء سكنية ومنازل في بلدة عرب صاليم
29911,alichoeib1970,2026-08-27,error,fast_path: unmatched or missing condition,rematch,,اغار الطيران المسير المعادي,اغار الطيران المسير المعادي,صفحة الإعلامي الشهيد علي شعيب : اغار الطيران المسير المعادي مستهدفا بلدة النبطية الفوقا
29912,alichoeib1970,2026-08-27,error,fast_path: unmatched or missing condition,rematch,,,Sweeping Operations,صفحة الإعلامي الشهيد علي شعيب: • محلقة معادية ألقت مواد متفجرة على بلدة المنصوري. • تمشيط معادٍ استهدف بلدة حداثا.
29913,mehwaralmokawma,2026-08-28,error,fast_path: unmatched or missing condition,skip,extraction_marked_irrelevant,,,حرائق الاحتلال في حداثا... عدوان يومي على الأراضي والبيوت الخالية T.me/mehwaralmokawma ‏ «شُمران𓂆»
29915,lebanondebate,2026-09-06,error,fast_path: no materializable village match,skip,no_place_extracted,,,بالفيديو: غارة إسرائيلية تدمّر مبنى مستشفى غندور في النبطية الفوقا بالكامل Video
29918,alichoeib1970,2026-08-27,error,fast_path: unmatched or missing condition,rematch,,الطيران المسير المعادي استهدف منطقة المدينة الصناعية,الطيران المسير المعادي استهدف منطقة المدينة الصناعية,صفحة الإعلامي الشهيد علي شعيب : الطيران المسير المعادي استهدف منطقة المدينة الصناعية اطراف بلدة كفررمان
29919,almanarnews,2026-08-28,error,fast_path: unmatched or missing condition,skip,extraction_marked_irrelevant,,,📹 حرائق الاحتلال في حداثا... عدوان يومي على الأراضي والبيوت الخالية https://almanar.com.lb/article/1132402/?s=tg
29920,nabatiehchannel,2026-08-28,error,fast_path: unmatched or missing condition,rematch,,أغار الطيران المسير المعادي مستهدفا دوحة كفررمان و عمل فريق تابع للهيئة الصحية على نقل اصابة من المكان,أغار الطيران المسير المعادي مستهدفا دوحة كفررمان و عمل فريق تابع للهيئة الصحية على نقل اصابة من المكان,منذ قرابة النصف ساعة أغار الطيران المسير المعادي مستهدفا دوحة كفررمان و عمل فريق تابع للهيئة الصحية على نقل اصابة من المكان
29922,mehwaralmokawma,2026-08-29,error,fast_path: exact hash already materialized; no new incident,skip,exact_hash_duplicate,,,اندلاع حريق في منطقة الكروم الشرقي لبلدة كفرشوبا من جراء التمشيط المعادي ورمي قنابل لانشر
29924,manarbreaking,2026-08-23,error,fast_path: unmatched or missing condition,rematch,,غارة صهيونية,غارة صهيونية,🔴 عاجل | مراسل المنار: غارة صهيونية استهدفت اطراف بلدة القصير جنوبي لبنان
29925,sameralhajali,2026-08-28,error,fast_path: unmatched or missing condition,rematch,,أغار الطيران المسير المعادي مستهدفا دوحة كفررمان و عمل فريق تابع للهيئة الصحية على نقل اصابة من المكان,أغار الطيران المسير المعادي مستهدفا دوحة كفررمان و عمل فريق تابع للهيئة الصحية على نقل اصابة من المكان,منذ قرابة النصف ساعة أغار الطيران المسير المعادي مستهدفا دوحة كفررمان و عمل فريق تابع للهيئة الصحية على نقل اصابة من المكان
29926,mehwaralmokawma,2026-08-29,error,fast_path: no materializable village match,skip,no_place_extracted,,,"صفحة الإعلامي الشهيد علي شعيب : قذيفة مدفعي معادية استهدفت وادي السلوقي. T.me/mehwaralmokawma ‏ «جـھ,آد𓂆»"
29932,alichoeib1970,2026-08-28,error,fast_path: unmatched or missing condition,skip,extraction_marked_irrelevant,,,صفحة الإعلامي الشهيد علي شعيب : منذ بعض الوقت أغار الطيران المسير المعادي مستهدفا دوحة كفررمان
29934,Beirutfirebrigade,2026-08-28,error,fast_path: unmatched or missing condition,skip,extraction_marked_irrelevant,,,Beirut Fire Brigade فوج إطفاء بيروت ١٢ س · بتاريخ ٢٠٢٦/٠٨/٢٧ عملت فرقة من فوج إطفاء بيروت مركز ملعب البلدي على إطفاء حريق زورق في ميناء ال Mövenpick و اقتصرت الاضرار على الماديات . #فوج_إطفاء_ بيروت..
29936,alichoeib1970,2026-08-29,error,fast_path: no materializable village match,skip,no_place_extracted,,,صفحة الإعلامي الشهيد علي شعيب : قذيفة مدفعي معادية استهدفت وادي السلوقي
29937,sameralhajali,2026-08-27,error,fast_path: unmatched or missing condition,rematch,,,Bombs,غارة تستهدف بلدة النبطية الفوقا
29939,ALJADEED_NEWS,2026-09-02,error,fast_path: unmatched or missing condition,skip,extraction_marked_irrelevant,,,"تحليق طائرات حربية فوق بيروت والبقاع https://x.com/ALJADEEDNEWS/status/2095122698095464576 September 2, 2026 at 02:12PM"
29942,nbntweets,2026-09-06,error,fast_path: no materializable village match,rematch,,يقصف الاحتلال الإسرائيلي محيط قرية الصمدانية الشرقية في ريف القنيطرة الأوسط بقذيفة مدفعية,يقصف الاحتلال الإسرائيلي محيط قرية الصمدانية الشرقية في ريف القنيطرة الأوسط بقذيفة مدفعية,وسائل إعلام سورية: الاحتلال الإسرائيلي يقصف محيط قرية الصمدانية الشرقية في ريف القنيطرة الأوسط بقذيفة مدفعية
29943,alichoeib1970,2026-08-29,error,fast_path: unmatched or missing condition,skip,no_place_extracted,,,صفحة الإعلامي الشهيد علي شعيب: أغار الطيران المسير المعادي مستهدفا أحد المباني عند اطراف حي المسلخ في مدينة النبطية دون وقوع إصابات
29944,mehwaralmokawma,2026-09-07,error,fast_path: unmatched or missing condition,skip,no_place_extracted,,,تحليق للطيران المسيّر المعادي على علو منخفض جداً في أجواء بلدة السكسكية T.me/mehwaralmokawma «ذو 𓂆 الفِقَـار»
29945,Janoubana,2026-08-26,error,fast_path: exact hash already materialized; no new incident,skip,exact_hash_duplicate,,,قصف مدفعي يستهدف وادي السلوقي
29946,alichoeib1970,2026-08-29,error,fast_path: unmatched or missing condition,rematch,,دبابة ميركافا معادية تستهدف,Tank Fire,صفحة الإعلامي الشهيد علي شعيب : دبابة ميركافا معادية تستهدف بلدة المنصوري بعدد من القذائف
29947,bintjbeilnews,2026-08-29,error,fast_path: unmatched or missing condition,rematch,,drones carried out two strikes,drones carried out two strikes,🚨أغار الطيران المسيّر مستهدفاً بلدة المنصوري على دفعتين ــــــــــــــ 🚨 drones carried out two strikes targeting the town of Al-Mansouri ــــــــــــــ 📲 قناة بنت جبيل على واتساب https://whatsapp.com
29948,nabatiehchannel,2026-08-23,error,fast_path: unmatched or missing condition,skip,extraction_marked_irrelevant,,,🟣 غارة حربية على بلدة القصير لمتابعة اخبار النبطية والجنوب بالصور والفيديو عبر قناة الواتس اب الرسمية عبر الرابط https://whatsapp.com/channel/0029VbBHw5gAjPXUcG5LJV0B
29949,almanarnews,2026-08-29,error,fast_path: unmatched or missing condition,skip,extraction_marked_irrelevant,,,بالفيديو | عواصف رعدية وبرق وتساقط الامطار في البقاع الغربي https://almanar.com.lb/article/1136692/?s=tg
29950,ALJADEED_NEWS,2026-08-31,error,fast_path: unmatched or missing condition,rematch,,انفجار قنبلة من مخلفات العدوان الإسرائيلي,انفجار قنبلة من مخلفات العدوان الإسرائيلي,"مأساة في حبوش.. شهيد وفتى جريحأفاد مراسل ""الجديد"" باستشهاد الطفل محمد علي إبراهيم متأثرًا بجراحه التي أُصيب بها عصر اليوم، إثر انفجار قنبلة من مخلفات العدوان الإسرائيلي في حي العريض في بلدة حبوش كما أ"
29951,bintjbeilnews,2026-09-02,error,fast_path: unmatched or missing condition,skip,extraction_marked_irrelevant,,,اندلاع حريق في باص للنقل المشترك جراء احتكاك كهربائي على طريق جونيه باتجاه بيروت A fire broke out in a public transport bus due to an electrical short circuit on the Jounieh road towards Beirut.
29952,mehwaralmokawma,2026-08-29,error,fast_path: unmatched or missing condition,skip,extraction_marked_irrelevant,,,"عواصف رعدية وبرق وتساقط الامطار في البقاع الغربي. T.me/mehwaralmokawma ‏ «جـھ,آد𓂆»"
29953,manarbreaking,2026-08-30,error,fast_path: unmatched or missing condition,skip,no_place_extracted,,,🔴 عاجل | مراسل المنار: الطيران المسيّر الاسرائيلي المعادي استهدف أطراف النبطية في جنوب لبنان
29954,ALJADEED_NEWS,2026-09-01,error,fast_path: unmatched or missing condition,skip,no_conflict_evidence,,,⚠️غرفة التحكم المروري: احتراق مركبة على اوتوستراد جونيه باتجاه بيروت والاضرار مادية ودراج من مفرزة سير جونية يعمل على تسهيل السير في المحلة https://x.com/ALJADEEDNEWS/status/2094653458066354544 Septem
29957,nabatiehchannel,2026-08-31,error,fast_path: unmatched or missing condition,skip,no_conflict_evidence,,,🏴 إحتراق شاحنة في صيدا
29958,alichoeib1970,2026-09-01,error,fast_path: no materializable village match,skip,no_place_extracted,,,صفحة الإعلامي الشهيد علي شعيب: محلقة معادية القت قنبلة صوتية على بلدة حداثا منذ بعض الوقت
29959,nbntweets,2026-09-07,error,fast_path: unmatched or missing condition,rematch,,,,Article وزير العمل ينعى موظفة وزارة العمل – دائرة النبطية التي ارتقت في مجزرة كفررمان وزير العمل محمد حيدر ينعى الشهيدة هبة علي صباح، الموظفة في وزارة العمل – دائرة العمل في النبطية، التي ارتقت شهيدةً
29962,MTVLebanonNews,2026-09-06,error,fast_path: no materializable village match,rematch,,قصف إسرائيلي,قصف إسرائيلي,التلفزيون السوري: قصف إسرائيلي على محيط قرية الصمدانية الشرقية في ريف القنيطرة الأوسط
29963,mehwaralmokawma,2026-08-24,error,fast_path: unmatched or missing condition,skip,extraction_marked_irrelevant,,,بدران يعزي عائلة الشهيد المناضل فتحي خازم ويشيد بمكانته في الوجدان الفلسطيني أجرى حسام بدران، عضو المكتب السياسي لحركة المقاومة الإسلامية (حماس) ورئيس مكتب العلاقات الوطنية اتصالاً هاتفياً مع عائلة ال
29965,bintjbeilnews,2026-09-01,error,fast_path: unmatched or missing condition,skip,no_conflict_evidence,,,📹احتراق باص للنقل المشترك على طريق جونيه باتجاه بيروت ────────────── 📹A public transport bus catches fire on the Jounieh road toward Beirut. ────────────── 📲 قناة بنت جبيل على واتساب https://whatsapp.
29968,alimortada963,2026-08-23,error,fast_path: unmatched or missing condition,rematch,,,Bombs,غارة اطراف علي الطاهر لجهة النبطية الفوقا
29971,nabatiehchannel,2026-09-02,error,fast_path: unmatched or missing condition,rematch,,أغار الطيران المسير الإسرائيلي,أغار الطيران المسير الإسرائيلي,🏴اولي الطيران المسير الإسرائيلي أغار مستهدفًا بلدة النبطية الفوقا.
29973,bintjbeilnews,2026-09-07,error,fast_path: no materializable village match,skip,extraction_marked_irrelevant,,,🚨📹على بُعد أمتار منهما.. لحظة الغارة الإسرائيلية التي استهدفت محيط المراسل علي شبيب والمصوّر ليل أمس في النبطية ونجاتهما بأعجوبة ────────────── 🚨📹Just meters away from them… Moment of the Israeli airs
29978,nabatiehchannel,2026-08-23,error,fast_path: exact hash already materialized; no new incident,skip,exact_hash_duplicate,,,🏴قصف مدفعي يستهدف دوحة كفررمان ومرتفعات علي الطاهر
29981,mehwaralmokawma,2026-08-22,error,fast_path: unmatched or missing condition,skip,extraction_marked_irrelevant,,,مصادر فلسطينية: إصابة مواطنين اثنين بالاختناق بقنابل الغاز خلال مواجهات عنيفة مع المغتصبين وقوات العدو على أطراف بلدة عَرّابة في جنين بالضفة المحتلة T.me/mehwaralmokawma «كُمَيْل»
29984,Janoubana,2026-09-02,error,fast_path: unmatched or missing condition,skip,extraction_marked_irrelevant,,,تحليق للطيران المسير: • Hermes 450 فوق جباع كفرا بصليا •Hermes 450 فوق الهلالية •Hermes 450 فوق سحمر مشغرة لبايا مزرعة الشميس •Hermes 450 فوق بيروت وضواحيها •Hermes 450 فوق الرمادية
29990,bintjbeilnews,2026-09-06,error,fast_path: no materializable village match,skip,no_place_extracted,,,الغارة على النبطية أسفرت عن إصابة المراسل علي شبيب ومصور كان يرافقه، وتم نقلهما إلى مستشفى الشيخ راغب حرب وأفيد أن حالتهما مستقرة (الوكالة الوطنية) ────────────── The airstrike on Nabatieh injured rep
29991,nbntweets,2026-08-17,error,fast_path: unmatched or missing condition,skip,extraction_marked_irrelevant,,,الوكالة الوطنية للإعلام: حريق كبير في المنصورية
29995,bintjbeilnews,2026-08-26,error,fast_path: unmatched or missing condition,skip,extraction_marked_irrelevant,,,🚨غارة تستهدف المنصوري ــــــــــــــ 🚨 An airstrike targets Al-Mansouri ــــــــــــــ 📲 قناة بنت جبيل على واتساب https://whatsapp.com/channel/0029VaG3H3R8fewmfDqRKX0Q
29997,Janoubana,2026-09-02,error,fast_path: unmatched or missing condition,skip,extraction_marked_irrelevant,,,محلّقة اسرائيلية محمّلة بمواد متفجّرة تحلّق في أجواء بلدة المنصوري
30000,Annahar,2026-09-06,error,fast_path: unmatched or missing condition,rematch,,يقصف الاحتلال الإسرائيلي محيط قرية الصمدانية الشرقية,يقصف الاحتلال الإسرائيلي محيط قرية الصمدانية الشرقية,التلفزيون السوري: الاحتلال الإسرائيلي يقصف محيط قرية الصمدانية الشرقية في ريف القنيطرة الأوسط بقذيفة مدفعية
30006,nabatiehchannel,2026-09-02,error,fast_path: exact hash already materialized; no new incident,skip,exact_hash_duplicate,,,🏴قصف مدفعي مستمر يستهدف بلدة حولا
30008,bintjbeilnews,2026-08-27,error,fast_path: unmatched or missing condition,skip,extraction_marked_irrelevant,,,🚨الطيران الحربي الإسرائيلي أغار على برعشيت ────────────── israeli warplanes carried out an airstrike on Baraachit. ────────────── 📲 قناة بنت جبيل على واتساب https://whatsapp.com/channel/0029VaG3H3R8fe
30009,Lebanon24,2026-08-17,error,fast_path: unmatched or missing condition,rematch,,اعتداء بمسيّرات إسرائيلية,اعتداء بمسيّرات إسرائيلية,بعد اعتداء بمسيّرات إسرائيلية.. حرائق في دوحة كفررمان #lebanon24 lebanon24.com/news/articles/… via @Lebanon24 Link بعد اعتداء بمسيّرات إسرائيلية.. حرائق في دوحة كفررمان بعد اعتداء بمسيّرات إسرائيلية..
30010,MTVLebanonNews,2026-09-09,error,fast_path: unmatched or missing condition,skip,extraction_marked_irrelevant,,,حريق كبير في سنّ الفيل! mtv.com.lb/news/1735024 Link حريق كبير في سنّ الفيل! اندلع حريق كبير في أرض يابسة في سنّ الفيل، وتصاعد دخان كثيف في المنطقة، وهرعت فرق الإطفاء إلى المكان، حيث تعمل على محاصرة ا
30014,ALJADEEDNEWS,2026-09-07,error,fast_path: no materializable village match,skip,no_place_extracted,,,لحظة الغارة.. وإصابة المراسل اظهر مقطع فيديو لحظة إصابة مراسل قناة المنار علي شبيب في مدينة النبطية جراء غارة إسرائيلية إستهدفت مبنى بقربه مما ادى الى اصابته في قدمه وحالته مستقرة. #لبنان #النبطية #ال
30016,almanarnews,2026-09-06,error,fast_path: no materializable village match,skip,no_place_extracted,,,📹 بالفيديو | غارة إسرائيلية بمسيّرة تستهدف دراجة نارية في النبطية الفوقا https://almanar.com.lb/article/1156097/?s=tg
30018,Lebanon24,2026-08-18,error,fast_path: unmatched or missing condition,skip,extraction_marked_irrelevant,,,بالفيديو... حريق كبير قرب الخطّ البحريّ لأوتوستراد الدورة lebanon24.com/news/articles/… via @Lebanon24 Link بالفيديو... حريق كبير قرب الخطّ البحريّ لأوتوستراد الدورة بالفيديو... حريق كبير قرب الخطّ ال
30019,lebanondebate,2026-09-15,error,fast_path: unmatched or missing condition,skip,extraction_marked_irrelevant,,,"""الوكالة الوطنية"": مسيّرة إسرائيلية تحلّق فوق بيروت والضاحية الجنوبية"
30021,LBCI_NEWS,2026-08-18,error,fast_path: unmatched or missing condition,skip,extraction_marked_irrelevant,,,الوكالة الوطنية للإعلام: اندلاع حريق كبير بالقرب من الطريق البحرية في الدورة ودخان أسود يتصاعد في المكان فيما تعمل فرق الإطفاء على إخماد النيران
30023,manarbreaking,2026-08-26,error,fast_path: unmatched or missing condition,rematch,,غارة إسرائيلية,غارة إسرائيلية,🔴 عاجل | غارة إسرائيلية استهدفت المنطقة الواقعة بين بلدتي بلدة زوطر الشرقية و ميفدون في جنوب لبنان
30026,Lebanon24,2026-08-19,error,fast_path: unmatched or missing condition,rematch,,تفجيرات وقصف وقذائف مضيئة,تفجيرات وقصف وقذائف مضيئة,"""لبنان 24"": القوات الإسرائيلية نفّذت فجرًا تفجيرًا في حداثا عقب تفجيرات ليلا في المنصوري وقصف على مجدل زون والقاء قنابل مضيئة فوق صور وبنت جبيل #lebanon24"
30029,manarbreaking,2026-08-26,error,fast_path: no materializable village match,skip,no_place_extracted,,,🔴 عاجل | مراسل المنار: قصف مدفعي معاد يستهدف وادي السلوقي
30030,mehwaralmokawma,2026-08-26,error,fast_path: unmatched or missing condition,rematch,,محلقات تلقي غالونات متفجرة ومن ثم التفجير من بعد,محلقات تلقي غالونات متفجرة ومن ثم التفجير من بعد,#تحديث 🔴 محلقات تلقي غالونات متفجرة في بلدة المنصوري ، من بعد ذلك يتم التفجير من بُعد ، لذلك يصبح الصوت والضغط اقوى من المتوقع وبعد المتابعة والتدقيق، العدو يقوم باستخدام هذة الطريقة في البلدة للتدمير
30034,alichoeib1970,2026-08-27,error,Server disconnected without sending a response.,reextract,,,,صفحة الإعلامي الشهيد علي شعيب: الإعتداءات من منتصف الليل حتى الساعة: الغارات الحربية: اطراف علي الطاهر-النبطية الفوقا دوحة كفررمان المنصوري اطراف القنطرة-دير سريان بين ميفدون و زوطر الشرقية القصف المد
30036,Janoubana,2026-08-26,error,fast_path: unmatched or missing condition,skip,extraction_marked_irrelevant,,,تحليق مسيرة من نوع (سكاي لارك) فوق اجواء مدينة صور و الجوار
30038,Janoubana,2026-08-26,error,fast_path: exact hash already materialized; no new incident,skip,exact_hash_duplicate,,,قصف مدفعي يستهدف وادي السلوقي
30043,Lebanon24,2026-08-19,error,fast_path: exact hash already materialized; no new incident,skip,exact_hash_duplicate,,,"""لبنان 24: قصف مدفعي إسرائيلي استهدف بلدة الخيام #lebanon24"
30044,ALJADEEDNEWS,2026-09-15,error,fast_path: unmatched or missing condition,skip,extraction_marked_irrelevant,,,تحليق للطيران المسيّر في أجواء بيروت والضاحية الجنوبية
30047,alakhbar_news,2026-08-19,error,fast_path: exact hash already materialized; no new incident,skip,exact_hash_duplicate,,,«الوكالة الوطنية»: توغل قوة إسرائيلية في الأطراف الغربية لمدينة ميس الجبل في منطقة دوبيه بالتزامن مع قصف مدفعي استهدف أحد المنازل أعقبه تمشيط كثيف بالأسلحة الرشاشة ما أدى إلى اندلاع حريق في المكان
30051,ALJADEED_NEWS,2026-08-19,error,fast_path: unmatched or missing condition,skip,no_place_extracted,,,"الوكالة الوطنية: مسيرة إسرائيلية ألقت قنبلة في بلدة المنصوري ما أدى الى اشتعال النيران في المنطقة التي سقطت فيها https://twitter.com/ALJADEEDNEWS/status/2090012364242329686 August 19, 2026 at 11:45AM"
30053,mehwaralmokawma,2026-08-26,error,fast_path: unmatched or missing condition,skip,extraction_marked_irrelevant,,,"تحليق مسير معادي فوق العاصمة بيروت . T.me/mehwaralmokawma ‏ «جـھ,آد𓂆»"
30054,mehwaralmokawma,2026-09-04,error,fast_path: no materializable village match,skip,no_place_extracted,,,"غارة محيط ساحة ميفدون. T.me/mehwaralmokawma ‏ «جـھ,آد𓂆»"
30062,LBCI_NEWS,2026-08-19,error,fast_path: exact hash already materialized; no new incident,skip,exact_hash_duplicate,,,الوكالة الوطنية للإعلام: مسيرة إسرائيلية ألقت قنبلة في بلدة المنصوري ما أدى الى اشتعال النيران في المنطقة التي سقطت فيها
30064,mehwaralmokawma,2026-08-22,error,fast_path: unmatched or missing condition,skip,no_place_extracted,,,غارة صهيونية استهدفت وادي صربين جنوب لبنان T.me/mehwaralmokawma «كُمَيْل»
30067,ALJADEEDNEWS,2026-08-19,error,fast_path: unmatched or missing condition,rematch,,ألقت قنبلة,ألقت قنبلة,الوكالة الوطنية: مسيرة إسرائيلية ألقت قنبلة في بلدة المنصوري ما أدى الى اشتعال النيران في المنطقة التي سقطت فيها
30072,mehwaralmokawma,2026-08-27,error,fast_path: no materializable village match,skip,no_place_extracted,,,تحركت قوات الاحتلال الإسرائيلي، ترافقها دبابات وجرافات عسكرية، في الأطراف الغربية لمدينة ميس الجبل، منطقة الدبش، بالتزامن مع قصف مدفعي استهدف عددًا من المنازل في المنطقة، إضافةً إلى إقدامها على حرق من
30075,bintjbeilnews,2026-09-05,error,fast_path: unmatched or missing condition,rematch,,غارتان,غارتان,🚨🚨غارتان على القنطرة
30077,LBCI_NEWS,2026-09-13,error,fast_path: unmatched or missing condition,rematch,,غارتان إسرائيليتان,غارتان إسرائيليتان,غارتان إسرائيليتان على بلدة النبطية الفوقا
30078,nabatiehchannel,2026-09-02,error,fast_path: unmatched or missing condition,rematch,,أغار الطيران المسير الإسرائيلي,أغار الطيران المسير الإسرائيلي,🏴اولي الطيران المسير الإسرائيلي أغار مستهدفًا بلدة النبطية الفوقا.
30079,mehwaralmokawma,2026-08-27,error,fast_path: unmatched or missing condition,skip,extraction_marked_irrelevant,,,تحليق للطيران المسيّر المعادي في أجواء السكسكية والصرفند على علو منخفض T.me/mehwaralmokawma «كُمَيْل»
30082,alichoeib1970,2026-08-26,error,fast_path: unmatched or missing condition,skip,no_place_extracted,,,صفحة الإعلامي الشهيد علي شعيب: منذ بعض الوقت أقدم العدو على تنفيذ تفجيرين في مدينة بنت جبيل
30084,Janoubana,2026-08-26,error,fast_path: unmatched or missing condition,rematch,,,,صباح اليوم، سقطت درون إسرائيلية في بلدة حبوش وبحوزتها قذيفة
30085,nabatiehchannel,2026-09-02,error,fast_path: exact hash already materialized; no new incident,skip,exact_hash_duplicate,,,🏴قصف مدفعي يستهدف بلدة حولا
30089,Janoubana,2026-09-02,error,fast_path: unmatched or missing condition,rematch,,,,تحليق للطيران المسير: Hermes 450 عدد 2 + Heron TP عدد 1 فوق علي الطاهر كفرتبنيت النبطية الفوقا النبطية التحتا كفررمان زوطر الشرقية Hermes 450 فوق جبشيت Hermes 450 فوق بنت جبيل كونين
30092,bintjbeilnews,2026-08-27,error,fast_path: no materializable village match,skip,no_place_extracted,,,🚨القناة 12 الإسرائيلية: الجيش الإسرائيلي شن غارات على منطقة النبطية ────────────── israeli Channel 12: The israeli army carried out airstrikes on the Nabatieh area. ────────────── 📲 قناة بنت جبيل على 
30094,lebanondebate,2026-08-19,error,fast_path: unmatched or missing condition,skip,extraction_marked_irrelevant,,,"""الوكالة الوطنية"": تحليق مسير معاد فوق بيروت على علو منخفض"
30103,bintjbeilnews,2026-08-22,error,fast_path: unmatched or missing condition,rematch,,غارة عنيفة,غارة عنيفة,غارة عنيفة في محيط بلدة صربين ــــــــــــــ A powerful airstrike hits the vicinity of the town of Srebbine ــــــــــــــ 📲 قناة بنت جبيل على واتساب https://whatsapp.com/channel/0029VaG3H3R8fewmfDqRK
30111,mehwaralmokawma,2026-08-26,error,fast_path: unmatched or missing condition,rematch,,,Bombs,غارة تستهدف بلدة المنصوري
30113,Annahar,2026-09-06,error,fast_path: no materializable village match,rematch,,Bombs,Bombs,غارة إسرائيلية تستهدف حي الرويس في النبطية
30114,mehwaralmokawma,2026-08-27,error,fast_path: unmatched or missing condition,skip,extraction_marked_irrelevant,,,إن الإعلام أكثر فعالية من الصواريخ والطائرات المسيّرة والطائرات في فرض التراجع على العدو والتأثير في القلوب والعقول، ومن يملك إعلامًا أقوى يكون أكثر نجاحًا في تحقيق أهدافه ~ الشهيد الإمام الخامنئي (اس
30120,alichoeib1970,2026-08-25,error,fast_path: unmatched or missing condition,rematch,,دبابة ميركافا تستهدف وتمشيط بالأسلحة الرشاشة,Tank Fire,صفحة الإعلامي الشهيد علي شعيب : • دبابة ميركافا تستهدف بلدة المنصوري • تمشيط بالأسلحة الرشاشة بإتجاه بلدة حداثا
30127,Janoubana,2026-08-26,error,fast_path: exact hash already materialized; no new incident,skip,exact_hash_duplicate,,,قصف مدفعي يستهدف بلدة المنصوري
30129,mehwaralmokawma,2026-08-27,error,fast_path: unmatched or missing condition,rematch,,غارة جوية إسرائيلية,غارة جوية إسرائيلية,غارة جوية إسرائيلية على أطراف بلدة النبطية الفوقا، جنوب لبنان. T.me/mehwaralmokawma «كُمَيْل»
30130,mehwaralmokawma,2026-08-22,error,fast_path: unmatched or missing condition,skip,extraction_marked_irrelevant,,,تحليق لطيران الاستطلاع المعادي على علو منخفض جدا في أجواء الشويفات - عرمون - بشامون T.me/mehwaralmokawma «رضــ𓂆ــوان»
30131,Janoubana,2026-08-26,error,fast_path: unmatched or missing condition,rematch,,,Bombs,غارة تستهدف بلدة المنصوري
30133,alichoeib1970,2026-08-27,error,fast_path: unmatched or missing condition,rematch,,,Bombs,صفحة الإعلامي الشهيد علي شعيب : ● آخر الاعتداءات : • أغار الطيران الحربي المعادي مستهدفاً بلدة برعشيت. • تحركت آليات جيش العدو عند أطراف بلدة حداثا لجهة بلدة عيتا الجبل. • أغار الطيران الحربي المعادي 
30135,manarbreaking,2026-08-27,error,fast_path: unmatched or missing condition,skip,no_place_extracted,,,🔴 عاجل | مراسل المنار: غارة صهيونية على وادي السلوقي
30138,sameralhajali,2026-08-27,error,fast_path: no materializable village match,skip,no_place_extracted,,,توغلت قوات الاحتلال الإسرائيلي، ترافقها دبابات وجرافات عسكرية، في الأطراف الغربية لمدينة ميس الجبل، منطقة الدبش، بالتزامن مع قصف مدفعي استهدف عددًا من المنازل في المنطقة، إضافةً إلى إقدامها على حرق من
30141,ALJADEEDNEWS,2026-08-19,error,fast_path: no materializable village match,skip,no_place_extracted,,,الوكالة الوطنية: الجيش الإسرائيلي جرف عدداً من المنازل في مشاع المنصوري تزامناً مع قصف مدفعي وإحراق منازل في الحي الرابع للبلدة في جنوب صور
30142,sameralhajali,2026-08-26,error,fast_path: unmatched or missing condition,rematch,,غارة,غارة,حوالي الساعة 1:30 فجرا غارة استهدفت بلدة النبطية الفوقا
30144,Janoubana,2026-09-04,error,fast_path: no materializable village match,skip,no_place_extracted,,,غارة النبطية الفوقا
30148,nabatiehchannel,2026-08-27,error,fast_path: unmatched or missing condition,skip,extraction_marked_irrelevant,,,*غارتين عنيفتين على علي الطاهر* لمتابعة اخبار النبطية والجنوب بالصور والفيديو عبر قناة الواتس اب الرسمية عبر الرابط https://whatsapp.com/channel/0029VbBHw5gAjPXUcG5LJV0B
30152,bintjbeilnews,2026-08-22,error,fast_path: unmatched or missing condition,rematch,,غارة اســــــرائيلية,غارة اســــــرائيلية,🚨 أولي - غارة اســــــرائيلية استهدفت اطراف بلدة صربين
30155,nabatiehchannel,2026-08-27,error,fast_path: no materializable village match,skip,no_place_extracted,,,🟣 قصف مدفعي يستهدف علي الطاهر لمتابعة اخبار النبطية والجنوب بالصور والفيديو عبر قناة الواتس اب الرسمية عبر الرابط https://whatsapp.com/channel/0029VbBHw5gAjPXUcG5LJV0B
30159,almayadeen,2026-08-27,error,fast_path: unmatched or missing condition,rematch,,غارة جوية إسرائيلية,غارة جوية إسرائيلية,لبنان: مراسل الميادين في الجنوب: الطائرات الحربية الإسرائيلية أغارت على وادي السلوقي
30166,mehwaralmokawma,2026-08-28,error,fast_path: no materializable village match,skip,no_place_extracted,,,"مشاهد من تقدم آليات من حولا بإتجاه وادي السلوقي بالتزامن مع قصف مدفعي وتمشيط يستهدف المنطقة. T.me/mehwaralmokawma ‏ «جـھ,آد𓂆»"
30172,almanarnews,2026-09-06,error,fast_path: unmatched or missing condition,rematch,,استهداف,استهداف,بالصورة | الطيران الحربي المعادي استهدف اطراف النبطية الفوقا في جنوب لبنان
30175,Janoubana,2026-08-27,error,fast_path: unmatched or missing condition,skip,no_place_extracted,,,غارة جديدة على وادي السلوقي
30177,nabatiehchannel,2026-08-27,error,fast_path: unmatched or missing condition,rematch,,غارة,غارة,🚨غارة على دوحة كفررمان
30179,mehwaralmokawma,2026-09-06,error,fast_path: no materializable village match,rematch,,احتلال إسرائيلي يقصف محيط القرية بقذيفة مدفعية,احتلال إسرائيلي يقصف محيط القرية بقذيفة مدفعية,"التلفزيون السوري: الاحتلال الإسرائيلي يقصف محيط قرية الصمدانية الشرقية في ريف القنيطرة الأوسط بقذيفة مدفعية T.me/mehwaralmokawma ‏ «جـھ,آد𓂆»"
30181,Janoubana,2026-08-27,error,fast_path: unmatched or missing condition,rematch,,غارة استهدفت,غارة استهدفت,غارة استهدفت وادي السلوقي بالتزامن مع غارات القنطرة
30182,manarbreaking,2026-08-27,error,fast_path: unmatched or missing condition,rematch,,غارة صهيونية,غارة صهيونية,🔴 عاجل | غارة صهيونية على اطراف النبطية الفوقا
30185,sameralhajali,2026-08-27,error,fast_path: no materializable village match,skip,no_place_extracted,,,قصف مدفعي يستهدف مرتفعات علي الطاهر
30186,bintjbeilnews,2026-09-02,error,fast_path: unmatched or missing condition,skip,extraction_marked_irrelevant,,,اندلاع حريق في باص للنقل المشترك جراء احتكاك كهربائي على طريق جونيه باتجاه بيروت A fire broke out in a public transport bus due to an electrical short circuit on the Jounieh road towards Beirut.
30187,manarbreaking,2026-08-27,error,fast_path: no materializable village match,skip,no_place_extracted,,,🔴 عاجل | مراسل المنار: قصف مدفعي صهيوني متكرر على منطقة علي الطاهر
30188,alichoeib1970,2026-08-27,error,fast_path: no materializable village match,skip,no_place_extracted,,,صفحة الإعلامي الشهيد علي شعيب : ● ملخّص اعتداءات اليوم: ● الغارات الحربية المعادية: • أطراف علي الطاهر – النبطية الفوقا • دوحة كفررمان • المنصوري • أطراف القنطرة – دير سريان • بين ميفدون وزوطر الشرقية
30191,Janoubana,2026-08-28,error,fast_path: unmatched or missing condition,skip,extraction_marked_irrelevant,,,تحليق درون على علو منخفض فوق تبنين ناحية المشروع الأخضر عند مجمع الابنية السكنية
30192,sameralhajali,2026-08-28,error,fast_path: no materializable village match,skip,no_place_extracted,,,تقدم آليات من حولا بإتجاه وادي السلوقي بالتزامن مع قصف مدفعي وتمشيط يستهدف المنطقة
30193,mehwaralmokawma,2026-08-28,error,fast_path: no materializable village match,skip,no_place_extracted,,,مراسل المنار: تقدم آليات من حولا بإتجاه وادي السلوقي بالتزامن مع قصف مدفعي وتمشيط يستهدف المنطقة T.me/mehwaralmokawma «☫نـصـراللّه☫»
30196,alakhbar_news,2026-08-28,error,fast_path: unmatched or missing condition,skip,extraction_marked_irrelevant,,,📰 غلاف «الأخبار» اليوم الجمعة 28 آب 2026 ◼️ ميسم رزق | سفير عصا الغولف في بيروت: أنت هنا لأيّ مهمة؟ ◼️ راجانا حمية | هيئة الحج «تنظّم» طريق البرّ: حملات العمرة أمام الاختبار ◼️ زينب بزي | وزارة الصحة:
30197,mehwaralmokawma,2026-08-28,error,fast_path: no materializable village match,skip,no_place_extracted,,,"مشاهد من تقدم آليات من حولا بإتجاه وادي السلوقي بالتزامن مع قصف مدفعي وتمشيط يستهدف المنطقة. T.me/mehwaralmokawma ‏ «جـھ,آد𓂆»"
30216,MTVLebanonNews,2026-08-19,error,fast_path: unmatched or missing condition,rematch,,انفجار تشريكة عبوات ناسفة من مخّلفات الجيش الاسرائيلي,انفجار تشريكة عبوات ناسفة من مخّلفات الجيش الاسرائيلي,"""الوكالة الوطنية"": 3 قتلى وجريح في انفجار تشريكة عبوات ناسفة من مخّلفات الجيش الاسرائيلي بين ميفدون وزوطر الشرقية"
30219,AlMayadeenNews,2026-09-07,error,fast_path: unmatched or missing condition,rematch,,عدوان الاحتلال,عدوان الاحتلال,"""9 شهداء في عدوان الاحتلال على كفررمان في قضاء النبطية"" التفاصيل مع مراسل #الميادين علي الأحمر @AliSalmanahmar Video"
30221,bintjbeilnews,2026-08-27,error,fast_path: no materializable village match,skip,no_place_extracted,,,🚨🚨غارات عنيفة على علي الطاهر
30223,almanarnews,2026-09-07,error,fast_path: unmatched or missing condition,rematch,,,Bombs,غـارات وتفجيرات نفذها الاحتلال في كفرتبنيت والنبطية الفوقا جنوب لبنان
30239,almanarnews,2026-09-08,error,fast_path: no materializable village match,skip,no_place_extracted,,,🔴 عاجل | مراسل المنار: الطيران الحربي الاسرائيلي المعادي اغار على وادي السلوقي في جنوب لبنان
30241,sameralhajali,2026-08-27,error,fast_path: unmatched or missing condition,skip,no_place_extracted,,,غارتان من الحربي استهدفت مرتفع علي الطاهر
30242,mehwaralmokawma,2026-08-23,error,fast_path: unmatched or missing condition,skip,extraction_marked_irrelevant,,,"حريق كبير في بلدة شحور قضاء صور، والنيران تقترب من المنازل. T.me/mehwaralmokawma ‏ «جـھ,آد𓂆»"
30244,sameralhajali,2026-08-27,error,fast_path: unmatched or missing condition,skip,no_place_extracted,,,غارتان من الحربي استهدفت مرتفع علي الطاهر
30245,alakhbar_news,2026-08-19,error,fast_path: unmatched or missing condition,skip,no_place_extracted,,,«الوكالة الوطنية»: استشهاد أحد جريحي انفجار تشريكة العبوات الناسفة التي وضعها العدو الإسرائيلي قرب الساتر الترابي بين ميفدون وزوطر الشرقية لتصبح الحصيلة 3 شهداء وجريح واحد
30258,mehwaralmokawma,2026-08-19,error,fast_path: unmatched or missing condition,skip,no_place_extracted,,,«الوكالة الوطنية»: استشهاد أحد جريحي انفجار تشريكة العبوات الناسفة التي وضعها العدو الإسرائيلي قرب الساتر الترابي بين ميفدون وزوطر الشرقية لتصبح الحصيلة 3 شهداء وجريح واحد T.me/mehwaralmokawma ‏ «محمد
30272,ALJADEED_NEWS,2026-08-27,error,fast_path: unmatched or missing condition,skip,no_place_extracted,,,مراسل الجديد: الطيران الحربي الاسرائيلي شن غارة عنيفة على دفعتين مستهدفا حرج علي الطاهر عند الاطراف الشرقية للنبطية الفوقا https://t.co/VMNJugJM1p https://x.com/ALJADEEDNEWS/status/2092827696573129111
30273,alakhbar_news,2026-08-27,error,fast_path: unmatched or missing condition,skip,extraction_marked_irrelevant,,,▪️ كشفت مصادر معنية عن نقاش يجري بعيداً عن الإعلام حول أوضاع العسكريين اللبنانيين الموجودين في المنطقة الحدودية المحتلة. فبعد اندلاع الحرب في 2 آذار الماضي وبدء توغّل قوات الاحتلال في المناطق الحدودية
30275,alichoeib1970,2026-08-27,error,fast_path: unmatched or missing condition,rematch,,,Sweeping Operations,صفحة الإعلامي الشهيد علي شعيب: توغّلت دبابتان من نوع «ميركافا» وعدد من آليات جيش العدو في أطراف بلدة كفرشوبا، في منطقة الشميس، حيث عُمل على رفع علمٍ في المنطقة، بالتزامن مع تنفيذ عملية تمشيط بالأسلحة 
30276,alichoeib1970,2026-08-27,error,fast_path: unmatched or missing condition,rematch,,اغارة الطيران المسير المعادي,اغارة الطيران المسير المعادي,صفحة الإعلامي الشهيد علي شعيب : اغار الطيران المسير المعادي مستهدفا بلدة النبطية الفوقا
30278,bintjbeilnews,2026-09-15,error,fast_path: unmatched or missing condition,skip,extraction_marked_irrelevant,,,🚨 مسيّرة إسرائيلية تحلّق في محيط كنيسة سيدة البشارة في زوطر الغربية بالتزامن مع زيارة السفير الأميركي
30279,almanarnews,2026-08-22,error,fast_path: unmatched or missing condition,rematch,,غارة إسرائيلية,غارة إسرائيلية,غارة إسـرائيلية على مرتفع علي الطاهر جنوبي لبنان
30282,Annahar,2026-09-05,error,fast_path: no materializable village match,skip,extraction_marked_irrelevant,,,#عاجل - منزل حبيب صادق في النبطية جنوب لبنان... وداعاً متحفٌ للفنون حيث يزدان بشتى اللوحات الرائعة لنخبة من الفنانين الجنوبيين وغيرهم annahar.com/lebanon/344421/%… Link منزل حبيب صادق في الكفور بعد تد
30285,alichoeib1970,2026-08-27,error,fast_path: unmatched or missing condition,rematch,,,,صفحة الإعلامي الشهيد علي شعيب: مدفعية العدو استهدفت أطراف بلدتي ميفدون- زوطر الشرقية
30289,alakhbar_news,2026-08-27,error,fast_path: unmatched or missing condition,rematch,,واسّع العد.و من نطاق اعتداءاته، واستهدف أحياء سكنية ومنازل,واسّع العد.و من نطاق اعتداءاته، واستهدف أحياء سكنية ومنازل,وسّع العد.و من نطاق اعتداءاته، واستهدف أحياء سكنية ومنازل في بلدة عرب صاليم
30293,nabatiehchannel,2026-08-27,error,fast_path: unmatched or missing condition,rematch,,,Bombs,من جديد غارة مسيرة تستهدف النبطية الفوقا
30299,bintjbeilnews,2026-08-27,error,fast_path: unmatched or missing condition,skip,extraction_marked_irrelevant,,,🚨من موقع الغارة في النبطية الفوقا ────────────── From the site of the airstrike in Nabatieh al-Fawqa. ────────────── 📲 قناة بنت جبيل على واتساب https://whatsapp.com/channel/0029VaG3H3R8fewmfDqRKX0Q
30300,alichoeib1970,2026-08-27,error,fast_path: unmatched or missing condition,rematch,,الطيران المسير المعادي استهدف منطقة المدينة الصناعية,الطيران المسير المعادي استهدف منطقة المدينة الصناعية,صفحة الإعلامي الشهيد علي شعيب : الطيران المسير المعادي استهدف منطقة المدينة الصناعية اطراف بلدة كفررمان
30302,almanarnews,2026-09-06,error,fast_path: unmatched or missing condition,skip,no_place_extracted,,,🔵 الطيران الحربي المعادي يستهدف مدينة النبطية https://almanar.com.lb/article/1155832/?s=tg
30304,ALJADEED_NEWS,2026-08-27,error,fast_path: unmatched or missing condition,rematch,,غارة تستهدف,غارة تستهدف,"مراسل الجديد: غارة تستهدف بلدة برعشيت في قضاء بنت جبيل https://x.com/ALJADEEDNEWS/status/2092995696198619255 August 27, 2026 at 05:20PM"
30305,mehwaralmokawma,2026-09-06,error,fast_path: unmatched or missing condition,rematch,,,,🌟مدفعية الاحتلال الإسرائيلي تستهدف دوحة كفررمان قرب النبطية في جبل عامل T.me/mehwaralmokawma «مـيّـثـمـ𓂆»
30306,almanarnews,2026-08-28,error,fast_path: unmatched or missing condition,skip,extraction_marked_irrelevant,,,بالفيديو | الاحتلال يصعّد عدوانه جنوباً… قصف وتمشيط بالرشاشات مع تقدم آلياته باتجاه وادي السلوقي https://almanar.com.lb/article/1131737/?s=tg
30307,alichoeib1970,2026-08-28,error,fast_path: unmatched or missing condition,skip,no_place_extracted,,,صفحة الإعلامي الشهيد علي شعيب : تمشيط بالأسلحة الرشاشة باتجاه بلدة حداثا، بالتزامن مع تنفيذ جيش العدو عملية تفجير في البلدة
30308,hashemsayed,2026-08-28,error,fast_path: no materializable village match,skip,no_place_extracted,,,الاعتداءات الصهيونية من منتصف الليل حتى الساعة ١٠ صباحا: ● التفجيرات: • زوطر الشرقية • المنصوري ● القصف المدفعي: • محيط علي الطاهر • وادي الحجير ● التحركات والتمشيط: • تحرّك لآليات العدو في البياضة وم
30310,mehwaralmokawma,2026-08-28,error,fast_path: unmatched or missing condition,skip,extraction_marked_irrelevant,,,مسيرة بدون صوت تحلق فوق الرمادية جنوبي لبنان T.me/mehwaralmokawma «☫نـصـراللّه☫»
30311,alichoeib1970,2026-08-28,error,fast_path: no materializable village match,rematch,,تفجير,تفجير,صفحة الإعلامي الشهيد علي شعيب : • منذ بعض الوقت، أقدم العدو الإسرائيلي على تنفيذ تفجير في بلدة رب ثلاثين
30316,nabatiehchannel,2026-09-01,error,fast_path: exact hash already materialized; no new incident,skip,exact_hash_duplicate,,,قصف مدفعي من العيار الثقيل محيط بيت ياحون
30320,almanarnews,2026-08-27,error,fast_path: unmatched or missing condition,skip,no_place_extracted,,,بالفيديو | مشاهد غارة جوية إسرائيلية تستهدف مرتفع علي الطاهر جنوب لبنان https://almanar.com.lb/article/1128692/?s=tg
30325,Janoubana,2026-08-27,error,fast_path: unmatched or missing condition,skip,extraction_marked_irrelevant,,,اندلاع حريق في المنطقة بين كونين وعيناثا جراء اطلاق العدو لقذيفة مدقعية صباحا باتجاه المكان.
30331,Janoubana,2026-09-01,error,fast_path: exact hash already materialized; no new incident,skip,exact_hash_duplicate,,,قصف مدفعي مستمر على حرش علي الطاهر ودوحة كفررمان
30334,almayadeen,2026-08-19,error,fast_path: no materializable village match,skip,no_place_extracted,,,لبنان: مراسل الميادين في الجنوب: اعتداء إسرائيلي بغارات من الطائرات الحربية على مرتفع علي الطاهر
30337,Janoubana,2026-08-27,error,fast_path: unmatched or missing condition,rematch,,استهدف العدو فجراً فيلا فضل عبد الحسين و بناية حسن سلوم,استهدف العدو فجراً فيلا فضل عبد الحسين و بناية حسن سلوم,استهدف العدو فجراً فيلا فضل عبد الحسين و بناية حسن سلوم في النبطية الفوقا - حي الدير
30341,mehwaralmokawma,2026-09-05,error,fast_path: unmatched or missing condition,skip,extraction_marked_irrelevant,,,🌟 يلي عم يقاتل كرمال السيد، السيد استشهد يلي عم يقاتل كرمال البيت، البيت تدمر يلي عم يقاتل كرمال أرض، الأرض بتنجرف وبتتغير... يلي عم يقاتل كرمال موقع، العدو يمكن يحتل الموقع يلي عم يقاتل لله، ورضا الل
30342,Janoubana,2026-08-21,error,fast_path: unmatched or missing condition,rematch,,دبابة ميركافا معادية استهدفت,دبابة ميركافا معادية استهدفت,دبابة ميركافا معادية استهدفت وادي المنصوري بقذيفة
30343,mehwaralmokawma,2026-08-27,error,fast_path: unmatched or missing condition,rematch,,تحليق للطيران المسير المعادي على علو منخفض جدا,تحليق للطيران المسير المعادي على علو منخفض جدا,تحليق للطيران المسير المعادي على علو منخفض جدا في أجواء بشامون / عرمون / الشويفات. T.me/mehwaralmokawma «صادق»
30344,mehwaralmokawma,2026-08-27,error,fast_path: unmatched or missing condition,skip,extraction_marked_irrelevant,,,مسيرة صهيونية من طراز ميني تاكتي للكشف الحراري والإلكتروني تحلق فوق كفررمان جنوبي لبنان T.me/mehwaralmokawma «☫نـصـراللّه☫»
30348,Janoubana,2026-08-27,error,fast_path: unmatched or missing condition,skip,extraction_marked_irrelevant,,,تحليق درون اطراف بلدة شقرا
30352,mehwaralmokawma,2026-08-27,error,fast_path: unmatched or missing condition,rematch,,,,درونات صهيونية فوق شقرا وحولا جنوبي لبنان تزامنا مع إستمرار تحليق الطيران المسير المعادي فوق الجنوب والنبطية T.me/mehwaralmokawma «☫نـصـراللّه☫»
30355,mehwaralmokawma,2026-08-27,error,fast_path: unmatched or missing condition,skip,extraction_marked_irrelevant,,,تحليق مسير فوق زلايا البقاع الغربي T.me/mehwaralmokawma «كُمَيْل»
30359,mehwaralmokawma,2026-08-27,error,fast_path: no materializable village match,skip,no_place_extracted,,,درون تابعة لقوات جيش العدو الصهيوني القت قنبلة صوتية على المنصوري في قضاء صور جنوبي لبنان الصامد T.me/mehwaralmokawma «𓂆سيد كـيـان»
30361,Janoubana,2026-09-05,error,fast_path: unmatched or missing condition,rematch,,,,قصف مدفعي محيط بلدة برعشيت
30371,alimortada963,2026-08-25,error,fast_path: no materializable village match,skip,no_place_extracted,,,قصف مدفعي متواصل على المنصوري
30374,Janoubana,2026-08-27,error,fast_path: exact hash already materialized; no new incident,skip,exact_hash_duplicate,,,قصف مدفعي يستهدف اطراف زوطر الشرقية
30377,Annahar,2026-09-05,error,fast_path: unmatched or missing condition,rematch,,غارتان إسرائيليتان,غارتان إسرائيليتان,غارتان إسرائيليتان على بلدة القنطرة في قضاء مرجعيون
30380,alakhbar_news,2026-09-06,error,fast_path: unmatched or missing condition,skip,extraction_marked_irrelevant,,,إليكم أبرز عناوين التغطية حتى الساعة 9:00 مساءً بتوقيت العاصمة بيروت: 🔵 بري: إسرائيل تحوّل الجنوب إلى صندوق اقتراع بالدم دعا بري كافة الأطراف إلى الوقوف إلى جانب الجنوب، واعتبار قضيته قضية كل اللبناني
30381,Janoubana,2026-08-22,error,fast_path: unmatched or missing condition,rematch,,,Bombs,غارة على محيط النبطية الفوقا
30384,bintjbeilnews,2026-09-02,error,fast_path: unmatched or missing condition,skip,no_place_extracted,,,🚨غارات عنيفة بصواريخ ارتجاجية ثقيلة تستهدف تلة «علي الطاهر»، وتُحدث ارتجاجات واسعة شعر بها معظم سكان الجنوب
30389,nabatiehchannel,2026-09-06,error,fast_path: unmatched or missing condition,skip,extraction_marked_irrelevant,,,تحليق طائرة استطلاع مسيّرة كهربائية على علو منخفض فوق أجواء النبطية
30390,lebanondebate,2026-09-13,error,fast_path: unmatched or missing condition,skip,extraction_marked_irrelevant,,,إجتياح دمشق وبيروت بريا- تحذير تركي يستدعي نفير عسكري عاجل بوجه اسرائيل-ما كشفه حمزة تكين حساس lbdb.co/878296
30392,sameralhajali,2026-09-01,error,fast_path: exact hash already materialized; no new incident,skip,exact_hash_duplicate,,,قصف مدفعي يستهدف بلدة النبطية الفوقا
30394,sameralhajali,2026-08-20,error,fast_path: unmatched or missing condition,skip,extraction_marked_irrelevant,,,وسائل إعلام إسرائيلية: خلال عملية السيطرة على بلدة رشاف، اضطر الجيش الإسرائيلي إلى تغير خططه بعد مواجهة العديد من العبوات الناسفة والصواريخ المضادة للدروع وقذائف الهاون.
30400,bintjbeilnews,2026-09-02,error,fast_path: exact hash already materialized; no new incident,skip,exact_hash_duplicate,,,يقوم العد. W بإطلاق قذائف هاون باتجاه أطراف بلدة كفرشوبا ــــــــــــــ The en. W is firing mortar shells toward the outskirts of Kfar Shouba ــــــــــــــ 📲 قناة بنت جبيل على واتساب https://whatsapp
30401,mehwaralmokawma,2026-08-21,error,fast_path: unmatched or missing condition,rematch,,غارة جوية استهدفت مبنى,غارة جوية استهدفت مبنى,"المتحدث باسم جيش العدو الصهيوني يزعم: غارة جوية استهدفت مبنى في قرية ""برعشيت"" بجنوب لبنان بعد رصد مشتبه بهم شكلوا تهديداً للقوات. الجيش يؤكد التزامه بالاتفاق مع لبنان. T.me/mehwaralmokawma ‏ «شُمران𓂆»"
30406,manarbreaking,2026-09-01,error,fast_path: unmatched or missing condition,skip,extraction_marked_irrelevant,,,🔴 عاجل | مراسل المنار: غارة صهيونية تستهدف بلدة المنصوري في جنوب لبنان
30412,mehwaralmokawma,2026-09-01,error,fast_path: unmatched or missing condition,rematch,,استهداف منطقتي,استهداف منطقتي,"الطيران الحربي المعادي استهدف منطقتي علي الطاهر والدبشة في جنوب لبنان .. T.me/mehwaralmokawma ‏ «جـھ,آد𓂆»"
30413,manarbreaking,2026-08-20,error,fast_path: unmatched or missing condition,rematch,,غارتان للعدو,غارتان للعدو,🔴 عاجل | مراسل المنار: غارتان للعدو على تلة الدبشة ودوحة كفرمان في منطقة النبطية
30424,Annahar,2026-09-13,error,fast_path: no materializable village match,skip,extraction_marked_irrelevant,,,"استجواب في كفرشوبا وغارات جنوباً... ماذا بعد انسحاب ""اليونيفيل""؟ annahar.com/lebanon/346935/%… Link استجواب في كفرشوبا وغارات جنوباً... ماذا بعد انسحاب 'اليونيفيل'؟ تغطية استجواب في كفرشوبا وغارات جنو"
30428,nabatiehchannel,2026-08-25,error,fast_path: exact hash already materialized; no new incident,skip,exact_hash_duplicate,,,🚨قصف مدفعي يستهدف وادي السلوقي
30432,nabatiehchannel,2026-09-07,error,fast_path: unmatched or missing condition,rematch,,غارتان,غارتان,🏴مراسل إذاعة النور: غارتان استهدفتا بلدة النبطية الفوقا
30435,Janoubana,2026-09-06,error,fast_path: no materializable village match,skip,no_place_extracted,,,إصابة الصحافي علي شبيب في قناة المنار و المصور في غارة النبطية
30436,bintjbeilnews,2026-09-06,error,fast_path: no materializable village match,skip,no_place_extracted,,,🚨غارة على شارع محمود فقيه وسط النبطية ────────────── 🚨A airstrike targets Mahmoud Faqih Street in central Nabatieh. ────────────── 📲 قناة بنت جبيل على واتساب https://whatsapp.com/channel/0029VaG3H3R8f
30437,nabatiehchannel,2026-08-25,error,fast_path: unmatched or missing condition,rematch,,دبابة ميركافا معادية تستهدف,Tank Fire,🚨دبابة ميركافا معادية تستهدف بلدة المنصوري
30438,Janoubana,2026-08-25,error,fast_path: exact hash already materialized; no new incident,skip,exact_hash_duplicate,,,قصف مدفعي يستهدف وادي السلوقي
30439,sameralhajali,2026-08-25,error,fast_path: unmatched or missing condition,rematch,,دبابات معادية تستهدف,Tank Fire,دبابة ميركافا معادية تستهدف بلدة المنصوري
30440,ALJADEED_NEWS,2026-09-06,error,fast_path: no materializable village match,skip,no_place_extracted,,,"مراسل الجديد: غارة من مسيرة على شارع محمود فقيه وسط النبطية https://x.com/ALJADEEDNEWS/status/2096640390015144146 September 6, 2026 at 06:43PM"
30441,bintjbeilnews,2026-09-06,error,fast_path: no materializable village match,skip,no_place_extracted,,,🚨من غارات النبطية
30444,ALJADEED_NEWS,2026-09-06,error,fast_path: no materializable village match,skip,no_place_extracted,,,"مراسل الجديد: سلسلة غارات على اطراف النبطية الفوقا https://x.com/ALJADEEDNEWS/status/2096639247214162277 September 6, 2026 at 06:38PM"
30445,bintjbeilnews,2026-09-06,error,fast_path: no materializable village match,skip,no_place_extracted,,,🚨غارة على شارع محمود فقيه وسط النبطية ────────────── 🚨A airstrike targets Mahmoud Faqih Street in central Nabatieh. ────────────── 📲 قناة بنت جبيل على واتساب https://whatsapp.com/channel/0029VaG3H3R8f
30448,nabatiehchannel,2026-08-25,error,fast_path: unmatched or missing condition,rematch,,غارة تستهدف,غارة تستهدف,🚨 غارة تستهدف دير سريان لمتابعة اخبار النبطية والجنوب بالصور والفيديو عبر قناة الواتس اب الرسمية عبر الرابط https://whatsapp.com/channel/0029VbBHw5gAjPXUcG5LJV0B
30449,alichoeib1970,2026-09-06,error,fast_path: unmatched or missing condition,rematch,,استهداف من الطيران المسير المعادي,استهداف من الطيران المسير المعادي,صفحة الإعلامي الشهيد علي شعيب الطيران المسير المعادي استهدف اطراف النبطية الفوقا
30452,alichoeib1970,2026-08-25,error,fast_path: unmatched or missing condition,rematch,,تفجيرين,تفجيرين,صفحة الإعلامي الشهيد علي شعيب: أقدم العدو الإسرائيلي على تنفيذ تفجيرين في مدينة الخيام
30453,bintjbeilnews,2026-09-06,error,fast_path: unmatched or missing condition,rematch,,استهداف من الطيران المسير الإسرائيلي,استهداف من الطيران المسير الإسرائيلي,🚨الطيران المسير الإسرائيلي استهدف النبطية الفوقا ────────────── 🚨An Israeli drone targeted Nabatieh al-Fawqa. ────────────── 📲 قناة بنت جبيل على واتساب https://whatsapp.com/channel/0029VaG3H3R8fewmfDq
30454,sameralhajali,2026-09-06,error,fast_path: unmatched or missing condition,rematch,,استهداف من الطيران المسير المعادي,استهداف من الطيران المسير المعادي,الطيران المسير المعادي استهدف اطراف النبطية الفوقا في جنوب لبنان
30456,mehwaralmokawma,2026-09-06,error,fast_path: no materializable village match,skip,no_place_extracted,,,قصف مدفعي يستهدف وادي زبقين T.me/mehwaralmokawma «كُمَيْل»
30457,alichoeib1970,2026-09-06,error,fast_path: unmatched or missing condition,rematch,,,,صفحة الإعلامي الشهيد علي شعيب مجدداً، تفجير لجيش العدو وقصف مدفعي معادٍ استهدف بلدة المنصوري وتفجير في وادي السلوقي
30459,almayadeen,2026-09-06,error,fast_path: unmatched or missing condition,rematch,,,,"لبنان: ""جيش"" الاحتلال الإسرائيلي يهدد بقصف مبنى في دير الزهراني"
30461,mehwaralmokawma,2026-09-06,error,fast_path: unmatched or missing condition,skip,extraction_marked_irrelevant,,,تحليق مسير منخفض جدا في كل من جبشيت و حاروف أقصى درجات الحذر T.me/mehwaralmokawma «كُمَيْل»
30462,mehwaralmokawma,2026-09-06,error,fast_path: unmatched or missing condition,skip,extraction_marked_irrelevant,,,تحليق مسير في الاجواء الآن فوق النبطية حيطة وحذر T.me/mehwaralmokawma «كُمَيْل»
30464,sameralhajali,2026-08-25,error,fast_path: unmatched or missing condition,rematch,,غارة تستهدف,غارة تستهدف,غارة تستهدف بلدة صربين
30465,almanarnews,2026-09-06,error,fast_path: unmatched or missing condition,rematch,,استهداف,استهداف,صورة | الطيران المسير المعادي استهدف مدينة النبطية في جنوب لبنان
30467,mehwaralmokawma,2026-09-13,error,fast_path: unmatched or missing condition,skip,extraction_marked_irrelevant,,,استمرار تحليق الطيران المسير المعادي فوق جنوب لبنان والنبطية والبقاع وبعض مناطق شرق وشمال شرق لبنان T.me/mehwaralmokawma «☫نـصـراللّه☫»
30468,mehwaralmokawma,2026-08-25,error,fast_path: unmatched or missing condition,skip,extraction_marked_irrelevant,,,صفحة الإعلامي الشهيد علي شعيب: الطيران الحربي المعادي أغار مستهدفا المنطقة الواقعة بين تلة الدبشة و علي الطاهر T.me/mehwaralmokawma «☫نـصـراللّه☫»
30470,alichoeib1970,2026-09-06,error,fast_path: no materializable village match,skip,no_place_extracted,,,صفحة الإعلامي الشهيد علي شعيب: الطيران المسير المعادي أغار مستهدفا سيارة في موقف فخرالدين في مدينة النبطية
30475,nabatiehchannel,2026-09-16,error,fast_path: unmatched or missing condition,rematch,,,Sweeping Operations,🏴ملخص الإعتداءات من منتصف الليل حتى الساعة: القصف المدفعي: الخيام كفرتبنيت اطراف برعشيت النبطية الفوقا التفجيرات المعادية: المنصوري توغل قوة معادية الى الحي الغربي في بلدة حلتا و عملو على تفتيش المناز
30477,MTVLebanonNews,2026-09-06,error,fast_path: unmatched or missing condition,skip,extraction_marked_irrelevant,,,تحليق للطيران المسيّر الإسرائيليّ على مستوى منخفض فوق منطقة الزهراني
30488,nabatiehchannel,2026-09-01,error,fast_path: exact hash already materialized; no new incident,skip,exact_hash_duplicate,,,🏴قصف مدفعي ثقيل يستهدف بلدة بيت ياحون
30489,ALJADEED_NEWS,2026-08-25,error,fast_path: unmatched or missing condition,rematch,,غارة استهدفت,غارة استهدفت,"🔵 مراسل الجديد: غارة استهدفت اطراف وادي السلوقي لجهة شقرا قضاء بنت جبيل https://t.co/UXKKM6hv0W https://x.com/ALJADEEDNEWS/status/2092321117532758426 August 25, 2026 at 08:40PM"
30491,ALJADEED_NEWS,2026-09-06,error,fast_path: no materializable village match,skip,no_place_extracted,,,"بالصورة.. غارة إسرائيلية تستهدف مستشفى غندور في النبطية الفوقا⬇️https://t.co/xDqHcpRMop https://x.com/ALJADEEDNEWS/status/2096465519888970208 September 6, 2026 at 07:08AM"
30492,alakhbar_news,2026-09-01,error,fast_path: unmatched or missing condition,rematch,,غارة إسرائيلية,غارة إسرائيلية,غارة إسرائيلية تستهدف دوحة كفررمان في قضاء النبطية
30495,sameralhajali,2026-09-01,error,fast_path: unmatched or missing condition,rematch,,غارة تستهدف,غارة تستهدف,غارة تستهدف دوحة كفررمان
30500,Janoubana,2026-09-01,error,fast_path: unmatched or missing condition,skip,extraction_marked_irrelevant,,,تحليق مسير النبطية والجوار
30501,bintjbeilnews,2026-08-25,error,fast_path: unmatched or missing condition,rematch,,غارة,غارة,🚨غارة على اطراف حولا والصاروخ لم ينفجر An airstrike on the outskirts of Houla and the missile did not explode
30505,bintjbeilnews,2026-08-25,error,fast_path: unmatched or missing condition,rematch,,غارة استهدفت,غارة استهدفت,🚨غارة استهدفت وادي السلوقي لجهة بلدة شقرا An airstrike targeted Wadi Al-Salouqi towards the town of Shaqra
30506,NNALeb,2026-09-04,error,fast_path: unmatched or missing condition,rematch,,استهداف دراجة نارية,استهداف دراجة نارية,طوارىء الصحة: شهيدان جراء استهداف العدو الإسرائيلي لدراجة نارية في كفررمان nna-leb.gov.lb/ar/news/short… Link طوارىء الصحة: شهيدان جراء استهداف العدو الإسرائيلي لدراجة نارية في كفررمان وطنية - أعلن مر
30507,LBCI_NEWS,2026-09-07,error,fast_path: unmatched or missing condition,rematch,,غارتين إسرائيليتين,غارتين إسرائيليتين,الدفاع المدني في جنوب لبنان للجزيرة: 10 شهداء و7 مصابين إثر غارتين إسرائيليتين فجر اليوم على بلدة كفررمان
30508,Lebanon24,2026-08-21,error,fast_path: no materializable village match,skip,no_place_extracted,,,"""لبنان 24"": قصف مدفعي إسرائيلي يستهدف أطراف ميفدون #lebanon24"
30517,Janoubana,2026-08-25,error,fast_path: unmatched or missing condition,skip,no_place_extracted,,,أولي: غارة على المنصوري قيد المتابعة…
30519,sameralhajali,2026-09-06,error,fast_path: unmatched or missing condition,rematch,,,,غارتين على محيط بلدة النبطية الفوقا
30522,mehwaralmokawma,2026-09-06,error,fast_path: unmatched or missing condition,rematch,,,,الرئيس نبيه بري تعليقاً على العدوان الإسرائيلي على مدينة النبطية وعرب صاليم وتدمير مستشفى غندور في النبطية الفوقا الرئيس نبيه بري: إسرائيل ماضية في تحويل الجنوب وأهله وممتلكاتهم إلى صندوق اقتراع بالدم
30533,sameralhajali,2026-09-06,error,fast_path: no materializable village match,skip,no_place_extracted,,,قصف مدفعي استهدف بلدة حداثا
30535,Janoubana,2026-09-01,error,fast_path: unmatched or missing condition,rematch,,,,تحليق للطيران المسير: •Hermes 450 فوق الزرارية انصار كوثرية الرز •Hermes 450 فوق بعلبك دوريس عين بورضاي •Hermes 450 فوق خضر حورتعلا بريتال •Hermes 450 عدد 3 فوق النبطية الفوقا النبطية التحتا علي الطاه
30536,ALJADEED_NEWS,2026-08-21,error,fast_path: unmatched or missing condition,skip,extraction_marked_irrelevant,,,"الوكالة الوطنية: تحليق للطيران المسير على علو منخفض فوق منطقة الزهراني https://twitter.com/ALJADEEDNEWS/status/2090782959557054863 August 21, 2026 at 02:47PM"
30544,manarbreaking,2026-09-06,error,fast_path: no materializable village match,skip,no_place_extracted,,,🔴 عاجل | تجدد القصف المدفعية الاسرائيلي المكثف باتجاه اطراف منطقة النبطية
30546,alichoeib1970,2026-09-06,error,fast_path: unmatched or missing condition,rematch,,تفجيرات لجيش العدو,تفجيرات لجيش العدو,صفحة الإعلامي الشهيد علي شعيب • محلّقة معادية ألقت مواد متفجرة على منطقة حرش علي الطاهر. • ٣ تفجيرات لجيش العدو في بلدة المنصوري.
30552,sameralhajali,2026-09-01,error,fast_path: exact hash already materialized; no new incident,skip,exact_hash_duplicate,,,قصف مدفعي يستهدف بلدة حولا
30554,ALJADEEDNEWS,2026-09-07,error,fast_path: unmatched or missing condition,rematch,,استهداف سيارة مدنية,استهداف سيارة مدنية,"أفاد مراسل ""الجديد"" أن مسيّرة إسرائيلية استهدفت سيارة مدنية في بلدة كفر رمان قضاء النبطية، ما أدى إلى استشهاد مسعفين في كشافة الرسالة الإسلامية كانا على متنها. #الجديد #أخبار_الجديد #لبنان #جنوب_لبنان"
30555,nabatiehchannel,2026-09-07,error,fast_path: no materializable village match,skip,extraction_marked_irrelevant,,,رحمةٌ إلهية… الطفل الرضيع الذي كان تحت الأنقاض إثر غارة كفررمان، على قيد الحياة.. لمتابعة اخبار النبطية والجنوب بالصور والفيديو عبر قناة الواتس اب الرسمية عبر الرابط https://whatsapp.com/channel/0029V
30558,nabatiehchannel,2026-09-07,error,fast_path: unmatched or missing condition,rematch,,غارتين إسرائيليتين,غارتين إسرائيليتين,الـدفـاع الـمـدنـي فـي جـنـوب لـبـنـان 10 شهداء و7 مصابين إثر غارتين إسرائيليتين فجر اليوم على بلدة كفررمان.
30559,mehwaralmokawma,2026-09-07,error,fast_path: unmatched or missing condition,rematch,,غارتين إسرائيليتين,غارتين إسرائيليتين,"الدفاع المدني في جنوب: 10 شهداء و7 مصابين إثر غارتين إسرائيليتين فجر اليوم على بلدة كفررمان. T.me/mehwaralmokawma ‏ «جـھ,آد𓂆»"
30563,Janoubana,2026-09-07,error,fast_path: no materializable village match,rematch,,توغل آليات للعدو وعملوا على استهداف خزان المياه بعدة قذائف من ميركافا,توغل آليات للعدو وعملوا على استهداف خزان المياه بعدة قذائف من ميركافا,توغل آليات للعدو في بيدر جنيجل (القنطرة) و عملوا على استهداف خزان المياه بعدة قذائف من ميركافا
30565,bintjbeilnews,2026-09-07,error,fast_path: unmatched or missing condition,rematch,,غارتين إسرائيليتين,غارتين إسرائيليتين,🚨 الدفاع المدني في جنوب لبنان للجزيرة: 10 شهـ و7 مصابين إثر غارتين إسرائيليتين فجر اليوم على بلدة كفررمان
30567,Janoubana,2026-08-25,error,fast_path: exact hash already materialized; no new incident,skip,exact_hash_duplicate,,,قصف مدفعي يستهدف بلدة المنصوري بالتزامن مع تحرك لآليات العدو في مشاع عند أطراف البلدة
30571,mehwaralmokawma,2026-09-07,error,fast_path: unmatched or missing condition,rematch,,عدوان إسرائيلي استهدف مبنى,عدوان إسرائيلي استهدف مبنى,"📹 بالفيديو | مشاهد من بلدة دير الزهراني جنوبي لبنان بعد عدوان إسرائيلي استهدف مبنى مهددًا فجر اليوم T.me/mehwaralmokawma ‏ «جـھ,آد𓂆»"
30578,alichoeib1970,2026-09-07,error,fast_path: unmatched or missing condition,rematch,,تفجيرين,تفجيرين,صفحة الإعلامي الشهيد علي شعيب: نفذ العدو تفجيرين في بلدة المنصوري
30580,nabatiehchannel,2026-08-25,error,fast_path: unmatched or missing condition,skip,extraction_marked_irrelevant,,,غارة من مسيرة دوحة كفررمان لمتابعة اخبار النبطية والجنوب بالصور والفيديو عبر قناة الواتس اب الرسمية عبر الرابط https://whatsapp.com/channel/0029VbBHw5gAjPXUcG5LJV0B
30582,alichoeib1970,2026-08-25,error,fast_path: unmatched or missing condition,rematch,,تفجيرين,تفجيرين,صفحة الإعلامي الشهيد علي شعيب: أقدم العدو الإسرائيلي على تنفيذ تفجيرين في بلدة المنصوري
30583,almayadeen,2026-08-21,error,fast_path: unmatched or missing condition,rematch,,غارة إسرائيلية,غارة إسرائيلية,لبنان: مراسل الميادين: غارة إسرائيلية تستهدف أطراف بلدة دير سريان في قضاء مرجعيون جنوبي البلاد
30584,alakhbar_news,2026-08-21,error,fast_path: unmatched or missing condition,rematch,,غارتان معاديتان,غارتان معاديتان,«الوكالة الوطنية»: غارتان معاديتان على مرتفعات علي الطاهر لجهة الدبشة على أطراف النبطية الفوقا وغارة على دوحة كفررمان
30586,bintjbeilnews,2026-09-07,error,fast_path: unmatched or missing condition,rematch,,غارتين إسرائيليتين,غارتين إسرائيليتين,🚨 الدفاع المدني في جنوب لبنان للجزيرة: 10 شهـ و7 مصابين إثر غارتين إسرائيليتين فجر اليوم على بلدة كفررمان ــــــــــــــ 🚨 Civil Defense in southern Lebanon to Al Jazeera: 10 martyrs and 7 injured fol
30589,manarbreaking,2026-09-08,error,fast_path: unmatched or missing condition,skip,no_place_extracted,,,🔴 عاجل | مراسل المنار: الطيران الحربي الاسرائيلي المعادي اعتدى على وادي السلوقي في جنوب لبنان
30594,sameralhajali,2026-09-07,error,fast_path: no materializable village match,rematch,,قصف مدفعي,قصف مدفعي,قصف مدفعي استهدف اطراف زوطر الشرقية لجهة ميفدون
30597,mehwaralmokawma,2026-08-25,error,fast_path: unmatched or missing condition,skip,extraction_marked_irrelevant,,,اولي - غارتين على المنصوري T.me/mehwaralmokawma «رضــ𓂆ــوان»
30598,ALJADEED_NEWS,2026-09-07,error,fast_path: unmatched or missing condition,rematch,,استهداف سيارة مدنية,استهداف سيارة مدنية,"أفاد مراسل ""الجديد"" أن مسيّرة إسرائيلية استهدفت سيارة مدنية في بلدة كفر رمان قضاء النبطية، ما أدى إلى استشهاد مسعفين في كشافة الرسالة الإسلامية كانا على متنها.#الجديد #أخبار_الجديد #لبنان #جنوب_لبنان "
30599,almayadeen,2026-08-21,error,fast_path: no materializable village match,skip,no_place_extracted,,,لبنان: مراسل الميادين في الجنوب: مدفعية الاحتلال تستهدف المنطقة الواقعة بين مرتفعي علي الطاهر والدبشة
30604,mehwaralmokawma,2026-09-04,error,fast_path: no materializable village match,skip,no_place_extracted,,,عدوان بغارة ايضا استهدف محيط الجبور جنوبي لبنان قبل دقائق قليلة T.me/mehwaralmokawma «☫نـصـراللّه☫»
30606,ALJADEEDNEWS,2026-09-07,error,fast_path: unmatched or missing condition,rematch,,,,ليلة دامية في كفررمان.. 9 شهداء بينهم رضيعان و5 جرحى | فيديو وتفاصيل ⏬ aljadeed.tv/news/%D9%85%D8%A… Link ليلة دامية في كفررمان.. 9 شهداء بينهم رضيعان و5 جرحى (فيديو) أفاد مراسل الجديد بأن 9 مواطنين ا
30609,alichoeib1970,2026-08-25,error,fast_path: unmatched or missing condition,rematch,,,,صفحة الإعلامي الشهيد علي شعيب: مدفعية العدو استهدفت بلدتي المنصوري و طيرحرفا و وادي زبقين تفجير نفذه العدو في محيط بلدة عيناثا
30610,Annahar,2026-09-07,error,fast_path: unmatched or missing condition,skip,no_place_extracted,,,"خاص ""النهار"": إسرائيل تسيطر وتُمهّد لتفجير ""علي الطاهر""... ""حزب الله"" يحاصر مسار الدولة التفاوضي؟ قد تلجأ إسرائيل إلى تفجير المنشأة كما فعلت في أنفاق الشقيف القريبة، وهو ما قد يغيّر معالم المنطقة ويعز"
30616,bintjbeilnews,2026-09-07,error,fast_path: unmatched or missing condition,rematch,,استهداف مبنى سكني,استهداف مبنى سكني,🚨🚨مجزرة إسرائيلية في كفررمان: استهداف مبنى سكني مؤلف من 3 طبقات، وحصيلة أولية تفيد بوقوع أكثر من 10 اصابات بين شهيد وجريح (بينهم رضيع)، مع استمرار البحث عن مفقودين بين الركام.
30620,ALJADEEDNEWS,2026-09-06,error,fast_path: unmatched or missing condition,rematch,,استهداف مبنى,استهداف مبنى,مراسل الجديد: الطيران الحربي الإسرائيلي استهدف المبنى المهدَّد في بلدة دير الزهراني
30622,mehwaralmokawma,2026-08-25,error,fast_path: exact hash already materialized; no new incident,skip,exact_hash_duplicate,,,قـصف مدفعي استهدف وادي السلوقي
30623,bintjbeilnews,2026-09-02,error,fast_path: unmatched or missing condition,rematch,,الغارة الجوية,الغارة الجوية,🚨📹الغارة على حاريص ────────────── The airstrike on Haris ────────────── 📲 قناة موقع بنت جبيل على واتساب https://whatsapp.com/channel/0029VaG3H3R8fewmfDqRKX0Q
30626,Janoubana,2026-09-01,error,fast_path: unmatched or missing condition,rematch,,,Bombs,غارة استهدفت الدبشة أيضا في نفس الوقت الذي تم استهداف فيه دوحة كفررمان
30627,bintjbeilnews,2026-09-02,error,fast_path: unmatched or missing condition,skip,extraction_marked_irrelevant,,,🚨مكان الغارة عند اطراف حاريص ────────────── The location of the airstrike on the outskirts of Haris ────────────── 📲 قناة موقع بنت جبيل على واتساب https://whatsapp.com/channel/0029VaG3H3R8fewmfDqRKX0Q
30632,sameralhajali,2026-09-01,error,fast_path: unmatched or missing condition,rematch,,غارة استهدفت,غارة استهدفت,غارة استهدفت النبطية الفوقا ( حي الدير ) بالتزامن مع الغارة على دوحة كفررمان
30633,bintjbeilnews,2026-09-01,error,fast_path: unmatched or missing condition,skip,extraction_marked_irrelevant,,,🚨 3 غارات حربية على محيط القنطرة ــــــــــــــ 🚨 Three airstrikes target the outskirts of Qantara ــــــــــــــ 📲 قناة بنت جبيل على واتساب https://whatsapp.com/channel/0029VaG3H3R8fewmfDqRKX0Q
30636,nabatiehchannel,2026-09-01,error,fast_path: unmatched or missing condition,rematch,,,Bombs,غارة محيط تلة علي الطاهر و الدبشة
30641,nabatiehchannel,2026-09-02,error,fast_path: unmatched or missing condition,rematch,,غارة جديدة تستهدف محيط,غارة جديدة تستهدف محيط,🏴غارة جديدة تستهدف محيط النبطية الفوقا- علي الطاهر
30645,alimortada963,2026-09-02,error,fast_path: unmatched or missing condition,rematch,,,Bombs,غارة جديدة في محيط النبطية الفوقا - علي الطاهر
30646,sameralhajali,2026-09-02,error,fast_path: no materializable village match,skip,no_place_extracted,,,قصف مدفعي عنيف يستهدف وادي زبقين
30653,hashemsayed,2026-09-02,error,fast_path: unmatched or missing condition,rematch,,استهداف,استهداف,الطيران الحربي المعادي استهدف اطراف بلدة النبطية الفوقا .. https://t.me/hashemsayed
30656,nabatiehchannel,2026-09-02,error,fast_path: unmatched or missing condition,rematch,,,Bombs,♦️| مجددا غارة ثانية على النبطية الفوقا
30657,mehwaralmokawma,2026-09-02,error,fast_path: unmatched or missing condition,rematch,,غارتين,غارتين,غارتين على النبطية الفوقا T.me/mehwaralmokawma «كُمَيْل»
30662,nabatiehchannel,2026-09-02,error,fast_path: unmatched or missing condition,rematch,,غارة,غارة,♦️| غارة علي الطاهر والصاروخ لم ينفجر
30663,nabatiehchannel,2026-08-24,error,fast_path: unmatched or missing condition,rematch,,غارة,غارة,🏴متابعة للخبر غارة استهدفت المنصوري وأخرى استهدفت بلدة بيوت السياد
30666,nabatiehchannel,2026-09-02,error,fast_path: unmatched or missing condition,rematch,,,Bombs,♦️| غارة على النبطية الفوقا
30669,Janoubana,2026-09-02,error,fast_path: unmatched or missing condition,rematch,,,,غارتين على النبطية الفوقا
30670,Janoubana,2026-09-02,error,fast_path: unmatched or missing condition,skip,no_place_extracted,,,غارة على تلة علي الطاهر
30671,sameralhajali,2026-08-24,error,fast_path: exact hash already materialized; no new incident,skip,exact_hash_duplicate,,,قصف مدفعي يستهدف بلدة المنصوري
30673,mehwaralmokawma,2026-09-02,error,fast_path: no materializable village match,skip,no_place_extracted,,,قصف جوي على علي الطاهر دون انفجار الصاروخ T.me/mehwaralmokawma «كُمَيْل»
30678,mehwaralmokawma,2026-09-02,error,fast_path: unmatched or missing condition,skip,extraction_marked_irrelevant,,,مراسل شِهَاَباً رَّصَدَاً في البقاع الغربي: تحليق للطيران المسير المعادي المسلح على علو متوسط في أجواء بلدتي سحمر ومشغرة والجوار. T.me/mehwaralmokawma «صادق»
30681,manarbreaking,2026-09-02,error,fast_path: unmatched or missing condition,rematch,,غارة صهيونية,غارة صهيونية,🔴 عاجل | مراسل المنار: غارة صهيونية تستهدف بلدة القنطرة في جنوب لبنان
30684,almanarnews,2026-08-24,error,fast_path: unmatched or missing condition,rematch,,غارتان إسرائيليتان,غارتان إسرائيليتان,عاجل | غارتان إسرائيليتان تستهدفان المنطقة الواقعة بين بلدتي حولا وميس الجبل جنوبي #لبنان
30686,bintjbeilnews,2026-09-02,error,fast_path: unmatched or missing condition,skip,extraction_marked_irrelevant,,,🚨غارة تستهدف بلدة القنطرة ــــــــــــــ 🚨An airstrike targets the town of Qantara ــــــــــــــ 📲 قناة بنت جبيل على واتساب https://whatsapp.com/channel/0029VaG3H3R8fewmfDqRKX0Q
30688,mehwaralmokawma,2026-09-02,error,fast_path: unmatched or missing condition,rematch,,غارة تستهدف,غارة تستهدف,غارة تستهدف بلدة القنطرة T.me/mehwaralmokawma «كُمَيْل»
30689,Janoubana,2026-08-24,error,fast_path: unmatched or missing condition,rematch,,غارة,غارة,المنزل المستهدف في غارة الفجر على منطقة دوحة كفررمان جهة موقع الدبشة
30690,alichoeib1970,2026-09-02,error,fast_path: unmatched or missing condition,rematch,,,Bombs,صفحة الإعلامي الشهيد علي شعيب: أغار الطيران الحربي المعادي مستهدفا بلدتي المنصوري و حاريص
30691,almanarnews,2026-08-24,error,fast_path: unmatched or missing condition,rematch,,غارتان إسرائيليتان,غارتان إسرائيليتان,غارتان إسرائيليتان تستهدفان محيط حولا وميس الجبل جنوبي لبنان https://almanar.com.lb/article/1121597/?s=tg
30694,sameralhajali,2026-09-02,error,fast_path: unmatched or missing condition,rematch,,غارة,غارة,غارة تستهدف بلدة القنطرة
30695,sameralhajali,2026-09-02,error,fast_path: unmatched or missing condition,rematch,,غارة تستهدف,غارة تستهدف,غارة تستهدف اطراف بلدة حاريص
30697,manarbreaking,2026-09-02,error,fast_path: unmatched or missing condition,rematch,,غارة إسرائيلية,غارة إسرائيلية,🔴 عاجل | مراسل المنار: غارة إسرائيلية عند أطراف بلدة حاريص في جنوب لبنان
30698,ALJADEED_NEWS,2026-09-02,error,fast_path: unmatched or missing condition,skip,extraction_marked_irrelevant,,,"الوكالة الوطنية: غارة استهدفت المنصوري على دفعتين https://x.com/ALJADEEDNEWS/status/2095174276194115686 September 2, 2026 at 05:37PM"
30700,mehwaralmokawma,2026-09-02,error,fast_path: unmatched or missing condition,rematch,,غارة تستهدف,غارة تستهدف,غارة تستهدف اطراف بلدة حاريص
30704,mehwaralmokawma,2026-09-02,error,fast_path: unmatched or missing condition,rematch,,,Bombs,مجددا غارة تستهدف بلدة المنصوري
30705,sameralhajali,2026-08-24,error,fast_path: unmatched or missing condition,skip,no_place_extracted,,,أغار الطيران الحربي مستهدفاً المنصوري على دفعتين
30708,nabatiehchannel,2026-09-02,error,fast_path: unmatched or missing condition,rematch,,,Bombs,🏴مجددا غارة تستهدف بلدة المنصوري
30709,sameralhajali,2026-09-02,error,fast_path: unmatched or missing condition,rematch,,,Bombs,مجددا غارة تستهدف بلدة المنصوري
30713,bintjbeilnews,2026-09-02,error,fast_path: unmatched or missing condition,rematch,,اغارة,اغارة,الطيران الحربي الإسرائيلي اغار مستهدفا بلدة المنصوري. ────────────── israeli warplanes carried out a strike targeting the town of Al-Mansouri. ────────────── 📲 قناة موقع بنت جبيل على واتساب https://wh
30716,mehwaralmokawma,2026-08-24,error,fast_path: unmatched or missing condition,skip,extraction_marked_irrelevant,,,"تحليق مسير معادي فوق الضاحية الجنوبية لبيروت . T.me/mehwaralmokawma ‏ «جـھ,آد𓂆»"
30726,Janoubana,2026-09-02,error,fast_path: unmatched or missing condition,rematch,,,,تحليق للطيران المسير المعادي فوق أجواء زحلة سعدنايل شتورة تعنايل
30727,alimortada963,2026-08-24,error,fast_path: unmatched or missing condition,rematch,,استهداف شهيدين بغارة من الطيران المسيّر,استهداف شهيدين بغارة من الطيران المسيّر,إنتشال جثمانَي شهيدين من منطقة دوحة كفررمان فـجـر اليوم، بعد استهدافهما بغارة نفّذها الطيران المسيّر يوم أمس.
30728,mehwaralmokawma,2026-09-02,error,fast_path: unmatched or missing condition,skip,no_place_extracted,,,بالتزامن مع تحرك لآليات العدو في وادي السلوقي دبابة معادية تستهدف المنطقة بقذيفة T.me/mehwaralmokawma «كُمَيْل»
30729,Janoubana,2026-09-02,error,fast_path: unmatched or missing condition,skip,no_place_extracted,,,بالتزامن مع تحرك لآليات العدو في وادي السلوقي دبابة معادية تستهدف المنطقة بقذيفة
30730,nabatiehchannel,2026-09-02,error,fast_path: unmatched or missing condition,skip,no_place_extracted,,,🏴بالتزامن مع تحرك لآليات العدو في وادي السلوقي دبابة معادية تستهدف المنطقة بقذيفة
30732,bintjbeilnews,2026-09-02,error,fast_path: no materializable village match,skip,no_place_extracted,,,🚨📹لحظة قيام دبابة إسرائيلية بإطلاق قذيفة في وادي السلوقي بالتزامن مع تحرّك آليات إسرائيلية! ────────────── 🚨📹Moment an israeli tank fires a shell in Wadi al-Salouqi as israeli military vehicles move t
30733,alichoeib1970,2026-09-02,error,fast_path: no materializable village match,skip,no_place_extracted,,,صفحة الإعلامي الشهيد علي شعيب: قصف مدفعي معادٍ استهدف الخيام والمنصوري
30734,nabatiehchannel,2026-09-02,error,fast_path: no materializable village match,skip,no_place_extracted,,,🚨🚨 قصف مدفعي يطال الخيام
30736,sameralhajali,2026-08-23,error,fast_path: unmatched or missing condition,rematch,,غارة,غارة,غارة تستهدف بلدة القنطرة
30741,alichoeib1970,2026-09-02,error,fast_path: unmatched or missing condition,rematch,,تفجيرات نفّذها جيش العدو وتوغل قوات الاحتلال,Sweeping Operations,صفحة الإعلامي الشهيد علي شعيب : ● آخر الاعتداءات: • تفجير نفّذه جيش العدو في بلدة المنصوري • قصف مدفعي معادٍ استهدف بلدة المنصوري • تفجير نفّذه جيش العدو في محيط بلدة كفرتبنيت • تفجير نفّذه جيش العدو 
30742,bintjbeilnews,2026-09-02,error,fast_path: no materializable village match,rematch,,قوات الاحــ. تلال في الأطراف الشمالية لبلدة ميس الجبل، في منطقتَي الشنديبة ووادي الجمل، وصولًا إلى الأطراف الغربية للبلدة ومحيط قلعة دوبيه، بالتزامن مع قصف مدفعي وتمشيط بالأسلحة الرشاشة,Sweeping Operations,🚨توغّل لقوات الاحــ. تلال في الأطراف الشمالية لبلدة ميس الجبل، في منطقتَي الشنديبة ووادي الجمل، وصولًا إلى الأطراف الغربية للبلدة ومحيط قلعة دوبيه، بالتزامن مع قصف مدفعي وتمشيط بالأسلحة الرشاشة. ─────
30743,Janoubana,2026-08-23,error,fast_path: exact hash already materialized; no new incident,skip,exact_hash_duplicate,,,قصف مدفعي يستهدف دوحة كفررمان
30744,Janoubana,2026-08-23,error,fast_path: unmatched or missing condition,rematch,,غارة,غارة,غارة على #القصير - قضاء مرجعيون
30746,alichoeib1970,2026-09-02,error,fast_path: no materializable village match,skip,no_place_extracted,,,صفحة الإعلامي الشهيد علي شعيب: تفجير نفذه العدو في بلدة حداثا
30748,Janoubana,2026-09-02,error,fast_path: no materializable village match,skip,no_place_extracted,,,قصف مدفعي على وادي السلوقي
30749,bintjbeilnews,2026-08-23,error,fast_path: unmatched or missing condition,rematch,,غارة عنيفة,غارة عنيفة,🚨🚨 غارة عنيفة استهدفت علي الطاهر
30752,alimortada963,2026-09-02,error,fast_path: unmatched or missing condition,skip,extraction_marked_irrelevant,,,حلّق الطيران الحربي الإسرائيلي في أجواء العاصمة بيروت والجنوب والبقاع
30753,mehwaralmokawma,2026-09-02,error,fast_path: unmatched or missing condition,rematch,,تحليق للطيران المسيّر المعادي على علو منخفض جداً,تحليق للطيران المسيّر المعادي على علو منخفض جداً,تحليق للطيران المسيّر المعادي على علو منخفض جداً في أجواء بلدتي السكسكية والصرفند T.me/mehwaralmokawma «ذو 𓂆 الفِقَـار»
30754,mehwaralmokawma,2026-09-02,error,fast_path: unmatched or missing condition,skip,extraction_marked_irrelevant,,,حلّق الطيران الحربي الإسرائيلي في أجواء العاصمة بيروت والجنوب والبقاع
30755,bintjbeilnews,2026-09-14,error,fast_path: no materializable village match,skip,no_place_extracted,,,🚨غارة على القنطرة An airstrike on Qantara
30758,alichoeib1970,2026-09-02,error,fast_path: unmatched or missing condition,rematch,,اغارة الطيران المسير المعادي,اغارة الطيران المسير المعادي,صفحة الإعلامي الشهيد علي شعيب : اغار الطيران المسير المعادي مستهدفا النبطية الفوقا
30759,ALJADEED_NEWS,2026-09-02,error,fast_path: no materializable village match,skip,no_place_extracted,,,"مراسل الجديد: غارة من مسيرة استهدفت حي الرويس جهة الحديقة المعصومة في مدينة النبطية وأدت إلى ارتقاء شهيد وإصابة شخص بجروح https://x.com/ALJADEEDNEWS/status/2095097018565689456 September 2, 2026 at 12:"
30761,nabatiehchannel,2026-09-01,error,fast_path: unmatched or missing condition,rematch,,,Bombs,🏴اخر الإعتداءات: نفذ العدو عملية تفجير في منطقة علمان الشومرية ( بين ديرسريان والقصير) غارة من مسيرة معادية استهدفت احدى الشقق السكنية في النبطية الفوقا من دون وقوع اصابات قصف مدفعي يستهدف بلدة صربين 
30762,nabatiehchannel,2026-09-02,error,fast_path: unmatched or missing condition,rematch,,محلّقة معادية محمّلة بمواد متفجّرة تحلّق في أجواء,محلّقة معادية محمّلة بمواد متفجّرة تحلّق في أجواء,🏴محلّقة معادية محمّلة بمواد متفجّرة تحلّق في أجواء بلدة المنصوري
30763,mehwaralmokawma,2026-09-02,error,fast_path: unmatched or missing condition,rematch,,محلّقة معادية محمّلة بمواد متفجّرة تحلّق في أجواء,محلّقة معادية محمّلة بمواد متفجّرة تحلّق في أجواء,محلّقة معادية محمّلة بمواد متفجّرة تحلّق في أجواء بلدة المنصوري T.me/mehwaralmokawma «صادق»
30765,sameralhajali,2026-09-02,error,fast_path: unmatched or missing condition,rematch,,محلّقة معادية محمّلة بمواد متفجّرة تحلّق في أجواء,محلّقة معادية محمّلة بمواد متفجّرة تحلّق في أجواء,محلّقة معادية محمّلة بمواد متفجّرة تحلّق في أجواء بلدة المنصوري
30766,bintjbeilnews,2026-09-01,error,fast_path: unmatched or missing condition,rematch,,استهداف منطقتي,استهداف منطقتي,🚨الطيران الحربي الإسرائيلي استهدف منطقتي علي الطاهر والدبشة في جنوب لبنان ــــــــــــــ 🚨Israeli warplanes targeted the Ali al-Taher and Al-Dabsha areas in southern Lebanon ــــــــــــــ 📲 قناة بنت 
30767,almanarnews,2026-09-02,error,fast_path: unmatched or missing condition,rematch,,غارة إسرائيلية,غارة إسرائيلية,بالفيديو | استشهاد شخص وإصابة آخر بغارة إسرائيلية على النبطية الفوقا https://almanar.com.lb/article/1146797/?s=tg
30770,alichoeib1970,2026-09-02,error,fast_path: unmatched or missing condition,skip,extraction_marked_irrelevant,,,صفحة الإعلامي الشهيد علي شعيب : جرافات العدو تنفّذ أعمال هدم لعدد من المنازل في بلدة المنصوري
30771,nabatiehchannel,2026-09-02,error,fast_path: unmatched or missing condition,rematch,,غارة على حي الرويس,غارة على حي الرويس,غارة صباحية على حي الرويس ناحية النبطية نفّذت مسيّرة معادية قرابة الساعة السادسة صباحًا غارة استهدفت حي الرويس – جهة الحديقة المعصومة، ما أدّى إلى ارتقاء شهيد وإصابة شخص بجروح.
30773,bintjbeilnews,2026-09-02,error,fast_path: unmatched or missing condition,rematch,,غارة جوية,غارة جوية,🚨ارتقاء شهـ.. في الغارة صباحا على حي الرويس في النبطية A martyr was ascended in the airstrike this morning on Al-Rweiss neighborhood in Nabatieh.
30774,nabatiehchannel,2026-08-23,error,fast_path: unmatched or missing condition,rematch,,غارة,غارة,🚨غارة على دوحة كفررمان ولم ينفجر الصاروخ
30775,nabatiehchannel,2026-09-02,error,fast_path: unmatched or missing condition,rematch,,,Bombs,غارة دوحة كفررمان ليل أمس على فيلا الحاج علي خليل ضاهر الثانية
30777,manarbreaking,2026-08-23,error,fast_path: unmatched or missing condition,rematch,,محلّقة إسرائيلية معادية ألقت قنبلة,محلّقة إسرائيلية معادية ألقت قنبلة,🔴 عاجل | مراسل المنار: محلّقة إسرائيلية معادية ألقت قنبلة عند المنطقة الواقعة بين بلدتي الحنية والقليلة في جنوب لبنان
30778,Janoubana,2026-09-02,error,fast_path: unmatched or missing condition,rematch,,,Bombs,غارة دوحة كفررمان ليل أمس على فيلا الحاج علي خليل ضاهر الثانية
30779,mehwaralmokawma,2026-09-02,error,fast_path: no materializable village match,rematch,,غارة من مسيّرة معادية,غارة من مسيّرة معادية,غارة صباحية على حي الرويس ناحية النبطية نفّذت مسيّرة معادية قرابة الساعة السادسة صباحًا غارة استهدفت حي الرويس – جهة الحديقة المعصومة، ما أدّى إلى ارتقاء شهيد وإصابة شخص بجروح. T.me/mehwaralmokawma ‏ 
30783,mehwaralmokawma,2026-09-02,error,fast_path: unmatched or missing condition,skip,extraction_marked_irrelevant,,,"تحليق مسير على علو منخفض فوق الضاحية الجنوبية لبيروت. T.me/mehwaralmokawma ‏ «جـھ,آد𓂆»"
30784,alichoeib1970,2026-09-02,error,fast_path: unmatched or missing condition,skip,extraction_marked_irrelevant,,,صفحة الإعلامي الشهيد علي شعيب: الإعتداءات من منتصف الليل حتى الساعة: الغارات الحربية: محيط علي الطاهر النبطية الفوقا-حي الرويس اطراف عربصاليم(استهداف غرفة قرب الجبانة) القصف المدفعي و الفوسفوري: وادي 
30790,alakhbar_news,2026-09-02,error,fast_path: unmatched or missing condition,skip,extraction_marked_irrelevant,,,| ثقافة 🖋 ريما النخل | بيار كرم ينحت الذاكرة... وهادي سي يسائل المستقبل 🖋 علي سرور | تبريد الأرض على طريقة ماسك: حين يصبح المناخ مختبراً للرأسمالية 🖋 غادة حداد | «48 ساعة» في بيروت: أفلام ولدت رغم الح
30791,mehwaralmokawma,2026-09-02,error,fast_path: unmatched or missing condition,skip,extraction_marked_irrelevant,,,صفحة الإعلامي الشهيد علي شعيب: الإعتداءات من منتصف الليل حتى الساعة: الغارات الحربية: محيط علي الطاهر النبطية الفوقا-حي الرويس اطراف عربصاليم(استهداف غرفة قرب الجبانة) القصف المدفعي و الفوسفوري: وادي 
30794,sameralhajali,2026-09-02,error,fast_path: unmatched or missing condition,skip,no_place_extracted,,,بالتزامن مع تحرك لآليات العدو في وادي السلوقي دبابة معادية تستهدف المنطقة بقذيفة
30796,mehwaralmokawma,2026-08-23,error,fast_path: unmatched or missing condition,skip,extraction_marked_irrelevant,,,الـمـديـر الـعـام الـسـابـق لـوزارة الإعـلام مـحـمـد عـبـيـد - حزب الله يراهن على مسار إسلام آباد ويعدّه سبباً في منع حرب واسعة على لبنان - ‏حزب الله ليس في وارد التواصل المباشر مع الجانب الأميركي لأن
30798,nabatiehchannel,2026-09-02,error,fast_path: unmatched or missing condition,rematch,,غارة استهدفت,غارة استهدفت,🏴مراسل المنار غارة استهدفت اطراف حاريص
30802,manarbreaking,2026-09-01,error,fast_path: no materializable village match,skip,no_place_extracted,,,🔴 عاجل | قصف مدفعي إسرائيلي عنيف ومستمر يستهدف تلة علي الطاهر في جنوب لبنان
30803,mehwaralmokawma,2026-09-02,error,fast_path: no materializable village match,skip,no_place_extracted,,,إذاعة النور: عدة غارات معادية على دوحة كفررمان T.me/mehwaralmokawma «☫نـصـراللّه☫»
30805,nabatiehchannel,2026-09-01,error,fast_path: unmatched or missing condition,rematch,,,Sweeping Operations,ملخص الإعتداءات اليوم غارات حربية : • الدبشة • أطراف النبطية الفوقا • القنطرة • علي الطاهر •أطراف زوطر الشرقية •المنصوري غارات مسيّرة: • شقة سكنية في النبطية الفوقا القصف المدفعي: • المنصوري • حولا • 
30807,nabatiehchannel,2026-08-23,error,fast_path: unmatched or missing condition,rematch,,اسرائيل تحاول الدخول الى 'علي الطاهر' ويتم التصدي لها,اسرائيل تحاول الدخول الى 'علي الطاهر' ويتم التصدي لها,"محمد عبيد لـ #الجديد: اسرائيل تحاول الدخول الى ""علي الطاهر"" ويتم التصدي لها وعندما يقع قتلى وجرحى في صفوف الجيش الاسرائيلي ""يستشرس"" على الجنوب"
30808,sameralhajali,2026-08-23,error,fast_path: unmatched or missing condition,skip,no_conflict_evidence,,,درون ألقت مواد حارقة بين الحنية والقليلة مما أدى إلى اشتعال حريق كبير وتمت سيطرة عليه
30809,mehwaralmokawma,2026-09-01,error,fast_path: no materializable village match,skip,no_place_extracted,,,#لبنان قصف عبر القذائف الفوسفورية للعدو الصهيوني يستهدف محيط تلال علي الطاهر في قضاء النبطية جنوبي لبنان الصامد T.me/mehwaralmokawma «𓂆سيد كـيـان»
30810,Janoubana,2026-09-01,error,fast_path: no materializable village match,rematch,,قصف مدفعي,قصف مدفعي,قصف مدفعي على دوحة كفررمان
30811,mehwaralmokawma,2026-08-23,error,fast_path: unmatched or missing condition,rematch,,دبابة ميركافا معادية تستهدف بلدة,Tank Fire,🔴مجددا دبابة ميركافا معادية تستهدف بلدة المنصوري في جبل عامل بقذيفة T.me/mehwaralmokawma «مـيّـثـمـ𓂆»
30812,sameralhajali,2026-09-01,error,fast_path: unmatched or missing condition,rematch,,,Sweeping Operations,صفحة الإعلامي الشهيد علي شعيب ملخص الإعتداءات اليوم غارات حربية : • الدبشة • أطراف النبطية الفوقا • القنطرة • علي الطاهر •أطراف زوطر الشرقية •المنصوري غارات مسيّرة: • شقة سكنية في النبطية الفوقا القصف
30813,alichoeib1970,2026-09-01,error,fast_path: unmatched or missing condition,rematch,,,Sweeping Operations,صفحة الإعلامي الشهيد علي شعيب ملخص الإعتداءات اليوم غارات حربية : • الدبشة • أطراف النبطية الفوقا • القنطرة • علي الطاهر •أطراف زوطر الشرقية •المنصوري غارات مسيّرة: • شقة سكنية في النبطية الفوقا القصف
30814,mehwaralmokawma,2026-09-01,error,fast_path: unmatched or missing condition,rematch,,,Sweeping Operations,صفحة الإعلامي الشهيد علي شعيب ملخص الإعتداءات اليوم غارات حربية : • الدبشة • أطراف النبطية الفوقا • القنطرة • علي الطاهر •أطراف زوطر الشرقية •المنصوري غارات مسيّرة: • شقة سكنية في النبطية الفوقا القصف
30815,manarbreaking,2026-09-01,error,fast_path: unmatched or missing condition,rematch,,,,🔴 عاجل | مراسل المنار: مدفعية العدو الاسرائيلي تستهدف بلدة النبطية الفوقا في جنوب لبنان
30816,bintjbeilnews,2026-09-01,error,fast_path: unmatched or missing condition,rematch,,استهداف,استهداف,المدفعية الإسرائيلية تستهدف بلدة النبطية الفوقا ــــــــــــــ Israeli artillery targets the town of Nabatieh al-Fawqa ــــــــــــــ 📲 قناة بنت جبيل على واتساب https://whatsapp.com/channel/0029VaG3H3
30818,manarbreaking,2026-08-23,error,fast_path: unmatched or missing condition,rematch,,دبابة ميركافا إسرائيلية معادية استهدفت بقذيفة,دبابة ميركافا إسرائيلية معادية استهدفت بقذيفة,🔴 عاجل | مراسل المنار: دبابة ميركافا إسرائيلية معادية استهدفت بقذيفة بلدة المنصوري في جنوب لبنان
30822,ALJADEED_NEWS,2026-09-01,error,fast_path: unmatched or missing condition,rematch,,,Bombs,"مراسل الجديد: غارات تستهدف مرتفع علي الطاهر والدبشة ودوحة كفررمان والنبطية الفوقا https://t.co/0nYRstOl2N https://x.com/ALJADEEDNEWS/status/2094875347548278806 September 1, 2026 at 09:49PM"
30824,sameralhajali,2026-09-01,error,fast_path: unmatched or missing condition,rematch,,,Bombs,الطيران الحربي المعادي ينفذ غارة جوية على بلدة المنصوري
30825,nabatiehchannel,2026-09-01,error,fast_path: unmatched or missing condition,rematch,,,Bombs,🏴غارة حربية في المنصوري.
30826,ALJADEED_NEWS,2026-08-23,error,fast_path: unmatched or missing condition,skip,extraction_marked_irrelevant,,,"حريق هائل في بلدة شحورأفاد مراسل ""الجديد"" بأن حريقًا هائلًا اندلع في بلدة شحور، قضاء صور، وأتى على مساحات حرجية واسعة، ووصل إلى بعض المنازل، بعدما ساهم ارتفاع درجات الحرارة في تمدّده.#أخبار_الجديد #لب"
30828,Janoubana,2026-09-01,error,fast_path: unmatched or missing condition,rematch,,,Bombs,غارة محيط تلة علي الطاهر و الدبشة
30829,Janoubana,2026-09-01,error,fast_path: unmatched or missing condition,skip,no_place_extracted,,,غارة على المنصوري
30831,nabatiehchannel,2026-08-23,error,fast_path: unmatched or missing condition,rematch,,غارة,غارة,🚨غارة على النبطية الفوقا
30832,manarbreaking,2026-09-01,error,fast_path: unmatched or missing condition,rematch,,استهداف أطراف بلدة,استهداف أطراف بلدة,🔴 عاجل | مراسل المنار: الطيران الحربي الاسرائيلي المعادي استهدف أطراف بلدة زوطر الشرقية في جنوب لبنان
30835,nabatiehchannel,2026-08-23,error,fast_path: unmatched or missing condition,skip,extraction_marked_irrelevant,,,🟣 غارة ثانية استهدفت دوحة كفررمان لمتابعة اخبار النبطية والجنوب بالصور والفيديو عبر قناة الواتس اب الرسمية عبر الرابط https://whatsapp.com/channel/0029VbBHw5gAjPXUcG5LJV0B
30836,Janoubana,2026-09-01,error,fast_path: unmatched or missing condition,skip,extraction_marked_irrelevant,,,غارة اطراف زوطر الشرقية
30837,ALJADEED_NEWS,2026-08-24,error,fast_path: no materializable village match,skip,no_place_extracted,,,"الوكالة الوطنية: قصف مدفعي يستهدف المنصوري قضاء صور https://twitter.com/ALJADEEDNEWS/status/2091784858544619845 August 24, 2026 at 09:09AM"
30840,alichoeib1970,2026-08-24,error,fast_path: unmatched or missing condition,rematch,,,,صفحة الإعلامي الشهيد علي شعيب : • محلقة معادية ألقت قنبلة صوتية باتجاه بلدة المنصوري. • قصف مدفعي استهدف بلدة حولا ووادي السلوقي. • أعمال تجريف تنفذها قوات الاحتلال في بلدة حولا
30842,bintjbeilnews,2026-09-01,error,fast_path: unmatched or missing condition,rematch,,,Bombs,🚨🚨غارات تستهدف مرتفع علي الطاهر والدبشة ودوحة كفررمان والنبطية الفوقا
30844,mehwaralmokawma,2026-08-24,error,fast_path: unmatched or missing condition,skip,extraction_marked_irrelevant,,,"بعد 3 ايام من استشهاد والده.. نادي الأسير: قوات الاحتلال تعتقل الشاب همام خازم نجل الشهيد فتحي خازم (أبو رعد)، عقب مداهمة منزله في مدينة جنين. T.me/mehwaralmokawma ‏ «جـھ,آد𓂆»"
30845,hashemsayed,2026-08-24,error,fast_path: no materializable village match,skip,no_place_extracted,,,تحرك لقوات الاحتلال الاسرائيلي في الاطراف الغربية لميس الجبل باتجاه منطقة دوبيه، ترافق مع قصف مدفعي ومشيط بالاسلحة الرشاشة https://t.me/hashemsayed
30847,Janoubana,2026-09-01,error,fast_path: unmatched or missing condition,rematch,,,Bombs,غارة دوحة كفررمان
30852,mehwaralmokawma,2026-09-01,error,fast_path: no materializable village match,skip,no_place_extracted,,,"قصف مدفعي يستهدف جبل علي الطاهر. T.me/mehwaralmokawma ‏ «جـھ,آد𓂆»"
30853,Janoubana,2026-09-01,error,fast_path: unmatched or missing condition,skip,extraction_marked_irrelevant,,,تحليق مكثف للمقاتلات الحربية الأردنية فوق الاجواء الشرقية للبادية الأردنية
30854,nabatiehchannel,2026-09-01,error,fast_path: unmatched or missing condition,rematch,,غارة استهدفت,غارة استهدفت,🏴منذ بعض الوقت غارة استهدفت النبطية الفوقا ( حي الدير ) بالتزامن مع الغارة على منطقة الدبشة أغار الطيران الحربي مستهدفًا بلدة القنطرة على ثلاث دفعات
30855,sameralhajali,2026-09-01,error,fast_path: unmatched or missing condition,rematch,,مستهدفًا,مستهدفًا,أغار الطيران الحربي مستهدفًا بلدة القنطرة على ثلاث دفعات
30856,mehwaralmokawma,2026-09-01,error,fast_path: unmatched or missing condition,skip,extraction_marked_irrelevant,,,"٣ غارات استهدفت بلدة القنطرة. T.me/mehwaralmokawma ‏ «جـھ,آد𓂆»"
30859,mehwaralmokawma,2026-09-01,error,fast_path: unmatched or missing condition,rematch,,مستهدفًا بلدة,مستهدفًا بلدة,"أغار الطيران الحربي مستهدفًا بلدة القنطرة على ثلاث دفعات. T.me/mehwaralmokawma ‏ «جـھ,آد𓂆»"
30860,ALJADEED_NEWS,2026-08-24,error,fast_path: unmatched or missing condition,rematch,,تحليق درون اسرائيلية بين المنازل,تحليق درون اسرائيلية بين المنازل,"""درون"".. بين المنازل! أفاد مراسل الجديد، بأن ""أهالي بلدة حاريص - قضاء بنت جبيل، وثقوا صباح اليوم تحليق درون اسرائيلية بين المنازل عند الاطراف الجنوبية للبلدة"".#أخبار_الجديد #جنوب_لبنان https://t.co/Ig"
30861,almanarnews,2026-08-24,error,fast_path: unmatched or missing condition,skip,no_conflict_evidence,,,📹 طوافات الجيش اللبناني تشارك في إخماد حريق اندلع بين تنورين ودوما https://almanar.com.lb/article/1121372/?s=tg
30862,alakhbar_news,2026-08-24,error,fast_path: unmatched or missing condition,rematch,,,,يتناقل سكان بلدة حاريص الجنوبية تحليق طائرة مسيّرة معادية بين منازلهم
30865,mehwaralmokawma,2026-08-24,error,fast_path: unmatched or missing condition,skip,no_place_extracted,,,غارتين للعدو الصهيوني بين المنصوري و بيوت السياد T.me/mehwaralmokawma ‏ «شُمران𓂆»
30866,manarbreaking,2026-08-24,error,fast_path: unmatched or missing condition,rematch,,غارتان اسرائيليتان,غارتان اسرائيليتان,🔴 عاجل | مراسل المنار: غارتان اسرائيليتان تستهدفان بلدة المنصوري في جنوب لبنان
30867,Janoubana,2026-09-01,error,fast_path: unmatched or missing condition,skip,extraction_marked_irrelevant,,,سلسلة غارات تستهدف القنطرة
30868,bintjbeilnews,2026-09-01,error,fast_path: unmatched or missing condition,rematch,,غارة استهدفت حي الدير في أطراف النبطية الفوقا بالتزامن مع الغارة على منطقة الدبشة,غارة استهدفت حي الدير في أطراف النبطية الفوقا بالتزامن مع الغارة على منطقة الدبشة,"🚨غارة استهدفت حي الدير في أطراف النبطية الفوقا بالتزامن مع الغارة على منطقة الدبشة Airstrike targeted the Deir neighborhood on the outskirts of Nabatieh al-Fawqa, coinciding with the strike on the Dab"
30870,mehwaralmokawma,2026-08-24,error,fast_path: no materializable village match,skip,no_place_extracted,,,محلّقة إسرائيلية ألقت قنبلة صوتية على فرق الإسعاف في دوحة كفررمان T.me/mehwaralmokawma «كُمَيْل»
30871,manarbreaking,2026-09-01,error,fast_path: unmatched or missing condition,rematch,,غارة إسرائيلية,غارة إسرائيلية,🔴 عاجل | مراسل المنار: غارة إسرائيلية استهدفت اطراف بلدة النبطية الفوقا
30872,mehwaralmokawma,2026-08-24,error,fast_path: no materializable village match,skip,no_place_extracted,,,"يقوم العدو بإطلاق قذائف هاون بإتجاه مرتفعات حلتا. T.me/mehwaralmokawma ‏ «جـھ,آد𓂆»"
30873,Janoubana,2026-08-24,error,fast_path: no materializable village match,skip,no_place_extracted,,,قصف مدفعي ثقيل يستهدف محيط تلة علي الطاهر
30874,alichoeib1970,2026-08-24,error,fast_path: no materializable village match,skip,no_place_extracted,,,صفحة الإعلامي الشهيد علي شعيب : • نفّذ العدو عملية تمشيط بالأسلحة الرشاشة باتجاه مرتفعات حلتا، بالتزامن مع استهدافها بقذيفتين مدفعيتين.
30875,mehwaralmokawma,2026-09-01,error,fast_path: unmatched or missing condition,rematch,,غارة للعدو الإسرائيلي,غارة للعدو الإسرائيلي,"غارة للعدو الإسرائيلي على دوحة كفررمان T.me/mehwaralmokawma ‏ «جـھ,آد𓂆»"
30877,manarbreaking,2026-08-24,error,fast_path: no materializable village match,skip,no_place_extracted,,,🔴 عاجل | مراسل المنار: مدفعية العدو الاسرائيلي تستهدف وادي زبقين في جنوب لبنان
30878,bintjbeilnews,2026-08-25,error,fast_path: no materializable village match,rematch,,قصف مدفعي بالتزامن مع تحرك آليات اسرائيلية,قصف مدفعي بالتزامن مع تحرك آليات اسرائيلية,🚨قصف مدفعي بالتزامن مع تحرك آليات اسرائيلية في بلدة مركبا ────────────── Artillery shelling coincides with the movement of Israeli military vehicles in the town of Markaba. ────────────── 📲 قناة بنت ج
30880,sameralhajali,2026-09-01,error,fast_path: unmatched or missing condition,rematch,,,Bombs,غارة من مسيرة استهدفت بلدة النبطية الفوقا
30882,bintjbeilnews,2026-08-25,error,fast_path: no materializable village match,skip,no_place_extracted,,,🚨قصف مدفعي يستهدف مدينة الخيام ────────────── Artillery shelling targets the city of Al-Khiam. ────────────── 📲 قناة بنت جبيل على واتساب https://whatsapp.com/channel/0029VaG3H3R8fewmfDqRKX0Q
30883,ALJADEED_NEWS,2026-09-06,error,fast_path: unmatched or missing condition,rematch,,استهداف مبنى,استهداف مبنى,"مراسل الجديد: الطيران الحربي الإسرائيلي استهدف المبنى المهدَّد في بلدة دير الزهراني https://x.com/ALJADEEDNEWS/status/2096746558897218028 September 7, 2026 at 01:45AM"
30884,bintjbeilnews,2026-09-01,error,fast_path: unmatched or missing condition,skip,extraction_marked_irrelevant,,,قصف مدفعي مستمر على المنصوري Continuous artillery shelling on Al-Mansouri
30885,almanarnews,2026-08-25,error,fast_path: unmatched or missing condition,rematch,,غارة إسرائيلية,غارة إسرائيلية,غارة إسرائيلية على بلدة المنصوري جنوب لبنان https://almanar.com.lb/article/1124102/?s=tg
30886,alichoeib1970,2026-08-25,error,fast_path: unmatched or missing condition,rematch,,,,صفحة الإعلامي الشهيد علي شعيب: • تفجير معادٍ في بلدة مركبا. • قصف مدفعي معادٍ استهدف بلدة المنصوري.
30887,mehwaralmokawma,2026-09-01,error,fast_path: no materializable village match,skip,no_place_extracted,,,قصف مدفعي استهدف بلدة حداثا T.me/mehwaralmokawma «كُمَيْل»
30888,sameralhajali,2026-09-01,error,fast_path: no materializable village match,skip,no_place_extracted,,,قصف مدفعي استهدف بلدة حداثا
30889,ALJADEED_NEWS,2026-08-25,error,fast_path: unmatched or missing condition,skip,no_place_extracted,,,"الوكالة الوطنية: غارة استهدفت ""فان"" على طريق دوحة كفررمان قضاء النبطية ولا اصابات https://t.co/PgooORT8BH https://x.com/ALJADEEDNEWS/status/2092237643253703167 August 25, 2026 at 03:08PM"
30891,alakhbar_news,2026-09-01,error,fast_path: unmatched or missing condition,skip,extraction_marked_irrelevant,,,🔴إليكم أبرز عناوين التغطية حتى الساعة ٤ عصراً بتوقيت العاصمة بيروت: 🔗 بالأرقام- هذا ما جناه اللبنانيون من «اتفاق الإطار» ▪️تواصل السلطة اللبنانية تقديم أداء باهت ومخزٍ، يعكس حجم عجزها وتفريطها بأبسط م
30892,ALJADEED_NEWS,2026-09-01,error,fast_path: unmatched or missing condition,skip,extraction_marked_irrelevant,,,"مراسل الجديد: تحليق مسيّرة فوق بلدات غربي بعلبك https://x.com/ALJADEEDNEWS/status/2094762291791122730 September 1, 2026 at 02:20PM"
30894,mehwaralmokawma,2026-08-25,error,fast_path: unmatched or missing condition,rematch,,فريق الدفاع المدني يحاول إخماد النيران,فريق الدفاع المدني يحاول إخماد النيران,تعرض فريق الدفاع المدني اليوم الذي كان يحاول إخماد النيران في دير ميماس لاطلاق نار من قبل العدو الاسرائيلي. T.me/mehwaralmokawma «كُمَيْل»
30895,bintjbeilnews,2026-09-01,error,fast_path: no materializable village match,skip,no_place_extracted,,,مُحلّقة إسرائيلية ألقت قنبلة صوتية على بلدة حداثا منذ بعض الوقت ــــــــــــــ An Israeli drone dropped a stun grenade on the town of Haddatha a short while ago ــــــــــــــ 📲 قناة بنت جبيل على واتس
30896,mehwaralmokawma,2026-08-25,error,fast_path: unmatched or missing condition,rematch,,غارة للعدو الاسرائيلي,غارة للعدو الاسرائيلي,"غارة للعدو الاسرائيلي تستهدف بلدة المنصوري . T.me/mehwaralmokawma ‏ «جـھ,آد𓂆»"
30897,sameralhajali,2026-08-25,error,fast_path: unmatched or missing condition,rematch,,غارتان استهدفتا,غارتان استهدفتا,غارتان استهدفتا بلدة المنصوري
30898,mehwaralmokawma,2026-08-25,error,fast_path: unmatched or missing condition,rematch,,,,"غارتان استهدفتا بلدة المنصوري. T.me/mehwaralmokawma ‏ «جـھ,آد𓂆»"
30899,Janoubana,2026-09-01,error,fast_path: unmatched or missing condition,skip,extraction_marked_irrelevant,,,تحليق مسيّرة فوق بلدات غربي بعلبك
30900,bintjbeilnews,2026-08-25,error,fast_path: unmatched or missing condition,rematch,,غارتان استهدفتا,غارتان استهدفتا,🚨🚨غارتان استهدفتا بلدة المنصوري Two airstrikes targeted the town of Al-Mansouri
30902,nabatiehchannel,2026-08-25,error,fast_path: unmatched or missing condition,skip,extraction_marked_irrelevant,,,🚨غارة محيط وادي السلوقي لمتابعة اخبار النبطية والجنوب بالصور والفيديو عبر قناة الواتس اب الرسمية عبر الرابط https://whatsapp.com/channel/0029VbBHw5gAjPXUcG5LJV0B
30903,alichoeib1970,2026-09-01,error,fast_path: unmatched or missing condition,skip,no_place_extracted,,,صفحة الإعلامي الشهيد علي شعيب : تحرك آليات للعدو في بلدة حداثا
30904,alichoeib1970,2026-09-01,error,fast_path: no materializable village match,skip,no_place_extracted,,,صفحة الإعلامي الشهيد علي شعيب: محلقة معادية القت قنبلة صوتية على بلدة حداثا منذ بعض الوقت
30905,Janoubana,2026-08-25,error,fast_path: unmatched or missing condition,skip,no_place_extracted,,,غارة جديدة على وادي السلوقي جهة شقرا
30907,bintjbeilnews,2026-08-25,error,fast_path: unmatched or missing condition,skip,no_place_extracted,,,🚨من جديد غارة على المنصوري Another airstrike on Al-Mansouri
30908,Janoubana,2026-08-25,error,fast_path: unmatched or missing condition,skip,no_place_extracted,,,غارة على المنصوري دون انفجار الصاروخ
30909,alichoeib1970,2026-09-01,error,fast_path: unmatched or missing condition,rematch,,,Sweeping Operations,صفحة الإعلامي الشهيد علي شعيب: آخر الاعتداءات: تفجير نفذه العدو في بلدة رشاف قصف مدفعي معادي استهدف بلدتي المنصوري و حولا تمشيط بالأسلحة الرشاشة باتجاه بلدتي حداثا و عيتا الجبل
30910,sameralhajali,2026-09-01,error,fast_path: exact hash already materialized; no new incident,skip,exact_hash_duplicate,,,قصف مدفعي يستهدف بلدة حولا
30913,alichoeib1970,2026-08-25,error,fast_path: unmatched or missing condition,rematch,,طائرات العدو الإسرائيلي الحربية تعتدي بغارة,طائرات العدو الإسرائيلي الحربية تعتدي بغارة,صفحة الإعلامي الشهيد علي شعيب : طائرات العدو الإسرائيلي الحربية تعتدي بغارة على أطراف وادي السلوقي لجهة بلدة شقرا
30914,manarbreaking,2026-08-25,error,fast_path: unmatched or missing condition,rematch,,غارة معادية,غارة معادية,🔴 عاجل | مراسل المنار: غارة معادية جديدة على بلدة المنصوري جنوب لبنان
30916,Janoubana,2026-08-25,error,fast_path: unmatched or missing condition,skip,extraction_marked_irrelevant,,,تحليق للطيران المسير المعادي فوق أجواء الضاحية الجنوبية لبيروت
30917,nabatiehchannel,2026-08-25,error,fast_path: unmatched or missing condition,skip,extraction_marked_irrelevant,,,تحليق للطيران المسير المعادي فوق أجواء الضاحية الجنوبية لبيروت
30922,mehwaralmokawma,2026-08-25,error,fast_path: unmatched or missing condition,skip,no_place_extracted,,,الأنباء الأولية تشير الى غارة صهيو-امريكية محيط منطقة الدبشة في النبطية T.me/mehwaralmokawma «☫نـصـراللّه☫»
30923,almanarnews,2026-09-06,error,fast_path: unmatched or missing condition,skip,extraction_marked_irrelevant,,,🔵 لبنان | جيش الاحتلال يهدد بقصف مبان سكنية في بلدة دير الزهراني الجنوبية ويطالب بإخلائها https://almanar.com.lb/article/1158047/?s=tg
30925,Janoubana,2026-08-25,error,fast_path: unmatched or missing condition,rematch,,,Bombs,غارة على صربين
30927,Janoubana,2026-09-06,error,fast_path: no materializable village match,skip,no_place_extracted,,,غارة دير الزهراني
30929,Janoubana,2026-08-25,error,fast_path: unmatched or missing condition,rematch,,غارة جديدة استهدفت,غارة جديدة استهدفت,غارة جديدة استهدفت محيط علي الطاهر
30931,manarbreaking,2026-09-06,error,fast_path: unmatched or missing condition,rematch,,,,🔴 عاجل | جيش العدو يهدد بقصف مبنى بدير الزهراني جنوبي لبنان
30933,Janoubana,2026-08-25,error,fast_path: unmatched or missing condition,rematch,,غارة,غارة,غارة جديدة تستهدف محيط علي الطاهر
30934,mehwaralmokawma,2026-08-25,error,fast_path: unmatched or missing condition,skip,no_place_extracted,,,صفحة الإعلامي الشهيد علي شعيب: أقدم العدو الإسرائيلي على تنفيذ تفجيرين في مدينة الخيام T.me/mehwaralmokawma «كرار»
30935,mehwaralmokawma,2026-09-06,error,fast_path: unmatched or missing condition,rematch,,غارتين جويتين,غارتين جويتين,#لبنان الطيران الحربي المعادي ينفذ غارتين جويتين منذ بعض الوقت على بلدة كفررمان في قضاء النبطية جنوبي لبنان الصامد T.me/mehwaralmokawma «𓂆سيد كـيـان»
30941,Janoubana,2026-08-25,error,fast_path: unmatched or missing condition,rematch,,,Bombs,غارة منطقة دوحة كفررمان
30943,almayadeen,2026-08-22,error,fast_path: unmatched or missing condition,rematch,,عتداء إسرائيلي بغارة,عتداء إسرائيلي بغارة,لبنان: مراسل الميادين في الجنوب: اعتداء إسرائيلي بغارة استهدفت وادي صربين
30944,nabatiehchannel,2026-08-25,error,fast_path: unmatched or missing condition,skip,extraction_marked_irrelevant,,,🏴غارة محيط علي الطاهر منذ قليل
30945,mehwaralmokawma,2026-08-25,error,fast_path: unmatched or missing condition,skip,no_place_extracted,,,المدفعية الصهيونية المعادية تستهدف المنصوري T.me/mehwaralmokawma «☫نـصـراللّه☫»
30949,alichoeib1970,2026-08-25,error,fast_path: unmatched or missing condition,rematch,,دبابة ميركافا تستهدف,Tank Fire,صفحة الإعلامي الشهيد علي شعيب: منذ قليل دبابة ميركافا تستهدف بلدة المنصوري
30950,mehwaralmokawma,2026-08-25,error,fast_path: unmatched or missing condition,rematch,,دبابة ميركافا معادية تستهدف,Tank Fire,مجددا دبابة ميركافا معادية تستهدف بلدة المنصوري T.me/mehwaralmokawma «كرار»
30951,nabatiehchannel,2026-09-06,error,fast_path: no materializable village match,skip,extraction_marked_irrelevant,,,🟣 غارة كفررمان لمتابعة اخبار النبطية والجنوب بالصور والفيديو عبر قناة الواتس اب الرسمية عبر الرابط https://whatsapp.com/channel/0029VbBHw5gAjPXUcG5LJV0B
30953,nabatiehchannel,2026-08-25,error,fast_path: no materializable village match,skip,no_place_extracted,,,🏴قصف مدفعي متواصل على المنصوري
30954,bintjbeilnews,2026-08-25,error,fast_path: unmatched or missing condition,rematch,,غارة تستهدف محيط,غارة تستهدف محيط,🚨غارة تستهدف محيط بلدة الطيبة و ديرسريان
30957,bintjbeilnews,2026-08-25,error,fast_path: unmatched or missing condition,rematch,,غارة,غارة,🚨غارة محيط علي الطاهر من جهة النبطية الفوقا
30959,almayadeen,2026-08-22,error,fast_path: unmatched or missing condition,rematch,,اعتداء إسرائيلي بغارة,اعتداء إسرائيلي بغارة,لبنان: مراسل الميادين في جنوب: اعتداء إسرائيلي بغارة استهدفت مجدداً وادي صربين
30961,alakhbar_news,2026-08-25,error,fast_path: no materializable village match,rematch,,قصف مدفعي إسرائيلي,قصف مدفعي إسرائيلي,«للوكالة الوطنية»: اتساع رقعة الحرائق المندلعة في حقول القمح في سهل مرجعيون بفعل الرياح إثر القصف المدفعي الإسرائيلي الذي استهدف المنطقة الواقعة تحت تلة حمامص
30962,sameralhajali,2026-08-25,error,fast_path: unmatched or missing condition,rematch,,دبابات معادية تستهدف,Tank Fire,دبابة ميركافا معادية تستهدف بلدة المنصوري
30963,almayadeen,2026-08-22,error,fast_path: unmatched or missing condition,rematch,,عتداء إسرائيلي بغارة استهدفت أطراف بلدة,عتداء إسرائيلي بغارة استهدفت أطراف بلدة,لبنان: مراسل الميادين في الجنوب: اعتداء إسرائيلي بغارة استهدفت أطراف بلدة صربين
30964,nabatiehchannel,2026-08-25,error,fast_path: unmatched or missing condition,rematch,,دبابة ميركافا معادية تستهدف,Tank Fire,🚨دبابة ميركافا معادية تستهدف بلدة المنصوري
30965,alichoeib1970,2026-08-25,error,fast_path: unmatched or missing condition,rematch,,دبابة ميركافا تستهدف,Tank Fire,صفحة الإعلامي الشهيد علي شعيب: منذ قليل دبابة ميركافا تستهدف بلدة المنصوري
30966,sameralhajali,2026-08-25,error,fast_path: unmatched or missing condition,rematch,,دبابة ميركافا معادية تستهدف,Tank Fire,مجددا دبابة ميركافا معادية تستهدف بلدة المنصوري
30967,alichoeib1970,2026-08-26,error,fast_path: unmatched or missing condition,rematch,,تفجيراً,تفجيراً,صفحة الإعلامي الشهيد علي شعيب: نفذ العدو تفجيراً في بلدة مجدل زون
30968,almayadeen,2026-08-22,error,fast_path: unmatched or missing condition,rematch,,غارة إسرائيلية,غارة إسرائيلية,لبنان: مراسل الميادين في الجنوب: غارة إسرائيلية تستهدف محيط مرتفع الدبشة لجهة دوحة كفررمان
30969,almayadeen,2026-08-22,error,fast_path: unmatched or missing condition,skip,no_place_extracted,,,لبنان: مراسل الميادين في الجنوب: غارة إسرائيلية استهدفت محيط مرتفع علي الطاهر
30970,alakhbar_news,2026-08-26,error,fast_path: unmatched or missing condition,rematch,,غارة إسرائيلية,غارة إسرائيلية,غارة إسرائيلية تستهدف بلدة المنصوري قضاء صور
30972,almanarnews,2026-09-07,error,fast_path: unmatched or missing condition,skip,extraction_marked_irrelevant,,,📹 بالفيديو | مشاهد من بلدة دير الزهراني جنوبي لبنان بعد عدوان إسرائيلي استهدف مبنى مهددًا فجر اليوم https://almanar.com.lb/article/1158572/?s=tg
30975,bintjbeilnews,2026-08-26,error,fast_path: unmatched or missing condition,rematch,,غارة جوية,غارة جوية,🚨الطيران الحربي ينفّذ غارة جوية على بلدة صربين ــــــــــــــ 🚨 Warplanes carry out an airstrike on the town of Srebbine ــــــــــــــ 📲 قناة بنت جبيل على واتساب https://whatsapp.com/channel/0029VaG3
30978,sameralhajali,2026-08-26,error,fast_path: unmatched or missing condition,rematch,,,Bombs,الطيران الحربي المعادي ينفذ غارة جوية على بلدة صربين
30979,nabatiehchannel,2026-08-26,error,fast_path: unmatched or missing condition,rematch,,يستهدف بلدة,يستهدف بلدة,🏴 الطيران الحربي المعادي يستهدف بلدة المنصوري بغارة
30980,Annahar,2026-09-07,error,fast_path: unmatched or missing condition,rematch,,غارتَين إسرائيليّتَين,غارتَين إسرائيليّتَين,حصيلة أولية: 10 ضحايا و7 جرحى جرّاء غارتَين إسرائيليّتَين فجر اليوم على بلدة كفررمان في قضاء النبطية
30981,mehwaralmokawma,2026-08-26,error,fast_path: unmatched or missing condition,skip,extraction_marked_irrelevant,,,"قوات الاحتلال تواصل اقتحام المنطقة الشرقية في نابلس، وتستهدف الصحفيين والطواقم الطبية بقنابل الغاز. T.me/mehwaralmokawma ‏ «جـھ,آد𓂆»"
30982,nabatiehchannel,2026-08-26,error,fast_path: unmatched or missing condition,skip,extraction_marked_irrelevant,,,🚨اندلع حريق في أحد أعمدة الكهرباء في بلدة عدشيت قضاء النبطية ، دون تسجيل أي حدث أمني في البلدة
30983,mehwaralmokawma,2026-08-26,error,fast_path: unmatched or missing condition,skip,no_place_extracted,,,المدفعية الصهيونية استهدفت قبل قليل اطراف ميفدون لجهة زوطر الشرقية جنوبي لبنان T.me/mehwaralmokawma «☫نـصـراللّه☫»
30984,almayadeen,2026-08-22,error,fast_path: unmatched or missing condition,rematch,,غارة إسرائيلية تستهدف محيط تلة الدبشة,غارة إسرائيلية تستهدف محيط تلة الدبشة,لبنان: مراسل الميادين في الجنوب: غارة إسرائيلية تستهدف محيط تلة الدبشة لجهة دوحة كفررمان
30987,Janoubana,2026-09-02,error,fast_path: exact hash already materialized; no new incident,skip,exact_hash_duplicate,,,قصف مدفعي يستهدف دوحة كفررمان
30991,nabatiehchannel,2026-08-26,error,fast_path: unmatched or missing condition,rematch,,غارتين تستهدف القنطرة,غارتين تستهدف القنطرة,🚨 غارتين تستهدف القنطرة لجهة ديرسريان
30996,Janoubana,2026-08-26,error,fast_path: unmatched or missing condition,rematch,,,Bombs,غارة أيضًا بين زوطر الشرقية وميفدون
30997,manarbreaking,2026-08-26,error,fast_path: unmatched or missing condition,rematch,,غارة إسرائيلية,غارة إسرائيلية,🔴 عاجل | غارة إسرائيلية استهدفت بلدة المنصوري في جنوب لبنان
30999,Janoubana,2026-09-01,error,fast_path: exact hash already materialized; no new incident,skip,exact_hash_duplicate,,,3 غارات حربية على محيط القنطرة
31000,almayadeen,2026-08-26,error,fast_path: unmatched or missing condition,rematch,,الطائرات الحربية الإسرائيلية أغارت,الطائرات الحربية الإسرائيلية أغارت,لبنان: مراسل الميادين في الجنوب: الطائرات الحربية الإسرائيلية أغارت على المنطقة بين بلدتي زوطر الشرقية وميفدون في قضاء النبطية
31004,mehwaralmokawma,2026-08-26,error,fast_path: no materializable village match,skip,no_place_extracted,,,🔴قصف مدفعي يطال علي الطاهر T.me/mehwaralmokawma
31011,nabatiehchannel,2026-09-01,error,fast_path: exact hash already materialized; no new incident,skip,exact_hash_duplicate,,,🏴غارات حربية تستهدف محيط دوحة كفررمان وموقع الدبشة وأطراف زوطر الشرقية.
31014,almayadeen,2026-08-23,error,fast_path: unmatched or missing condition,skip,no_place_extracted,,,لبنان: مراسل الميادين في الجنوب: اعتداء إسرائيلي بغارة تستهدف محيط مرتفع علي الطاهر
31015,almayadeen,2026-08-23,error,fast_path: unmatched or missing condition,skip,no_place_extracted,,,لبنان: مراسل الميادين: اعتداءات من الطائرات الحربية الإسرائيلية استهدفت محيط تلة علي الطاهر وأطراف القصير جنوبي البلاد
31019,nabatiehchannel,2026-09-01,error,fast_path: exact hash already materialized; no new incident,skip,exact_hash_duplicate,,,🏴قصف مدفعي يستهدف اطراف بلدة ميفدون
31023,nabatiehchannel,2026-09-01,error,fast_path: exact hash already materialized; no new incident,skip,exact_hash_duplicate,,,🏴قصف مدفعي معادي يستهدف دوحة كفررمان
31034,almayadeen,2026-08-25,error,fast_path: unmatched or missing condition,rematch,,مُحلّقة إسرائيلية ألقت قنبلة باتجاه سيارة,مُحلّقة إسرائيلية ألقت قنبلة باتجاه سيارة,لبنان: مراسل الميادين في الجنوب: مُحلّقة إسرائيلية ألقت قنبلة باتجاه سيارة في دوحة كفررمان
31038,sameralhajali,2026-08-22,error,fast_path: unmatched or missing condition,rematch,,,Bombs,مجددا غارة تستهدف حرش علي الطاهر
31047,almayadeen,2026-08-25,error,fast_path: unmatched or missing condition,rematch,,طائرات الاحتلال الإسرائيلي الحربية تعتدي بغارة,طائرات الاحتلال الإسرائيلي الحربية تعتدي بغارة,لبنان: مراسل الميادين في الجنوب: طائرات الاحتلال الإسرائيلي الحربية تعتدي بغارة على بلدة المنصوري في قضاء صور
31049,almayadeen,2026-08-25,error,fast_path: unmatched or missing condition,rematch,,طائرات الاحتلال الإسرائيلي الحربية تعتدي بغارة,طائرات الاحتلال الإسرائيلي الحربية تعتدي بغارة,لبنان: مراسل الميادين في الجنوب: طائرات الاحتلال الإسرائيلي الحربية تعتدي بغارة على أطراف وادي السلوقي لجهة بلدة شقرا
31053,sameralhajali,2026-09-04,error,fast_path: unmatched or missing condition,rematch,,غارتان,غارتان,غارتان استهدفتا بلدة المنصوري
31056,Janoubana,2026-09-02,error,fast_path: exact hash already materialized; no new incident,skip,exact_hash_duplicate,,,غارة مسيرة الساعة عند الساعة ٤ صباحا في النبطية حي المسلخ على منزل لا اصابات
31057,almayadeen,2026-08-25,error,fast_path: unmatched or missing condition,rematch,,طائرات الاحتلال الإسرائيلي الحربية تعتدي بغارة,طائرات الاحتلال الإسرائيلي الحربية تعتدي بغارة,لبنان: مراسل الميادين في الجنوب: طائرات الاحتلال الإسرائيلي الحربية تعتدي بغارة على بلدة المنصوري في قضاء صور
31064,almayadeen,2026-08-25,error,fast_path: unmatched or missing condition,rematch,,عتداء إسرائيلي بغارة,عتداء إسرائيلي بغارة,لبنان: مراسل الميادين: اعتداء إسرائيلي بغارة على محيط مرتفع الدبشة لجهة دوحة كفررمان في قضاء النبطية جنوبي البلاد
31073,almayadeen,2026-08-25,error,fast_path: unmatched or missing condition,rematch,,طائرات الاحتلال الإسرائيلي الحربية تعتدي بغارة,طائرات الاحتلال الإسرائيلي الحربية تعتدي بغارة,لبنان: مراسل الميادين في جنوب لبنان: طائرات الاحتلال الإسرائيلي الحربية تعتدي بغارة على النبطية الفوقا
31091,Janoubana,2026-09-15,error,fast_path: unmatched or missing condition,skip,extraction_marked_irrelevant,,,وفا: استشهاد شاب برصاص قوات الاحتلال خلال اقتحامها منطقة أم الشرايط بمدينة البيرة في رام الله قوات إسرائيلية خاصة أطلقت النار على المواطن زياد جابر وتركته ينزف حتى الموت
31101,NNALeb,2026-09-15,error,fast_path: no materializable village match,skip,no_place_extracted,,,قصف مدفعي يستهدف وسط سهل مرجعيون nna-leb.gov.lb/ar/news/short… Link قصف مدفعي يستهدف وسط سهل مرجعيون وطنية - يستهدف قصف مدفعي إسرائيلي، وسط سهل مرجعيون، بالقرب من محطة التكرير. nna-leb.gov.lb
31102,alichoeib1970,2026-08-22,error,fast_path: unmatched or missing condition,rematch,,تفجير نفّذه جيش الاحتلال الإسرائيلي لعدد من المنازل,تفجير نفّذه جيش الاحتلال الإسرائيلي لعدد من المنازل,صفحة الإعلامي الشهيد علي شعيب: تفجير نفّذه جيش الاحتلال الإسرائيلي لعدد من المنازل في منطقة حوشين عند الأطراف الغربية لميس الجبل
31104,ALJADEED_NEWS,2026-08-26,error,fast_path: unmatched or missing condition,rematch,,غارة إسرائيلية عنيفة,غارة إسرائيلية عنيفة,"الوكالة الوطنية: غارة إسرائيلية عنيفة استهدفت بلدة المنصوري https://x.com/ALJADEEDNEWS/status/2092708308427714934 August 26, 2026 at 10:18PM"
31106,ALJADEED_NEWS,2026-08-22,error,fast_path: no materializable village match,skip,no_place_extracted,,,"مراسل الجديد: قصف مدفعي مُركز يستهدف حرج علي الطاهر عند اطراف النبطية الفوقا https://twitter.com/ALJADEEDNEWS/status/2091163536764334335 August 22, 2026 at 04:00PM"
31110,almayadeen,2026-08-26,error,fast_path: unmatched or missing condition,rematch,,غارة من الطائرات الحربية الإسرائيلية,غارة من الطائرات الحربية الإسرائيلية,لبنان: مراسل الميادين في الجنوب: غارة من الطائرات الحربية الإسرائيلية استهدفت بلدة المنصوري في قضاء صور
31115,nabatiehchannel,2026-09-02,error,fast_path: exact hash already materialized; no new incident,skip,exact_hash_duplicate,,,🟣 قصف مدفعي متواصل يستهدف دوحة كفررمان لمتابعة اخبار النبطية والجنوب بالصور والفيديو عبر قناة الواتس اب الرسمية عبر الرابط https://whatsapp.com/channel/0029VbBHw5gAjPXUcG5LJV0B
31116,alakhbar_news,2026-08-27,error,fast_path: unmatched or missing condition,rematch,,الطيران المعادي استهدف حرج علي الطاهر عند الأطراف الشرقية للنبطية الفوقا ملقياً عدداً من الصواريخ الارتجاجية,الطيران المعادي استهدف حرج علي الطاهر عند الأطراف الشرقية للنبطية الفوقا ملقياً عدداً من الصواريخ الارتجاجية,«الوكالة الوطنية»: الطيران المعادي استهدف صباح اليوم على دفعتين حرج علي الطاهر عند الأطراف الشرقية للنبطية الفوقا ملقياً عدداً من الصواريخ الارتجاجية التي أحدثت تفجيراً كبيراً تردد صداه في أرجاء المنط
31120,mehwaralmokawma,2026-08-22,error,fast_path: unmatched or missing condition,rematch,,,Bombs,مجدداً غارة أخرى على بلدة صربين جنوب لبنان T.me/mehwaralmokawma «كُمَيْل»
31150,almayadeen,2026-08-27,error,fast_path: no materializable village match,skip,no_place_extracted,,,لبنان: مراسل الميادين في الجنوب: قصف مدفعي إسرائيلي على أطراف ميس الجبل بالتزامن مع عملية تمشيط بالأسلحة الرشاشة
31151,mehwaralmokawma,2026-09-15,error,fast_path: unmatched or missing condition,rematch,,تحليق الطيران المسير,تحليق الطيران المسير,"تحليق الطيران المسير المعادي على علو منخفض جداً فوق أجواء بلدة أنصار جنوب لبنان. T.me/mehwaralmokawma ‏ «جـھ,آد𓂆»"
31164,alakhbar_news,2026-08-27,error,fast_path: unmatched or missing condition,skip,no_place_extracted,,,«الوكالة الوطنية»: قوات العدو تمشّط المنطقة الواقعة بين مشاع المنصوري ومجدل زون في وادي حسن جنوب شرق صور بالأسلحة الرشاشة والثقيلة وسط تحليق للمسيّرات المعادية في الأجواء
31175,Janoubana,2026-08-21,error,fast_path: unmatched or missing condition,rematch,,,Tank Fire,دبابة ميركافا معادية متمركز في بلدة حداثا تستهدف اطراف بلدة تبنين
31179,almayadeen,2026-08-27,error,fast_path: unmatched or missing condition,rematch,,عتداء إسرائيلي بغارة,عتداء إسرائيلي بغارة,لبنان: مراسل الميادين في الجنوب: اعتداء إسرائيلي بغارة تستهدف بلدة عربصاليم في قضاء النبطية
31180,nabatiehchannel,2026-09-14,error,fast_path: no materializable village match,skip,no_place_extracted,,,غارة من مسيرة الجرمق
31186,almayadeen,2026-08-27,error,fast_path: unmatched or missing condition,rematch,,طائرات الاحتلال تستهدف الأحياء السكنية,طائرات الاحتلال تستهدف الأحياء السكنية,لبنان: مراسل الميادين في الجنوب: طائرات الاحتلال تستهدف الأحياء السكنية في بلدة عربصاليم بقضاء النبطية
31195,Janoubana,2026-09-04,error,fast_path: unmatched or missing condition,rematch,,غارتين,غارتين,غارتين النبطية الفوقا
31197,sameralhajali,2026-08-21,error,fast_path: exact hash already materialized; no new incident,skip,exact_hash_duplicate,,,قصف مدفعي استهدف بلدة المنصوري
31198,sameralhajali,2026-09-05,error,fast_path: unmatched or missing condition,rematch,,غارتان,غارتان,غارتان استهدفتا بلدة القنطرة
31215,almanarnews,2026-09-04,error,fast_path: unmatched or missing condition,skip,no_place_extracted,,,فيديو | الاحتلال الاسرائيلي يستهدف دراجة نارية جراء قصف المسيّرة على أطراف مدينة النبطية في #جنوب_لبنان
31219,Janoubana,2026-08-21,error,fast_path: unmatched or missing condition,rematch,,أطلقت قذيفتين,أطلقت قذيفتين,المدفعية الإسرائيليّة أطلقت قذيفتين على أطراف بلدة زبقين
31231,bintjbeilnews,2026-08-21,error,fast_path: unmatched or missing condition,rematch,,الغارة على برعشيت استهدفت منزلاً عند اطراف البلدة,الغارة على برعشيت استهدفت منزلاً عند اطراف البلدة,🚨📹الغارة على برعشيت استهدفت منزلاً عند اطراف البلدة ────────────── 🚨📹The airstrike on Baraachit targeted a house on the outskirts of the town. ────────────── 📲 قناة بنت جبيل على واتساب https://whatsap
31234,alakhbar_news,2026-08-27,error,fast_path: unmatched or missing condition,rematch,,شنّ غارة,شنّ غارة,«الوكالة الوطنية»: الطيران الحربي الإسرائيلي شنّ غارة على منزل المغترب راني صباح في حي الثكنة في بلدة النبطية الفوقا ودمره
31242,ALJADEED_NEWS,2026-09-16,error,fast_path: unmatched or missing condition,rematch,,,,حلتا تحت الحصار.. الجيش الإسرائيلي يقتاد شباناً للتحقيق والأهالي يناشدونوردت اتصالات استغاثة مباشرة من نساء بلدة حلتا، يناشدن الدولة اللبنانية والجيش اللبناني وقوات اليونيفيل والصليب الأحمر التدخل الف
31256,manarbreaking,2026-09-08,error,fast_path: unmatched or missing condition,rematch,,استهداف,استهداف,🔴 عاجل | مراسل المنار: مدفعية العدو الاسرائيلي تستهدف دوحة كفررمان في جنوب لبنان
31262,lebanondebate,2026-09-05,error,fast_path: no materializable village match,skip,no_place_extracted,,,"مراسل ""ليبانون ديبايت"": أغار الطيران الحربي الإسرائيلي مستهدفًا وادي زبقين في قضاء صور"
31264,almayadeen,2026-08-27,error,fast_path: unmatched or missing condition,rematch,,غارة إسرائيلية,غارة إسرائيلية,لبنان: مراسل الميادين في الجنوب: غارة إسرائيلية على أطراف بلدة برعشيت
31270,almayadeen,2026-08-27,error,fast_path: unmatched or missing condition,rematch,,غارة إسرائيلية,غارة إسرائيلية,لبنان: مراسل الميادين في الجنوب: غارة إسرائيلية تستهدف بلدة النبطية الفوقا
31272,Janoubana,2026-09-15,error,fast_path: no materializable village match,skip,no_place_extracted,,,قصف مدفعي يستهدف بلدة حداثا
31279,almayadeen,2026-08-27,error,fast_path: unmatched or missing condition,rematch,,طائرات الاحتلال الحربية تستهدف,طائرات الاحتلال الحربية تستهدف,لبنان: مراسل الميادين في الجنوب: طائرات الاحتلال الحربية تستهدف محيط مرتفعي علي الطاهر والدبشة
31288,Janoubana,2026-08-21,error,fast_path: unmatched or missing condition,rematch,,,Bombs,غارات عنيفة مستمرة بين الحين والآخر على منطقة الدبشة ودوحة كفررمان وعلي الطاهر والطائرات الحربية لا تفارق سماء الجنوب
31289,mehwaralmokawma,2026-09-06,error,fast_path: unmatched or missing condition,rematch,,,,🌟مدفعية الاحتلال تستهدف النبطية الفوقا في جبل عامل T.me/mehwaralmokawma «مـيّـثـمـ𓂆»
31290,Janoubana,2026-08-20,error,fast_path: unmatched or missing condition,rematch,,اغارة,اغارة,الطيران الحربي المعادي اغار على منطقة دوحة كفررمان في جنوب لبنان
31298,ALJADEED_NEWS,2026-08-27,error,fast_path: unmatched or missing condition,skip,no_place_extracted,,,"الوكالة الوطنية: غارتان استهدفتا منطقة وادي السلوقي قضاء بنت جبيل https://x.com/ALJADEEDNEWS/status/2093036155373498572 August 27, 2026 at 08:01PM"
31307,ALJADEED_NEWS,2026-08-27,error,fast_path: unmatched or missing condition,rematch,,غارة استهدفت بصاروخين,غارة استهدفت بصاروخين,"الوكالة الوطنية: غارة استهدفت بصاروخين بلدة القنطرة قضاء مرجعيون https://x.com/ALJADEEDNEWS/status/2093044786563301783 August 27, 2026 at 08:35PM"
31310,lebanondebate,2026-09-06,error,fast_path: no materializable village match,skip,no_place_extracted,,,"مراسل ""ليبانون ديبايت"": غارة إسرائيلية استهدفت مبنى مستشفى غندور في النبطية الفوقا، من دون تسجيل إصابات لكون المبنى خاليًا من الأشخاص"
31325,mehwaralmokawma,2026-08-20,error,fast_path: no materializable village match,skip,no_place_extracted,,,بعد القصف المدفعي الذي استهدف الأطراف الغربية لمدينة ميس الجبل، استقدمت قوات الاحتلال شاحنات محمّلة بالمواد المتفجرة إلى المنطقة، تمهيدًا لتفخيخ عدد من المنازل، بالتزامن مع إلقاء قنابل دخانية لتغطية ع
31326,bintjbeilnews,2026-08-20,error,fast_path: unmatched or missing condition,rematch,,دبابة ميركافا تستهدف اطراف بلدة,Tank Fire,🚨دبابة ميركافا تستهدف اطراف بلدة برعشيت بعدد من القذائف ────────────── A Merkava tank fired several shells at the outskirts of Baraachit. ────────────── 📲 قناة بنت جبيل على واتساب https://whatsapp.com
31339,nabatiehchannel,2026-09-06,error,fast_path: exact hash already materialized; no new incident,skip,exact_hash_duplicate,,,🏴قصف مدفعي يستهدف وادي زبقين
31350,nabatiehchannel,2026-09-04,error,fast_path: no materializable village match,skip,extraction_marked_irrelevant,,,🟣 غارة على الجبور في البقاع الغربي لمتابعة اخبار النبطية والجنوب بالصور والفيديو عبر قناة الواتس اب الرسمية عبر الرابط https://whatsapp.com/channel/0029VbBHw5gAjPXUcG5LJV0B
31355,alimortada963,2026-09-04,error,fast_path: no materializable village match,rematch,,Bombs,Bombs,غارة حربية في محيط الجبور – البقاع الغربي
31356,alakhbar_news,2026-08-29,error,fast_path: unmatched or missing condition,rematch,,جيش العدو أقدم على إضرام حرائق,جيش العدو أقدم على إضرام حرائق,«الوكالة الوطنية»: جيش العدو أقدم منذ الصباح على إضرام حرائق بين عيتا الجبل وحداثا حيث أدت سرعة الرياح إلى التهام الكثير من الأشجار الحرجية
31364,NNALeb,2026-09-04,error,fast_path: no materializable village match,skip,no_place_extracted,,,غارة على حي الرويس على أطراف النبطية nna-leb.gov.lb/ar/news/short… Link غارة على حي الرويس على أطراف النبطية وطنية - شن الطيران الحربي الإسرائيلي، مساء، غارة على حي الرويس - محيط الميتم في اطراف مدينة
31375,ALJADEED_NEWS,2026-09-01,error,fast_path: unmatched or missing condition,skip,extraction_marked_irrelevant,,,"الوكالة الوطنية: زحمة سير خانقة على أوتوستراد جونية - بيروت نتيجة احتراق حافلة للنقل المشترك https://x.com/ALJADEEDNEWS/status/2094660085565829459 September 1, 2026 at 07:34AM"
31376,sameralhajali,2026-08-20,error,fast_path: unmatched or missing condition,rematch,,استهداف أطراف بلدة,استهداف أطراف بلدة,مدفعية العدو تستهدف أطراف بلدة شبعا
31402,mehwaralmokawma,2026-08-19,error,fast_path: no materializable village match,skip,no_place_extracted,,,قصف مدفعي صهيوني يستهدف مرتفعات علي الطاهر T.me/mehwaralmokawma ‏ «شُمران𓂆»
31411,lebanondebate,2026-09-08,error,fast_path: unmatched or missing condition,rematch,,تفجيرات,تفجيرات,"مراسل ""ليبانون ديبايت"": أربع تفجيرات في وادي السلوقي لجهة بني حيان تسببت باندلاع حرائق في المنطقة"
31413,almayadeen,2026-09-01,error,fast_path: unmatched or missing condition,rematch,,غارة إسرائيلية معادية,غارة إسرائيلية معادية,لبنان: مراسل الميادين: غارة إسرائيلية معادية استهدفت حي الدير في النبطية الفوقا جنوبي البلاد
31414,alichoeib1970,2026-08-19,error,fast_path: exact hash already materialized; no new incident,skip,exact_hash_duplicate,,,صفحة الإعلامي الشهيد علي شعيب : ملخص الاعتداءات الإسرائيلية على جنوب لبنان لهذا اليوم: ● الغارات الحربية: • علي الطاهر • دوحة كفررمان • بين القنطرة ودير سريان • مشاع المنصوري ● القصف المدفعي: • علي ال
31429,mehwaralmokawma,2026-09-04,error,fast_path: no materializable village match,skip,no_place_extracted,,,عدوان جديد بغارة على الجنوب وصل صداها حتى البقاع الغربي جاري المتابعة T.me/mehwaralmokawma «☫نـصـراللّه☫»
31432,Annahar,2026-09-06,error,fast_path: no materializable village match,rematch,,Bombs,Bombs,غارة إسرائيلية ثانية تستهدف محيط دار المعلمين على طريق عام النبطية الفوقا Video
31436,nabatiehchannel,2026-09-07,error,fast_path: no materializable village match,rematch,,Bombs,Bombs,🚨 غارة مسيرة النبطية الفوقا ايضا - أسفل الرويسة
31440,alimortada963,2026-09-07,error,fast_path: no materializable village match,skip,no_place_extracted,,,غارة مسيرة حي المسلخ - النبطية
31441,lebanondebate,2026-09-07,error,fast_path: no materializable village match,skip,no_place_extracted,,,من مركز علاج ونزوح إلى ركام... غارة إسرائيلية تدمر #مستشفى_غندور بالكامل lbdb.co/876450
31460,mehwaralmokawma,2026-08-21,error,fast_path: unmatched or missing condition,skip,no_place_extracted,,,تحليق الطيران المسير المعادي على علو منخفض فوق السكسكية والصرفند T.me/mehwaralmokawma ‏ «شُمران𓂆»
31463,Janoubana,2026-08-21,error,fast_path: unmatched or missing condition,skip,extraction_marked_irrelevant,,,"منى طحيني: ""علي الطاهر"" بوست قد لا يتّفق البعض على مضمونه، لكن هذه قناعاتي. تلّة علي الطاهر تقع في النبطية جنوب لبنان. يحاول العدو الإسرائيلي احتلالها، وصمودها إلى اليوم يعتبر أسطورياً. ولكن، إن استمر"
31466,mehwaralmokawma,2026-08-21,error,fast_path: unmatched or missing condition,rematch,,تحليق للطيران المسيّر المعادي في أجواء,تحليق للطيران المسيّر المعادي في أجواء,تحليق للطيران المسيّر المعادي في أجواء بلدة الشرقية جنوب لبنان T.me/mehwaralmokawma «ذو 𓂆 الفِقَـار»
31468,mehwaralmokawma,2026-08-22,error,fast_path: no materializable village match,skip,no_place_extracted,,,"العدوان الإسرائيلي مستمر غارة من مسيرة استهدفت وادي صربين . T.me/mehwaralmokawma ‏ «جـھ,آد𓂆»"
31469,sameralhajali,2026-08-20,error,fast_path: no materializable village match,skip,no_place_extracted,,,بعد القصف المدفعي الذي استهدف الأطراف الغربية لمدينة ميس الجبل، استقدمت قوات الاحتلال شاحنات محمّلة بالمواد المتفجرة إلى المنطقة، تمهيدًا لتفخيخ عدد من المنازل، بالتزامن مع إلقاء قنابل دخانية لتغطية ع
31470,nabatiehchannel,2026-08-20,error,fast_path: unmatched or missing condition,skip,extraction_marked_irrelevant,,,قصف مدفعي يطال حداثا بالتزامن مع التفجير في المنصوري لمتابعة اخبار النبطية والجنوب بالصور والفيديو عبر قناة الواتس اب الرسمية عبر الرابط https://whatsapp.com/channel/0029VbBHw5gAjPXUcG5LJV0B
31471,mehwaralmokawma,2026-08-20,error,fast_path: unmatched or missing condition,rematch,,,Sweeping Operations,صفحة الإعلامي الشهيد علي شعيب: اخر الإعتداءات ● القصف المدفعي: • طلوسة • ميفدون ● التمشيط والرشقات النارية: • المنصوري • حداثا ● قنابل و مواد متفجرة: • المنصوري — قنبلة صوتية • علي الطاهر — مواد متفجر
31472,Lebanon24,2026-09-14,error,fast_path: no materializable village match,skip,no_place_extracted,,,"""لبنان24"": غارة اسرائيلية على القنطرة"
31474,manarbreaking,2026-08-20,error,fast_path: unmatched or missing condition,rematch,,غارتان للعدو,غارتان للعدو,🔴 عاجل | مراسلنا: غارتان للعدو على تلة الدبشة ودوحة كفررمان في منطقة النبطية
31475,nabatiehchannel,2026-08-20,error,fast_path: unmatched or missing condition,skip,extraction_marked_irrelevant,,,🔴 غارتين على علي الطاهر لمتابعة اخبار النبطية والجنوب بالصور والفيديو عبر قناة الواتس اب الرسمية عبر الرابط https://whatsapp.com/channel/0029VbBHw5gAjPXUcG5LJV0B
31476,mehwaralmokawma,2026-08-20,error,fast_path: unmatched or missing condition,rematch,,,Bombs,غارة استهدفت دوحة كفررمان لجهة الدبشة T.me/mehwaralmokawma «كرار»
31477,nabatiehchannel,2026-08-20,error,fast_path: unmatched or missing condition,skip,no_place_extracted,,,🚨سلسلة غارة تستهدف مرتفعات علي الطاهر
31480,mehwaralmokawma,2026-08-22,error,fast_path: no materializable village match,skip,no_place_extracted,,,مراسل إذاعة النور: جيش الاحتلال يكثف القصف المدفعي بقذائف الفوسفوري على مرتفع علي الطاهر في جنوب لبنان T.me/mehwaralmokawma ‏ «شُمران𓂆»
31481,almanarnews,2026-09-04,error,fast_path: unmatched or missing condition,rematch,,استهداف منطقة,استهداف منطقة,مراسلنا : الطيران المسير المعادي استهدف المنطقة الواقعة بين مدينة النبطية وكفررمان في جنوب لبنان
31482,alichoeib1970,2026-08-20,error,fast_path: unmatched or missing condition,rematch,,,Sweeping Operations,صفحة الإعلامي الشهيد علي شعيب: ملخص الإعتداءات من منتصف الليل حتى الساعة: قصف مدفعي: وادي السلوقي دوحة كفررمان علي الطاهر الغارات الحربية: محيط موقع الدبشة(دوحة كفررمان) قنابل مضيئة: المنصوري تمشيط با
31483,fouadkhreiss,2026-08-20,error,fast_path: unmatched or missing condition,skip,extraction_marked_irrelevant,,,بالفيديو: اشتعال شاحنة على الاوتوستراد بعد حاجز المدفون باتجاه بيروت و الدخان يغطي المنطقة Video
31487,manarbreaking,2026-08-21,error,fast_path: unmatched or missing condition,skip,extraction_marked_irrelevant,,,🔴 عاجل | استشهاد فلسطيني برصاص قوات الاحتلال الإسرائيلي أثناء اقتحامها حي المصاروة وسط مدينة جنين
31489,almayadeen,2026-08-21,error,fast_path: unmatched or missing condition,rematch,,عدوان بغارة إسرائيلية,عدوان بغارة إسرائيلية,لبنان: مراسل الميادين في الجنوب: عدوان بغارة إسرائيلية تستهدف بلدة المنصوري
31491,Lebanon24,2026-08-19,error,fast_path: unmatched or missing condition,rematch,,غارة إسرائيلية,غارة إسرائيلية,غارة إسرائيلية تستهدف دوحة كفررمان #lebanon24
31494,mehwaralmokawma,2026-08-19,error,fast_path: unmatched or missing condition,skip,no_place_extracted,,,غارة مجدداً على تلال علي الطاهر T.me/mehwaralmokawma
31496,ALJADEED_NEWS,2026-08-20,error,fast_path: unmatched or missing condition,skip,extraction_marked_irrelevant,,,"مراسل #الجديد: تحليق للطيران المسيّر في أجواء مدينة بعلبك https://twitter.com/ALJADEEDNEWS/status/2090358340689756399 August 20, 2026 at 10:40AM"
31499,mehwaralmokawma,2026-08-20,error,fast_path: unmatched or missing condition,skip,extraction_marked_irrelevant,,,بيان كتلة الوفاء للمقاومة 20-08-2026: عقدت كتلة الوفاء للمقاومة جلستها الدورية بتاريخ 20/8/2026 حول عدد من الأمور السياسية والنيابية وشؤون تتصل بلبنان وفلسطين والمنطقة وتم إصدار البيان التالي: يمر أرب
31500,Janoubana,2026-08-22,error,fast_path: unmatched or missing condition,rematch,,,Sweeping Operations,حصيلة الأحداث في جنوب لبنان (آخر ساعة): • غارتان حربيتان على المنصوري • غارة حربية على صربين • تفجير في الطيبة • تفجير في القنطرة • تفجيرين في بنت جبيل • قصف مدفعي است..هدف المنصوري • قصف مدفعي استهدف
31503,LBCI_NEWS,2026-08-19,error,fast_path: unmatched or missing condition,skip,no_conflict_evidence,,,تجدد حريق عربة قزحيا في جبل أيطو وفرق الدفاع المدني تعمل على إخماده Video
31504,Janoubana,2026-08-19,error,fast_path: unmatched or missing condition,rematch,,اغارة,اغارة,الطيران الحربي المعادي اغار على محيط منطقة علي الطاهر
31505,alichoeib1970,2026-08-22,error,fast_path: unmatched or missing condition,skip,no_place_extracted,,,صفحة الإعلامي الشهيد علي شعيب : ● ملخّص اعتداءات العدو خلال اليوم الغارات الحربية: • وادي صربين • المنصوري • أطراف صربين • علي الطاهر • دوحة كفررمان • أطراف دير سريان القصف المدفعي: • علي الطاهر • محي
31507,LBCI_NEWS,2026-08-19,error,fast_path: unmatched or missing condition,skip,no_place_extracted,,,غارة اسرائيلية استهدفت المنصوري
31508,mehwaralmokawma,2026-08-19,error,fast_path: unmatched or missing condition,skip,extraction_marked_irrelevant,,,اولي غارة من الطيران الحربي استهدفت علي الطاهر T.me/mehwaralmokawma
31509,AlakhbarNews,2026-08-19,error,fast_path: unmatched or missing condition,skip,no_place_extracted,,,«الوكالة الوطنية»: استشهاد أحد جريحي انفجار تشريكة العبوات الناسفة التي وضعها العدو الإسرائيلي قرب الساتر الترابي بين ميفدون وزوطر الشرقية لتصبح الحصيلة 3 شهداء وجريح واحد
31512,mehwaralmokawma,2026-08-19,error,fast_path: unmatched or missing condition,rematch,,استهداف دوحة,استهداف دوحة,#لحظة قيام الطيران الحربي باستهداف دوحة كفر رمان
31513,bintjbeilnews,2026-08-20,error,fast_path: unmatched or missing condition,skip,extraction_marked_irrelevant,,,🚨حريق هائل على أوتوستراد البترون ────────────── 🚨A massive fire on the Batroun highway. ────────────── 📲 قناة بنت جبيل على واتساب https://whatsapp.com/channel/0029VaG3H3R8fewmfDqRKX0Q
31514,mehwaralmokawma,2026-08-19,error,fast_path: no materializable village match,skip,no_place_extracted,,,🔴قصف مدفعي يستهدف علي الطاهر T.me/mehwaralmokawma
31515,Lebanon24,2026-08-20,error,fast_path: unmatched or missing condition,skip,extraction_marked_irrelevant,,,حريق داخل مقطورة شاحنة على أوتوستراد المنصف Video
31516,nabatiehchannel,2026-08-20,error,fast_path: unmatched or missing condition,rematch,,,Bombs,🚨من جديد غارة استهدفت منطقة دوحة كفر رمان
31517,Annahar,2026-08-20,error,fast_path: unmatched or missing condition,rematch,,,Bombs,غارة من الطيران الحربي الإسرائيلي على مرتفع علي الطاهر بقضاء النبطية
31518,Annahar,2026-08-21,error,fast_path: unmatched or missing condition,rematch,,غارة إسرائيلية,غارة إسرائيلية,غارة إسرائيلية تستهدف بلدة المنصوري في قضاء صور جنوبي لبنان Video
31519,mehwaralmokawma,2026-08-21,error,fast_path: unmatched or missing condition,skip,extraction_marked_irrelevant,,,الملتقى الثوري بالبحرين: ■ استقبال الأسرى بحفاوة أمرٌ محبَّبٌ ومطلوبٌ، ولكن الأهم هو التكافل بعد الاستقبال – وكلٌّ من موقعه. - لا تنتظر صناديقَ خيريةً، ولا جمعياتٍ، ولا مؤسساتٍ سياسيةٍ؛ بل أنت قُمْ وب
31521,Janoubana,2026-08-22,error,fast_path: unmatched or missing condition,rematch,,,Bombs,الطيران الحربي المعادي ينفذ غارة جوية على بلدة صربين
31523,almayadeen,2026-08-21,error,fast_path: unmatched or missing condition,rematch,,طائرات الاحتلال تستهدف بغارة,طائرات الاحتلال تستهدف بغارة,لبنان: مراسل الميادين في الجنوب: طائرات الاحتلال تستهدف بغارة بلدة برعشيت
31524,almayadeen,2026-08-22,error,fast_path: unmatched or missing condition,rematch,,عتداء إسرائيلي بغارة استهدفت,عتداء إسرائيلي بغارة استهدفت,لبنان: مراسل الميادين في الجنوب: اعتداء إسرائيلي بغارة استهدفت بلدة المنصوري
31525,mehwaralmokawma,2026-08-22,error,fast_path: no materializable village match,skip,no_place_extracted,,,قصف مدفعي صهيوني متواصل على علي الطاهر T.me/mehwaralmokawma ‏ «شُمران𓂆»
31526,almanarnews,2026-08-22,error,fast_path: unmatched or missing condition,skip,extraction_marked_irrelevant,,,غاراتٌ صهيونيةٌ مكثفةٌ على وديانِ الجنوبِ، في زبقين والمنصوري وصربين، حتى مرتفعاتِهِ في علي الطاهر، وتفجيرٌ للمنازلِ وقصفٌ مدفعيٌّ كثيفٌ، وإحراقٌ للحقولِ والأحراجِ. ولا حرجَ لدى السلطةِ أن تروّجَ عبر 
31530,MTVLebanonNews,2026-09-09,error,fast_path: no materializable village match,skip,no_place_extracted,,,"""الوكالة الوطنيّة"": تحرُّك للدبّابات الإسرائيليّة في شرق الخيام وإطلاق نار كثيف في المنطقة وسط أجواء متوتّرة"
31532,sameralhajali,2026-08-22,error,fast_path: no materializable village match,rematch,,توغلت قوة معادية في منطقة حوشين واستخدمت مواد متفجرة لتفخيخ منازل وتدميرها، وقصف مدفعي ومتمشيط بالأسلحة الرشاشة,Sweeping Operations,توغلت قوة معادية مجددًا في منطقة حوشين عند الأطراف الغربية لمدينة ميس الجبل، حيث عمدت إلى استخدام مواد متفجرة لتفخيخ ما تبقى من منازل في المنطقة تمهيدًا لنسفها، بالتزامن مع قصف مدفعي استهدف المنطقة وت
31533,almayadeen,2026-09-02,error,fast_path: no materializable village match,skip,no_place_extracted,,,لبنان: مراسل الميادين: مدفعية الاحتلال الإسرائيلي تستهدف الخيام والمنصوري جنوبي البلاد
31534,alimortada963,2026-08-20,error,fast_path: no materializable village match,skip,no_place_extracted,,,استقدمت قوات الاحتـلال شاحنات محمّلة بالمواد المتفجرة إلى الأطراف الغربية لميس الجبل، تمهيدًا لتفخيخ عدد من المنازل، بالتزامن مع إلقاء قنابل دخانية لتغطية عملية التوغّل والتحرّك داخل المنطقة
31535,bintjbeilnews,2026-08-22,error,fast_path: unmatched or missing condition,skip,extraction_marked_irrelevant,,,🚨🚨العد. وان الإسرائيلي مستمر.. غارة من مسيرة استهدفت وادي صربين ــــــــــــــ 📲 قناة موقع بنت جبيل على واتساب https://whatsapp.com/channel/0029VaG3H3R8fewmfDqRKX0Q
31536,nabatiehchannel,2026-08-22,error,fast_path: unmatched or missing condition,rematch,,محلّقة إسرائيلية ألقت قنبلة,محلّقة إسرائيلية ألقت قنبلة,🚨🚨 محلّقة إسرائيلية ألقت قنبلة باتجاه أحد الرعاة في الغدير بخراج صربين من دون تسجيل إصابات
31538,Janoubana,2026-08-21,error,fast_path: unmatched or missing condition,rematch,,,,تحليق للطيران المسيّر فوق بلدات : النبطيه الفوقا ، كفر رمان ، علي الطاهر ، ميفدون ، شوكين ، زبدين ، نبطية التحتا ، كفر تبنيت
31540,Janoubana,2026-08-22,error,fast_path: unmatched or missing condition,rematch,,مستهدفاً محيط,مستهدفاً محيط,أغار الطيران الحربي مستهدفاً محيط حاريص بصاروخ لم ينفجر
31541,mehwaralmokawma,2026-08-23,error,fast_path: no materializable village match,skip,no_place_extracted,,,قصف مدفعي صهيوني يستهدف المنصوري T.me/mehwaralmokawma ‏ «شُمران𓂆»
31544,alichoeib1970,2026-08-23,error,fast_path: unmatched or missing condition,rematch,,تفجيراً,تفجيراً,صفحة الإعلامي الشهيد علي شعيب : العدو ينفّذ تفجيراً في بلدة زوطر الشرقية
31545,sameralhajali,2026-08-23,error,fast_path: unmatched or missing condition,rematch,,دبابة ميركافا معادية تستهدف,Tank Fire,مجددا دبابة ميركافا معادية تستهدف بلدة المنصوري بقذيفة
31547,sameralhajali,2026-09-05,error,fast_path: unmatched or missing condition,rematch,,,Flare Bomb,يقوم العدو بإلقاء قنابل مضيئة فوق بلدة القنطرة
31548,almayadeen,2026-09-07,error,fast_path: unmatched or missing condition,skip,extraction_marked_irrelevant,,,لبنان: رئيس بلدية كفررمان للميادين: ارتقاء 11 شهيداً وجرح 3 آخرين من جراء العدوان الذي استهدف مبنى سكنياً فجراً
31549,Janoubana,2026-08-22,error,fast_path: no materializable village match,skip,no_place_extracted,,,قصف مدفعي مستمر على مرتفعات علي الطاهر
31550,hashemsayed,2026-08-23,error,fast_path: unmatched or missing condition,rematch,,,,تفجير نفذه العدو في بلدة كونين. قصف مدفعي معادي استهدف بلدة المنصوري. https://t.me/hashemsayed
31554,mehwaralmokawma,2026-08-22,error,fast_path: no materializable village match,skip,no_place_extracted,,,قصف مدفعي فسفوري مستمر على مرتفعات علي الطاهر T.me/mehwaralmokawma ‏ «شُمران𓂆»
31555,nabatiehchannel,2026-08-22,error,fast_path: no materializable village match,skip,no_place_extracted,,,🏴قصف مدفعي فسفوري مستمر على مرتفعات علي الطاهر
31558,manarbreaking,2026-08-22,error,fast_path: unmatched or missing condition,rematch,,غارة إسرائيلية,غارة إسرائيلية,🔴 عاجل | غارة إسرائيلية تستهدف محيط مرتفع الدبشة لجهة دوحة كفررمان في جنوب لبنان
31559,sameralhajali,2026-08-22,error,fast_path: unmatched or missing condition,rematch,,غارة,غارة,غارة تستهدف دوحة كفررمان لجهة الدبشة
31561,almanarnews,2026-08-22,error,fast_path: unmatched or missing condition,rematch,,غارة إسرائيلية,غارة إسرائيلية,بالصورة | غارة إسرائيلية استهدفت بلدة صربين https://almanar.com.lb/article/1116627/?s=tg
31562,mehwaralmokawma,2026-08-22,error,fast_path: no materializable village match,skip,no_place_extracted,,,قصف مدفعي يستهدف مرتفعات علي الطاهر T.me/mehwaralmokawma ‏ «محمد𓂆»
31563,bintjbeilnews,2026-08-22,error,fast_path: no materializable village match,skip,no_place_extracted,,,قصف مدفعي يستهدف مرتفعات علي الطاهر ــــــــــــــ Artillery shelling targets the Ali al-Taher heights ــــــــــــــ 📲 قناة بنت جبيل على واتساب https://whatsapp.com/channel/0029VaG3H3R8fewmfDqRKX0Q
31564,almayadeen,2026-09-02,error,fast_path: unmatched or missing condition,rematch,,غارة إسرائيلية,غارة إسرائيلية,لبنان: مراسل الميادين في الجنوب: غارة إسرائيلية تستهدف بلدة المنصوري
31565,bintjbeilnews,2026-08-22,error,fast_path: unmatched or missing condition,rematch,,,,🚨🚨غارتان على المنصوري وصربين
31566,sameralhajali,2026-08-22,error,fast_path: unmatched or missing condition,rematch,,,Bombs,الطيران الحربي المعادي ينفذ غارة جوية على بلدة صربين
31567,mehwaralmokawma,2026-08-22,error,fast_path: unmatched or missing condition,rematch,,,,"غارتان على المنصوري وصربين. T.me/mehwaralmokawma ‏ «جـھ,آد𓂆»"
31570,alichoeib1970,2026-08-22,error,fast_path: no materializable village match,skip,no_place_extracted,,,صفحة الإعلامي الشهيد علي شعيب : تفجير جديد نفّذه العدو الاسرائيلي في منطقة حوشين عند الاطراف الغربية لميس الجبل
31574,mehwaralmokawma,2026-08-22,error,fast_path: unmatched or missing condition,rematch,,غارة,غارة,مجددا غارة استهدفت وادي صربين جنوب لبنان T.me/mehwaralmokawma «كُمَيْل»
31575,bintjbeilnews,2026-08-22,error,fast_path: unmatched or missing condition,rematch,,استهداف,استهداف,قذيفة مدفعية تستهدف بلدة المنصوري An artillery shell targets the town of Al-Mansouri
31576,almayadeen,2026-09-02,error,fast_path: unmatched or missing condition,rematch,,استهدفت الطائرات الحربية الإسرائيلية أطراف البلدة,استهدفت الطائرات الحربية الإسرائيلية أطراف البلدة,لبنان: مراسل الميادين في الجنوب: الطائرات الحربية الإسرائيلية استهدفت أطراف بلدة النبطية الفوقا
31577,nabatiehchannel,2026-08-22,error,fast_path: no materializable village match,skip,no_place_extracted,,,♦️| قصف مدفعي استهدف وادي السلوقي منذ قليل
31578,sameralhajali,2026-08-22,error,fast_path: unmatched or missing condition,rematch,,غارة,غارة,مجددا غارة استهدفت وادي صربين
31579,mehwaralmokawma,2026-08-22,error,fast_path: no materializable village match,skip,no_place_extracted,,,قصف مدفعي على تلة علي الطاهر T.me/mehwaralmokawma «كُمَيْل»
31580,alichoeib1970,2026-08-22,error,fast_path: unmatched or missing condition,rematch,,تفجيراً,تفجيراً,صفحة الإعلامي الشهيد علي شعيب: العدو نفّذ تفجيراً في بلدة كفرتبنيت
31581,alimortada963,2026-08-22,error,fast_path: unmatched or missing condition,rematch,,,Bombs,غارة جديدة على صربين
31583,mehwaralmokawma,2026-08-22,error,fast_path: unmatched or missing condition,skip,extraction_marked_irrelevant,,,"تحليق مسير معادي فوق أجواء الضاحية الجنوبية لبيروت وفوق العاصمة بيروت . T.me/mehwaralmokawma ‏ «جـھ,آد𓂆»"
31584,bintjbeilnews,2026-08-22,error,fast_path: unmatched or missing condition,rematch,,محلقة اسرائيلية القت قنبلة باتجاه أحد رعاة الماشية,محلقة اسرائيلية القت قنبلة باتجاه أحد رعاة الماشية,متابعة للخبر.. محلقة اسرائيلية القت قنبلة باتجاه أحد رعاة الماشية عند اطراف بلدة صربين دون وقوع اصابات
31585,mehwaralmokawma,2026-08-22,error,fast_path: unmatched or missing condition,rematch,,تفجيراً,تفجيراً,🌟صفحة الإعلامي الشهيد علي شعيب: العدو نفّذ تفجيراً في بلدة كفرتبنيت في جبل عامل T.me/mehwaralmokawma «مـيّـثـمـ𓂆»
31586,alimortada963,2026-08-22,error,fast_path: no materializable village match,skip,no_place_extracted,,,غارة مسيرة على وادي صربين
31587,Janoubana,2026-08-22,error,fast_path: unmatched or missing condition,rematch,,محلّقة إسرائيلية ألقت قنبلة باتجاه أحد الرعاة في الغدير,محلّقة إسرائيلية ألقت قنبلة باتجاه أحد الرعاة في الغدير,متابعة لخبر صربين محلّقة إسرائيلية ألقت قنبلة باتجاه أحد الرعاة في الغدير بخراج صربين من دون تسجيل إصابات
31588,Janoubana,2026-08-22,error,fast_path: unmatched or missing condition,skip,extraction_marked_irrelevant,,,تحليق مستمر للطيران المسير المعادي فوق أجواء الضاحية الجنوبية
31591,mehwaralmokawma,2026-08-22,error,fast_path: unmatched or missing condition,rematch,,غارة معادية استهدفت محيط مرتفعات علي الطاهر,غارة معادية استهدفت محيط مرتفعات علي الطاهر,🔴غارة معادية استهدفت محيط مرتفعات علي الطاهر في جبل عامل T.me/mehwaralmokawma «مـيّـثـمـ𓂆»
31594,alichoeib1970,2026-08-21,error,fast_path: no materializable village match,skip,no_place_extracted,,,صفحة الإعلامي الشهيد علي شعيب : ● ملخص الاعتداءات اليوم: أغار الطيران الحربي المعادي مستهدفاً: • القنطرة • منطقة الدبشة • برعشيت • منطقة علي الطاهر • أطراف دير سريان قصف مدفعي معادٍ استهدف: • دوحة كفر
31595,mehwaralmokawma,2026-08-22,error,fast_path: unmatched or missing condition,skip,no_place_extracted,,,العدو الصهيوني يستهدف محيط علي الطاهر جنوبي لبنان بالمدفعية T.me/mehwaralmokawma «☫نـصـراللّه☫»
31596,bintjbeilnews,2026-08-22,error,fast_path: unmatched or missing condition,skip,no_place_extracted,,,🚨غارة استهدفت تلة علي الطاهر
31598,bintjbeilnews,2026-09-06,error,fast_path: no materializable village match,skip,no_place_extracted,,,🚨قصف مدفعي على النبطية لمنع فرق الإسعاف من التحرك للكشف عن احتمالية وجود إصابات Artillery shelling on Nabatieh to prevent ambulance teams from moving to check for potential casualties
31600,Annahar,2026-09-06,error,fast_path: unmatched or missing condition,rematch,,غارتان إسرائيليّتان استهدفتا المبنى المهدّد,غارتان إسرائيليّتان استهدفتا المبنى المهدّد,غارتان إسرائيليّتان استهدفتا المبنى المهدّد في بلدة عربصاليم بقضاء النبطية
31601,mehwaralmokawma,2026-08-21,error,fast_path: unmatched or missing condition,skip,extraction_marked_irrelevant,,,ملخص الاعتدئات الاخيرة التي طالت الجنوب: 🔸غارة علي الطاهر 🔸غارة النبطية الفوقا حي الدير 🔸غارة الدبشة 🔸غارة اطراف ديرسريان 🔸تفجير مشاع المنصوري 🔸مدفعي و فسفوري علي الطاهر T.me/mehwaralmokawma ‏ «محمد𓂆»
31602,Janoubana,2026-08-21,error,fast_path: unmatched or missing condition,rematch,,,Bombs,غارة بين الدبشة وتلة علي الطاهر
31604,nabatiehchannel,2026-08-21,error,fast_path: no materializable village match,skip,no_place_extracted,,,🏴يقوم جيش العدو بإلقاء قنابل مضيئة فوق تلة علي الطاهر
31606,mehwaralmokawma,2026-08-21,error,fast_path: unmatched or missing condition,rematch,,,Bombs,غارة استهدفت المنطقة الواقعة بين زوطر و دير سريان T.me/mehwaralmokawma «كرار»
31607,nabatiehchannel,2026-08-21,error,fast_path: unmatched or missing condition,skip,extraction_marked_irrelevant,,,🔴 غارة محيط دير سريان لمتابعة اخبار النبطية والجنوب بالصور والفيديو عبر قناة الواتس اب الرسمية عبر الرابط https://whatsapp.com/channel/0029VbBHw5gAjPXUcG5LJV0B
31610,ALJADEED_NEWS,2026-08-21,error,fast_path: unmatched or missing condition,skip,no_place_extracted,,,"غارة ثانية تستهدف محيط علي الطاهر https://t.co/bsgN6q9wor https://twitter.com/ALJADEEDNEWS/status/2090888200143192327 August 21, 2026 at 09:46PM"
31613,Janoubana,2026-08-21,error,fast_path: unmatched or missing condition,rematch,,,,تحليق للطيران المسيّر فوق بلدات : يونين ، شعت ، مقنة ، رسم الحدث ، البزالية ، اللبوة ، العين ، رأس بعلبك ، بيت مشيخ ، زبود ، حربتا ، حلبتا ، حرفوش ، المعيسرة ، نبحا ، نيحا
31614,almanarnews,2026-08-21,error,fast_path: unmatched or missing condition,skip,extraction_marked_irrelevant,,,📹 الاحتلال يغتال فتحي خازم في جنين وتصعيد المستوطنين يحصد شهيداً في الخليل https://almanar.com.lb/article/1113902/?s=tg
31615,mehwaralmokawma,2026-08-21,error,fast_path: unmatched or missing condition,skip,extraction_marked_irrelevant,,,غارة تستهدف علي الطاهر T.me/mehwaralmokawma ‏ «محمد𓂆»
31617,Janoubana,2026-08-21,error,fast_path: unmatched or missing condition,rematch,,استهداف مبنى في بلدة برعشيت,استهداف مبنى في بلدة برعشيت,جيش العدو الإسرائيلي: جيش الدفاع يستهدف مبنى في بلدة برعشيت داخل المنطقة الأمنية في جنوب لبنان رصدت قوات لواء كفير بقيادة الفرقة 91، في وقت سابق اليوم (الجمعة)، عددًا من المشتبه بهم الذين اجتازوا خط ا
31618,almanarnews,2026-08-21,error,fast_path: unmatched or missing condition,skip,extraction_marked_irrelevant,,,📹 الاحتلال يغتال فتحي خازم في جنين وتصعيد المستوطنين يحصد شهيداً في الخليل https://almanar.com.lb/article/1113902/?s=tg
31619,mehwaralmokawma,2026-08-21,error,fast_path: no materializable village match,skip,no_place_extracted,,,"قصف مدفعي يستهدف وادي السلوقي. T.me/mehwaralmokawma ‏ «جـھ,آد𓂆»"
31620,almanarnews,2026-08-21,error,fast_path: no materializable village match,skip,no_place_extracted,,,🔵 سلسلة غارات إسرائيلية تستهدف مرتفعات علي الطاهر في جنوب لبنان https://almanar.com.lb/article/1112472/?s=tg
31621,mehwaralmokawma,2026-08-21,error,fast_path: unmatched or missing condition,rematch,,تحليق للطيران المسيّر المعادي في أجواء البلدة على علو منخفض,تحليق للطيران المسيّر المعادي في أجواء البلدة على علو منخفض,تحليق للطيران المسيّر المعادي في أجواء بلدة البازورية جنوب لبنان على علو منخفض T.me/mehwaralmokawma «ذو 𓂆 الفِقَـار»
31622,almanarnews,2026-08-21,error,fast_path: unmatched or missing condition,skip,extraction_marked_irrelevant,,,🔵 الاحتلال يغتال القيادي فتحي خازم في جنين ويحتجز جثمانه https://almanar.com.lb/article/1113162/?s=tg
31624,Janoubana,2026-08-21,error,fast_path: unmatched or missing condition,rematch,,القذيفة المدفعية استهدفت منزلا,القذيفة المدفعية استهدفت منزلا,القذيفة المدفعية استهدفت منزلا في خلة الدواوير عند أطراف بلدة شقرا لجهة وادي السلوقي
31625,mehwaralmokawma,2026-08-21,error,fast_path: unmatched or missing condition,skip,extraction_marked_irrelevant,,,بسم الله الرحمن الرحيم تصريح صحفي ننعى القامة الوطنية الكبيرة ووالد الشهداء الشهيد البطل فتحي خازم تنعى حركة المقاومة الإسلامية حماس إلى جماهير شعبنا الفلسطيني المرابط الشهيد البطل القامة الفلسطينية ا
31629,bintjbeilnews,2026-08-21,error,fast_path: no materializable village match,rematch,,قذيفة مدفعية إستهدفت اطراف,قذيفة مدفعية إستهدفت اطراف,🚨قذيفة مدفعية إستهدفت اطراف بلدة شقرا ────────────── An artillery shell targeted the outskirts of Shaqra. ────────────── 📲 قناة بنت جبيل على واتساب https://whatsapp.com/channel/0029VaG3H3R8fewmfDqRKX0
31630,Annahar,2026-08-21,error,fast_path: unmatched or missing condition,rematch,,غارة إسرائيلية تستهدف,غارة إسرائيلية تستهدف,غارة إسرائيلية تستهدف بلدة برعشيت جنوبي لبنان
31631,mehwaralmokawma,2026-08-21,error,fast_path: unmatched or missing condition,skip,no_place_extracted,,,"غارة تستهدف برعشيت. T.me/mehwaralmokawma ‏ «جـھ,آد𓂆»"
31633,nbntweets,2026-08-21,error,fast_path: unmatched or missing condition,rematch,,غارة إسرائيلية معادية,غارة إسرائيلية معادية,غارة إسرائيلية معادية استهدفت ليلا بلدة المنصوري
31634,NidaaWatan,2026-08-21,error,fast_path: unmatched or missing condition,rematch,,,Bombs,بالفيديو - تصعيد إسرائيلي لافت على محور علي الطاهر – الدبشة #نداء_الوطن nidaalwatan.com/article/3950… Link بالفيديو - تصعيد إسرائيلي لافت على محور علي الطاهر – الدبشة | نداء الوطن شهد محور تلال علي ال
31637,bintjbeilnews,2026-08-21,error,fast_path: no materializable village match,skip,no_conflict_evidence,,,🚨دون انقطاع.. تواصل تساقط القذائف المدفعية الثقيلة في محيط مرتفع علي الطاهر
31638,mehwaralmokawma,2026-08-21,error,fast_path: no materializable village match,skip,no_place_extracted,,,🔴العدو الإسرائيلي يشغل مربض الحمامص + مربض تل النحاس مستهدفاً دوحة كفر رمان ( الدبشة) 🔹وتلال علي الطاهر بـ ٤٥ قذيفة مدفعية من العيار الثقيل ٢٤٠ 🔹جهوزية الحربي / اقلع من قاعدة رامات ديفيد منفذاً ٧ غارا
31640,mehwaralmokawma,2026-08-21,error,fast_path: unmatched or missing condition,skip,no_place_extracted,,,غارة بصاروخين من الطيران الحربي الاسرائيلي استهدفت القنطرة T.me/mehwaralmokawma
31641,mehwaralmokawma,2026-08-20,error,fast_path: unmatched or missing condition,rematch,,غارة استهدفت,غارة استهدفت,غارة استهدفت دوحة كفررمان
31642,bintjbeilnews,2026-08-21,error,fast_path: unmatched or missing condition,skip,no_place_extracted,,,🚨🚨غارة تستهدف محيط القنطرة
31643,Janoubana,2026-08-21,error,fast_path: unmatched or missing condition,rematch,,,Bombs,غارة بصاروخين من الطيران الحربي الاسرائيلي استهدفت بلدة القنطرة
31644,nabatiehchannel,2026-08-21,error,fast_path: unmatched or missing condition,rematch,,غارة,غارة,♦️| غارة على بلدة القنطرة
31645,sameralhajali,2026-08-21,error,fast_path: unmatched or missing condition,rematch,,غارة,غارة,نفذ العدو غارة جديدة استهدفت دوحة كفررمان منذ بعض الوقت
31646,bintjbeilnews,2026-08-21,error,fast_path: unmatched or missing condition,rematch,,,Bombs,🚨🚨غارة استهدفت بلدة المنصوري
31647,mehwaralmokawma,2026-08-20,error,fast_path: unmatched or missing condition,skip,extraction_marked_irrelevant,,,مجدداً غارة استهدفت المنصوري T.me/mehwaralmokawma
31648,mehwaralmokawma,2026-08-20,error,fast_path: unmatched or missing condition,rematch,,,Bombs,من جديد غارة استهدفت منطقة دوحة كفر رمان T.me/mehwaralmokawma
31649,nabatiehchannel,2026-08-20,error,fast_path: unmatched or missing condition,skip,extraction_marked_irrelevant,,,🔴 غارة على المنصوري لمتابعة اخبار النبطية والجنوب بالصور والفيديو عبر قناة الواتس اب الرسمية عبر الرابط https://whatsapp.com/channel/0029VbBHw5gAjPXUcG5LJV0B
31650,nabatiehchannel,2026-08-20,error,fast_path: unmatched or missing condition,rematch,,غارة على,غارة على,🏴غارة على المنصوري غارة ع كفررمان
31651,nabatiehchannel,2026-08-20,error,fast_path: unmatched or missing condition,skip,extraction_marked_irrelevant,,,🔴 غارة دوحة كفررمان لمتابعة اخبار النبطية والجنوب بالصور والفيديو عبر قناة الواتس اب الرسمية عبر الرابط https://whatsapp.com/channel/0029VbBHw5gAjPXUcG5LJV0B
31654,mehwaralmokawma,2026-08-20,error,fast_path: no materializable village match,skip,no_place_extracted,,,قصف مدفعي معادي باتجاه مرتفعات على الطاهر T.me/mehwaralmokawma «صادق»
31655,almanarnews,2026-08-20,error,fast_path: no materializable village match,skip,no_place_extracted,,,غارات إسرائيلية تستهدف مرتفعات علي الطاهر في جنوب لبنان
31656,nabatiehchannel,2026-08-20,error,fast_path: unmatched or missing condition,skip,extraction_marked_irrelevant,,,🔴 غارة دوحة كفررمان ل جهة الدبشة لمتابعة اخبار النبطية والجنوب بالصور والفيديو عبر قناة الواتس اب الرسمية عبر الرابط https://whatsapp.com/channel/0029VbBHw5gAjPXUcG5LJV0B
31657,sameralhajali,2026-08-20,error,fast_path: unmatched or missing condition,skip,no_place_extracted,,,غارة تستهدف مرتفعات علي الطاهر
31658,nabatiehchannel,2026-08-20,error,fast_path: no materializable village match,skip,no_place_extracted,,,قصف مدفعي يطال علي الطاهر لمتابعة اخبار النبطية والجنوب بالصور والفيديو عبر قناة الواتس اب الرسمية عبر الرابط https://whatsapp.com/channel/0029VbBHw5gAjPXUcG5LJV0B
31659,almanarnews,2026-08-20,error,fast_path: no materializable village match,skip,no_place_extracted,,,🔵 سلسلة غارات إسرائيلية تستهدف مرتفعات علي الطاهر في جنوب لبنان https://almanar.com.lb/article/1112472/?s=tg
31662,manarbreaking,2026-08-20,error,fast_path: unmatched or missing condition,skip,no_place_extracted,,,🔴 عاجل | مراسل المنار: غارة صهيونية على مرتفعات علي الطاهر جنوب لبنان
31663,almanarnews,2026-08-20,error,fast_path: no materializable village match,skip,no_place_extracted,,,🔵 سلسلة غارات إسرائيلية تستهدف مرتفعات علي الطاهر في جنوب لبنان https://almanar.com.lb/article/1112472/?s=tg
31664,sameralhajali,2026-08-20,error,fast_path: unmatched or missing condition,rematch,,غارة,غارة,غارة استهدفت دوحة كفررمان لجهة الدبشة
31665,bintjbeilnews,2026-08-20,error,fast_path: unmatched or missing condition,rematch,,غارة محيط,غارة محيط,🚨🚨غارة محيط علي الطاهر
31666,alichoeib1970,2026-09-14,error,fast_path: unmatched or missing condition,rematch,,,Sweeping Operations,صفحة الإعلامي الشهيد علي شعيب : • قذيفة مدفعية معادية استهدفت المنطقة الواقعة بين بلدتي حداثا وحاريص. • تفجير معادٍ لجيش العدو بين بلدتي القنطرة والطيبة • تمشيط بالأسلحة الرشتشة بإتجاه بلدة بيت ياحون
31668,Janoubana,2026-08-20,error,fast_path: no materializable village match,skip,no_place_extracted,,,قصف مدفعي معادي يستهدف بلدة حداثا
31670,NidaaWatan,2026-08-20,error,fast_path: unmatched or missing condition,rematch,,سُمع دوي انفجار قوي,سُمع دوي انفجار قوي,دوي انفجار قوي في موقع الدبشة #نداء_الوطن nidaalwatan.com/article/3950… Link دوي انفجار قوي في موقع الدبشة | نداء الوطن سُمع قبل لحظات دوي انفجار قوي جداً في محيط موقع الدبشة في مدينة النبطية، من دون 
31671,nabatiehchannel,2026-08-20,error,fast_path: no materializable village match,skip,no_place_extracted,,,قصف مدفعي يطال اطراف ميفدون لمتابعة اخبار النبطية والجنوب بالصور والفيديو عبر قناة الواتس اب الرسمية عبر الرابط https://whatsapp.com/channel/0029VbBHw5gAjPXUcG5LJV0B
31672,sameralhajali,2026-08-20,error,fast_path: unmatched or missing condition,rematch,,دبابة ميركافا معادية تستهدف اطراف بلدة,Tank Fire,دبابة ميركافا معادية تستهدف اطراف بلدة برعشيت بعدد من القذائف
31673,bintjbeilnews,2026-08-20,error,fast_path: unmatched or missing condition,skip,extraction_marked_irrelevant,,,🚨حريق هائل على أوتوستراد البترون Video
31674,Janoubana,2026-08-20,error,fast_path: unmatched or missing condition,rematch,,تحرك معادية لقوات الاحتلال الاسرائيلي,Sweeping Operations,تحرك معادية لقوات الاحتلال الاسرائيلي عند الاطراف الغربية لمدينة ميس الجبل في منطقة دوبيه، ترافق مع قصف مدفعي استهدف عدداً من المنازل وتزامن مع تمشيط بالاسلحة الرشاشة واندلاع حريق في المكان
31675,MTVLebanonNews,2026-08-20,error,fast_path: unmatched or missing condition,skip,extraction_marked_irrelevant,,,تحليق للطيران المسيّر الإسرائيلي في أجواء مدينة بعلبك
31677,mehwaralmokawma,2026-08-20,error,fast_path: unmatched or missing condition,rematch,,تحليق للطيران المسيّر المعادي في أجواء مدينة النبطية,تحليق للطيران المسيّر المعادي في أجواء مدينة النبطية,تحليق للطيران المسيّر المعادي في أجواء مدينة النبطية، كفرتبنيت وعلي الطاهر T.me/mehwaralmokawma «ذو 𓂆 الفِقَـار»
31678,alakhbar_news,2026-08-20,error,fast_path: unmatched or missing condition,skip,extraction_marked_irrelevant,,,كتلة «الوفاء للمقاومة»: السلطة توغل في أدائها التفريطي الاستسلامي التنازلي متقاعسة عن القيام بأبسط واجباتها السياسية والسيادية والدبلوماسية ما يشجع العدو على التمادي في مجازره وارتكابه جرائم الإبادة ا
31679,breakingnews_mt,2026-08-20,error,fast_path: unmatched or missing condition,rematch,,,,🔴 عاجل | مراسلنا: قصف مدفعي يستهدف اطراف بلدة المنصوري وتفجير نفذه جيش الاحت.لال في بلدة حداثا
31680,bintjbeilnews,2026-08-20,error,fast_path: unmatched or missing condition,skip,extraction_marked_irrelevant,,,قصف مدفعي يستهدف أطراف بلدة حولا ــــــــــــــ Artillery shelling targets the outskirts of the town of Houla ــــــــــــــ 🔴🟡🟢 Simply Halal Collagen حلال Collagen عالي الجودة صناعة أميركية بأيدٍ لبن
31681,mehwaralmokawma,2026-08-19,error,fast_path: unmatched or missing condition,rematch,,غارة استهدفت,غارة استهدفت,#مجدداً غارة استهدفت دوحة كفر رمان
31683,Janoubana,2026-08-19,error,fast_path: unmatched or missing condition,rematch,,اغارة,اغارة,"الطيران الحربي المعادي اغار على المنطقة الواقعة بين ""الدبشة"" و""دوحة كفررمان"""
31684,nabatiehchannel,2026-08-19,error,fast_path: no materializable village match,skip,no_place_extracted,,,🏴الأصوات التي تسمع في جنوب لبنان ناتجة عن قصف مدفعي معادٍ مستمر من العيار الثقيل يستهدف مرتفعات علي الطاهر جنوبي لبنان
31685,Annahar,2026-08-19,error,fast_path: unmatched or missing condition,skip,no_place_extracted,,,الطيران الحربي الإسرائيلي يستهدف مرتفعات علي الطاهر جنوبي لبنان
31686,Annahar,2026-08-19,error,fast_path: unmatched or missing condition,rematch,,غارة إسرائيلية,غارة إسرائيلية,غارة إسرائيلية تستهدف دوحة كفررمان جنوبي لبنان
31687,Janoubana,2026-08-19,error,fast_path: unmatched or missing condition,rematch,,غارة,غارة,من جديد .... غارة دوحة كفررمان
31688,ALJADEED_NEWS,2026-09-04,error,fast_path: no materializable village match,skip,no_place_extracted,,,"مراسل الجديد: غارة من مسيّرة بصاروخ موجّه استهدفت محيط مبنى نقابة المهندسين في النبطية https://t.co/d6GQAK2WzJ https://x.com/ALJADEEDNEWS/status/2095899527697854867 September 4, 2026 at 05:39PM"
31690,almayadeen,2026-08-19,error,fast_path: unmatched or missing condition,rematch,,غارة من الطائرات الحربية الإسرائيلية,غارة من الطائرات الحربية الإسرائيلية,لبنان: مراسل الميادين في الجنوب: غارة من الطائرات الحربية الإسرائيلية استهدفت محيط تلة الدبشة لجهة دوحة كفر رمان
31691,sameralhajali,2026-08-19,error,fast_path: unmatched or missing condition,rematch,,اغارة,اغارة,الطيران الحربي المعادي اغار على محيط منطقة علي الطاهر في جنوب لبنان
31692,Janoubana,2026-08-19,error,fast_path: unmatched or missing condition,rematch,,تحليق درون,تحليق درون,تحليق درون اسرائيلية فوق المعشوق والمساكن في صور
31693,nabatiehchannel,2026-08-19,error,fast_path: unmatched or missing condition,skip,extraction_marked_irrelevant,,,غارتان محيط علي الطاهر لمتابعة اخبار النبطية والجنوب بالصور والفيديو عبر قناة الواتس اب الرسمية عبر الرابط https://whatsapp.com/channel/0029VbBHw5gAjPXUcG5LJV0B
31694,alichoeib1970,2026-08-19,error,fast_path: unmatched or missing condition,rematch,,,Sweeping Operations,صفحة الإعلامي الشهيد علي شعيب: • رشقات نارية في بلدة حداثا. • يقوم العدو بعملية تمشيط باتجاه بلدة صربين. • تقدّم معادٍ من بلدة حداثا باتجاه أطراف بلدة عيتا الجبل. • قصف مدفعي معادٍ استهدف أطراف بلدتي 
31695,Annahar,2026-08-19,error,fast_path: unmatched or missing condition,rematch,,,Bombs,غارة إسرائيلية جديدة على بلدة المنصوري بقضاء صور
31696,alichoeib1970,2026-08-19,error,fast_path: unmatched or missing condition,rematch,,تواصل الاعتداءات الإسرائيلية على جنوب لبنان,Sweeping Operations,تتواصل الاعتداءات الإسرائيلية على جنوب لبنان، وسُجّلت التطورات التالية: • تمشيط بالأسلحة الرشاشة باتجاه بلدة حداثا، وأطراف عيتا الجبل • تمشيط بالأسلحة الرشاشة استهدف بلدة زوطر الشرقية، قبل أن ينفذ الع
31700,mehwaralmokawma,2026-08-19,error,fast_path: unmatched or missing condition,rematch,,,Bombs,غارة للعدو الصهيوني تستهدف بلدة المنصوري في قضاء صور جنوبي لبنان الصامد T.me/mehwaralmokawma «𓂆سيد كـيـان»
31701,sameralhajali,2026-08-19,error,fast_path: unmatched or missing condition,rematch,,,Bombs,غارة تستهدف بلدة المنصوري
31702,nbntweets,2026-08-19,error,fast_path: unmatched or missing condition,rematch,,,Bombs,مقدمة النشرة: في وقتٍ يتصاعد فيه العدوان الإسرائيلي على الجنوب اللبناني كثّف الطيران الحربي غاراته على مرتفع علي الطاهر ودوحة كفررمان وأطراف دير سريان فيما طال القصف المدفعي برعشيت وبيت ياحون وميس الج
31711,alichoeib1970,2026-09-08,error,extraction: exceeded max retries (#) — last error: ConnectError: [Errno #] Connection refused,reextract,,,,صفحة الإعلامي الشهيد علي شعيب قذائف معادية على بلدة المنصوري
31735,almodononline,2026-09-06,error,fast_path: unmatched or missing condition,rematch,,غارتان إسرائيليتان,غارتان إسرائيليتان,#عاجل | غارتان إسرائيليتان على أطراف مدينة النبطية وبلدة عربصاليم
31744,Annahar,2026-08-21,error,fast_path: exact hash already materialized; no new incident,skip,exact_hash_duplicate,,,قصف مدفعي إسرائيلي يستهدف وادي سلوقي جنوبي لبنان
31745,mehwaralmokawma,2026-09-04,error,fast_path: unmatched or missing condition,rematch,,,,صفحة الإعلامي الشهيد علي شعيب: مدفعية العدو تستهدف بلدة النبطية الفوقا T.me/mehwaralmokawma «☫نـصـراللّه☫»
31749,alimortada963,2026-08-22,error,fast_path: exact hash already materialized; no new incident,skip,exact_hash_duplicate,,,قصف مدفعي يستهدف وادي السلوقي
31751,bintjbeilnews,2026-08-21,error,fast_path: exact hash already materialized; no new incident,skip,exact_hash_duplicate,,,وقوع إصابة بعدما ألقت محلقة قنبلة صوتية باتجاه أحد رعاة المواشي في بلدة شبعا An injury occurred after a drone dropped a sound bomb towards a livestock herder in the town of Shebaa.
31752,bintjbeilnews,2026-09-04,error,fast_path: no materializable village match,rematch,,Bombs,Bombs,🚨🚨غارة في محيط الجبور- البقاع الغربي
31758,lebanondebate,2026-09-07,error,fast_path: unmatched or missing condition,rematch,,,,"مراسل ""ليبانون ديبايت"": غارتان إسرائيليتان استهدفتا بلدة زوطر الشرقية"
31759,mehwaralmokawma,2026-09-04,error,fast_path: no materializable village match,skip,no_place_extracted,,,صفحة الإعلامي الشهيد علي شعيب: قصف مدفعي معادٍ يستهدف وادي السلوقي T.me/mehwaralmokawma «☫نـصـراللّه☫»
31763,mehwaralmokawma,2026-09-07,error,fast_path: unmatched or missing condition,skip,extraction_marked_irrelevant,,,تحليق لطائرة مسيرة معادية في أجواء عربصاليم وجرجوع والجوار على علو متوسّط. T.me/mehwaralmokawma «صادق»
31764,ALJADEEDNEWS,2026-09-07,error,fast_path: unmatched or missing condition,rematch,,شنّ غارتين,شنّ غارتين,مراسل الجديد: الطيران الحربي الإسرائيلي شنّ غارتين استهدفتا بلدة النبطية الفوقا
31776,ALJADEEDNEWS,2026-09-07,error,fast_path: unmatched or missing condition,skip,extraction_marked_irrelevant,,,الوكالة الوطنية: تحليق للطيران المسيّر على علو منخفض في أجواء مدينة صور وبلدات القضاء
31777,lebanondebate,2026-09-13,error,fast_path: no materializable village match,skip,no_place_extracted,,,"""الوكالة الوطنية"": حرج علي الطاهر عند أطراف النبطية يتعرض لقصف مدفعي إسرائيلي متقطع"
31782,Janoubana,2026-09-05,error,fast_path: unmatched or missing condition,skip,extraction_marked_irrelevant,,,8 مسيرات اسرائيلية تحلق بشكل مكثف فوق الضاحية وبيروت ㅤㅤㅤㅤ ㅤㅤㅤㅤ
31783,nabatiehchannel,2026-08-23,error,fast_path: exact hash already materialized; no new incident,skip,exact_hash_duplicate,,,🏴 ملخص الاعتداءات لهذا اليوم الغارات الحربية: • علي الطاهر • الدبشة • النبطية الفوقا القصف المدفعي: • برعشيت • بيت ياحون • علي الطاهر • الدبشة • دوحة كفررمان • القنطرة • المنصوري • ميس الجبل • عدشيت ا
31785,almodononline,2026-09-05,error,fast_path: no materializable village match,rematch,,توغّل للقوات الإسرائيليّة,توغّل للقوات الإسرائيليّة,#عاجل | توغّل للقوات الإسرائيليّة من الأطراف الغربيّة لبلدة ميس الجبل باتجاه محيط قلعة دوبيه
31786,fouadkhreiss,2026-09-07,error,fast_path: no materializable village match,skip,no_place_extracted,,,⚠️⭕الشهيد المسعف علي شحرور الذي ارتقى في غارة كفررمان Video
31787,Janoubana,2026-08-24,error,fast_path: exact hash already materialized; no new incident,skip,exact_hash_duplicate,,,محلّقة إسرائيلية ألقت قنبلة صوتية على فرق الإسعاف في دوحة كفررمان
31790,Annahar,2026-09-07,error,fast_path: unmatched or missing condition,skip,extraction_marked_irrelevant,,,تحليق إسرائيلي مسيّر في أجواء مدينة صور وبلدات القضاء على علوٍّ منخفض
31794,mehwaralmokawma,2026-09-17,error,fast_path: unmatched or missing condition,skip,no_place_extracted,,,المركز الفلسطيني للدفاع عن الأسرى: ▪️ استشهاد المعتقل الإداري معتز نظام الأطرش 21 عامًا داخل سجن عوفر بعد نحو 11 شهرًا من الاعتقال دون تهمة أو محاكمة يستوجب تحقيقًا عاجلًا في ظروف وفاته. ▪️ معتز الأطر
31795,nabatiehchannel,2026-09-05,error,fast_path: no materializable village match,skip,no_place_extracted,,,🏴وزارة الصحة العامة: 4 شهداء و32 جريحا في حصيلة نهائية لغارات العدو أمس في الجنوب والبقاع الغربي
31799,sameralhajali,2026-09-04,error,fast_path: unmatched or missing condition,rematch,,استهداف,استهداف,الطيران المسير المعادي استهدف محيط نقابة المهندسين عند اطراف مدينة النبطية
31803,mehwaralmokawma,2026-09-07,error,fast_path: no materializable village match,skip,no_conflict_evidence,,,النبطيه الفوقا: دخان نتيجة تساقط قذائف مدفعيه ثقيله وتقدم للاليات على المحور الجنوبي الشرقي T.me/mehwaralmokawma «ذو 𓂆 الفِقَـار»
31804,Janoubana,2026-09-04,error,fast_path: no materializable village match,rematch,,Bombs,Bombs,غارة على ساحة الرمادية
31812,sameralhajali,2026-09-06,error,fast_path: no materializable village match,skip,no_place_extracted,,,قوة معادية تسللت ليلاً الى منطقة الوادي في بلدة شبعا وسط قصف مدفعي وتمشيط بالاسلحة الرشاشة واطلاق قنابل مضيئة
31815,Janoubana,2026-09-06,error,fast_path: unmatched or missing condition,rematch,,تحليق للطيران المسير فوق مختلف المناطق اللبنانية,تحليق للطيران المسير فوق مختلف المناطق اللبنانية,تحليق للطيران المسير: • Hermes 450 فوق بيروت وضواحيها + Hermes 900 فوق خط الساحل •Heron TP فوق ام التوت يارين شيحين •Hermes 900 فوق لبايا كفرمشكي •MQ9 فوق برج قلويه قلويه •Hermes 450 فوق حولا •Hermes 
31829,nbntweets,2026-09-08,error,fast_path: unmatched or missing condition,rematch,,استهداف,استهداف,مدفعية العدو تستهدف أطراف بلدة برعشيت
31837,LBCI_NEWS,2026-09-05,error,fast_path: unmatched or missing condition,rematch,,غارتان إسرائيليتان متتاليتان,غارتان إسرائيليتان متتاليتان,الوكالة الوطنية للإعلام: غارتان إسرائيليتان متتاليتان على المنصوري
31838,manarbreaking,2026-09-06,error,fast_path: unmatched or missing condition,skip,no_place_extracted,,,🔴 عاجل | مراسل المنار: الطيران المسيّر الاسرائيلي المعادي استهدف أطراف النبطية الفوقا في جنوب لبنان
31840,alakhbar_news,2026-09-05,error,fast_path: unmatched or missing condition,rematch,,غارتين متتاليتين على بلدة المنصوري,غارتين متتاليتين على بلدة المنصوري,«الوكالة الوطنية»: طائرات العدو شنّت غارتين متتاليتين على بلدة المنصوري واستهدفت عدداً من المنازل في البلدة
31841,Lebanon24,2026-09-05,error,fast_path: unmatched or missing condition,rematch,,غارتان اسرائيليتان,غارتان اسرائيليتان,"""لبنان 24"": غارتان اسرائيليتان على بلدة النبطية الفوقا #lebanon24"
31842,nabatiehchannel,2026-09-07,error,fast_path: unmatched or missing condition,rematch,,,,🏴قصف مدفعي مستمر يستهدف بلدة النبطية الفوقا
31844,Lebanon24,2026-09-05,error,fast_path: no materializable village match,skip,no_place_extracted,,,"""لبنان 24"": قصف مدفعي اسرائيلي يستهدف ميفدون #lebanon24"
31847,mehwaralmokawma,2026-09-06,error,fast_path: no materializable village match,skip,no_place_extracted,,,"إصابة مراسل قناة المنار علي شبيب و المصور في غارة النبطية. T.me/mehwaralmokawma ‏ «جـھ,آد𓂆»"
31852,alichoeib1970,2026-09-04,error,fast_path: unmatched or missing condition,skip,no_place_extracted,,,صفحة الإعلامي الشهيد علي شعيب: الطيران المسير المعادي استهدف محيط نقابة المهندسين عند اطراف مدينة النبطية
31862,nbntweets,2026-09-06,error,fast_path: unmatched or missing condition,skip,extraction_marked_irrelevant,,,Article وزير المالية ندد باستمرار إسرائيل في اعتداءاتها على الجنوب والنبطية ندد وزير المالية ياسين جابر باستمرار إسرائيل في اعتداءاتها على الجنوب والنبطية، والتي يسقط جراءها يومياً ضحايا ابرياء، وتتسب
31865,Janoubana,2026-09-05,error,fast_path: unmatched or missing condition,skip,extraction_marked_irrelevant,,,تحليق للطيران المسير المعادي فوق أجواء الضاحية الجنوبية لبيروت
31866,bintjbeilnews,2026-09-06,error,fast_path: no materializable village match,skip,no_place_extracted,,,🚨غارة من الطيران الحربي الإسرائيلي استهدفت وادي زبقين لجهة شيحين ────────────── 🚨An Israeli airstrike targeted Wadi Zibqin toward Shihin. ────────────── 📲 قناة بنت جبيل على واتساب https://whatsapp.com
31868,Lebanon24,2026-09-05,error,fast_path: no materializable village match,skip,no_place_extracted,,,"""لبنان24"": غارات إسرائيليّة تستهدف حي وادي قنطرة في جنوب لبنان #lebanon24 #لبنان"
31871,ALJADEEDNEWS,2026-09-04,error,fast_path: no materializable village match,skip,no_place_extracted,,,🔵 مراسل الجديد: حصيلة أولية للغارات الإسرائيلية الليلة: 📌 شهيدان وجريح في حي الرويس - النبطية 📌 جريح إثر الغارة على عين التينة في البقاع الغربي 📌 8 جرحى إثر غارة الرمادية - صور
31876,ALJADEEDNEWS,2026-09-05,error,fast_path: unmatched or missing condition,skip,extraction_marked_irrelevant,,,تحليق للطيران المسير الإسرائيلي على علو منخفض فوق مدينة بيروت وضواحيها
31885,mehwaralmokawma,2026-09-05,error,fast_path: unmatched or missing condition,skip,extraction_marked_irrelevant,,,"تحليق مسير معادي فوق الضاحية الجنوبية لبيروت . T.me/mehwaralmokawma ‏ «جـھ,آد𓂆»"
31886,Janoubana,2026-09-05,error,fast_path: unmatched or missing condition,rematch,,اشتعال النيران في منزل بسبب القصف,اشتعال النيران في منزل بسبب القصف,اشتعال النيران في احد المنازل على اطراف زوطر الشرقية لجهة ميفدون بسبب القصف المتكرر
31889,Janoubana,2026-09-05,error,fast_path: unmatched or missing condition,skip,no_conflict_evidence,,,مدفعي الصوان ميفدون و اشتعال النيران
31890,almayadeen,2026-09-06,error,fast_path: unmatched or missing condition,rematch,,استهداف مبنى,استهداف مبنى,لبنان: مراسل الميادين في الجنوب: الطيران الحربي الإسرائيلي استهدف المبنى المهدد في بلدة عربصاليم في قضاء النبطية
31899,almayadeen,2026-09-06,error,fast_path: no materializable village match,skip,no_place_extracted,,,لبنان: مراسل الميادين: عدد من الإصابات في غارات إسرائيلية على حي الراهبات في مدينة النبطية
31900,nabatiehchannel,2026-09-06,error,fast_path: no materializable village match,skip,no_place_extracted,,,🏴تجدد القصف المدفعية الاسرائيلي المكثف باتجاه اطراف منطقة النبطية
31902,MTVLebanonNews,2026-09-17,error,fast_path: unmatched or missing condition,skip,no_place_extracted,,,تحليق للطّيران المسيّر الإسرائيليّ في أجواء مدينة بعلبك
31904,Janoubana,2026-09-06,error,fast_path: unmatched or missing condition,rematch,,غارة,غارة,غارتين النبطية الفوقا
31905,lebanondebate,2026-09-05,error,fast_path: unmatched or missing condition,skip,extraction_marked_irrelevant,,,"""الوكالة الوطنية"": تحليق مسيّرة إسرائيلية على علو منخفض فوق الضاحية الجنوبية لبيروت"
31907,nabatiehchannel,2026-09-04,error,fast_path: unmatched or missing condition,skip,extraction_marked_irrelevant,,,🟣 تحليق حربي في أجواء النبطية لمتابعة اخبار النبطية والجنوب بالصور والفيديو عبر قناة الواتس اب الرسمية عبر الرابط https://whatsapp.com/channel/0029VbBHw5gAjPXUcG5LJV0B
31909,mehwaralmokawma,2026-09-05,error,fast_path: unmatched or missing condition,rematch,,,,قصف مدفعي صهيوني يستهدف بلدة بني حيان T.me/mehwaralmokawma ‏ «شُمران𓂆»
31912,lebanondebate,2026-09-05,error,fast_path: unmatched or missing condition,rematch,,غارتان إسرائيليتان متتاليتان,غارتان إسرائيليتان متتاليتان,"""الوكالة الوطنية"": غارتان إسرائيليتان متتاليتان استهدفتا عددًا من المنازل في بلدة المنصوري جنوب صور"
31918,Janoubana,2026-09-05,error,fast_path: unmatched or missing condition,rematch,,حريق كبير نتيجة القصف المتكرر,حريق كبير نتيجة القصف المتكرر,حريق كبير نتيجة القصف المتكرر لاطراف زوطر الشرقية
31921,mehwaralmokawma,2026-09-07,error,fast_path: unmatched or missing condition,rematch,,استهداف طائرات العدو الإسرائيلي مبنى سكنيًا مأهولًا,استهداف طائرات العدو الإسرائيلي مبنى سكنيًا مأهولًا,🔴شهيد و10 إصابات، بينهم طفلان، جراء استهداف طائرات العدو الإسرائيلي مبنى سكنيًا مأهولًا في بلدة كفررمان، فيما تتواصل أعمال رفع الأنقاض والبحث عن مفقودين
31924,Lebanon24,2026-09-06,error,fast_path: no materializable village match,skip,extraction_marked_irrelevant,,,تطورٌ خطير في علي الطاهر.. هذا آخر تقرير إسرائيليّ بعد غارات الجنوب #lebanon24 #لبنان lebanon24.com/news/articles/… via @Lebanon24 Link تطورٌ خطير في علي الطاهر.. هذا آخر تقرير إسرائيليّ بعد غارات الج
31927,Lebanon24,2026-09-05,error,fast_path: unmatched or missing condition,rematch,,دبابة ميركافا إسرائيلية تقوم بقصف,دبابة ميركافا إسرائيلية تقوم بقصف,"""لبنان 24"": دبابة ميركافا إسرائيلية تقوم بقصف أطراف بلدة ميفدون ما تسبب باندلاع حريق #lebanon24"
31929,fouadkhreiss,2026-09-04,error,fast_path: unmatched or missing condition,rematch,,غارتان,غارتان,غارتان على ميفدون وانباء عن اصابات Video
31931,fouadkhreiss,2026-09-04,error,fast_path: unmatched or missing condition,rematch,,,,إسر ائيل قتـلت مريم جمال سلامة في ميفدون مصدر مسؤول (@fouadkhreiss) غارتان على ميفدون وانباء عن اصابات Video — http://nitter.jaydenha.uk/fouadkhreiss/status/2095961282318918118#m
31933,fouadkhreiss,2026-09-04,error,fast_path: no materializable village match,rematch,,Bombs,Bombs,غاره استهدفت ساحه الرماديه قرب الحسينية وانباء عن اصابات Video Video Video
31938,fouadkhreiss,2026-09-04,error,fast_path: no materializable village match,skip,no_place_extracted,,,حصيلة أولية للغارات الإسرائيلية هذه الليلة: - شـ هيدان وجريح في حي الرويس - النبطية - جريح إثر الغارة على عين التينة في البقاع الغربي - شـ هيد و8 جرحى إثر غارة الرمادية - صور - 4 جرحى إثر غارة ميفدون
31951,bintjbeilnews,2026-09-04,error,fast_path: no materializable village match,skip,no_place_extracted,,,🚨🚨🚨 استباحة في عمق الجنوب.. اسرائيل توسع عدوانها و تشن غارات على جنوب لبنان والبقاع الغربي في مناطق خارج ما يسمى بالخط الاصفر
31954,ALJADEED_NEWS,2026-09-04,error,fast_path: no materializable village match,skip,no_place_extracted,,,🔵 مراسل الجديد: حصيلة أولية للغارات الإسرائيلية الليلة:📌 شهيدان وجريح في حي الرويس - النبطية 📌 جريح إثر الغارة على عين التينة في البقاع الغربي 📌 8 جرحى إثر غارة الرمادية - صور https://x.com/ALJADEEDNE
31956,fouadkhreiss,2026-09-04,error,fast_path: no materializable village match,skip,no_place_extracted,,,ميفدون تنعى الشهي..دة الشابة مريم جمال سلامة مصدر مسؤول (@fouadkhreiss) حصيلة أولية للغارات الإسرائيلية هذه الليلة: - شـ هيدان وجريح في حي الرويس - النبطية - جريح إثر الغارة على عين التينة في البقاع ا
31960,mehwaralmokawma,2026-09-04,error,fast_path: no materializable village match,skip,extraction_marked_irrelevant,,,📊 احصاءات نهاية اليوم · الجمعة ٤ أيلول ٢٠٢٦ إجمالي التنبيهات: ٩٠ 🛸 رصد المسيّرات: ٥٠ 📍 أكثر القرى رصداً (مسيّرات): علي الطاهر — رُصدت ١٧ كفر رمان — رُصدت ١٧ · استُهدفت ١ النبطيه الفوقا — رُصدت ١٦ نبطي
31961,Janoubana,2026-09-04,error,fast_path: no materializable village match,skip,no_place_extracted,,,غارة الكفور
31969,almayadeen,2026-09-06,error,fast_path: unmatched or missing condition,rematch,,,,لبنان: مراسل الميادين في الجنوب: قصف مدفعي استهدف زوطر الشرقية وتفجير في المنصوري
31970,alakhbar_news,2026-09-06,error,fast_path: unmatched or missing condition,rematch,,تفجيراً عنيفاً ومدفعية,تفجيراً عنيفاً ومدفعية,«الوكالة الوطنية»: العدو ينفّذ تفجيراً عنيفاً في بلدة المنصوري ومدفعيته تستهدف منطقة المرج بين بلدتي الحنية والمنصوري
31971,ALJADEED_NEWS,2026-09-13,error,fast_path: no materializable village match,skip,no_place_extracted,,,"مراسل الجديد: قصف مدفعي متقطّع يستهدف تلة علي الطاهر https://x.com/ALJADEEDNEWS/status/2099075098460164343 September 13, 2026 at 11:57AM"
31973,AlakhbarNews,2026-09-06,error,fast_path: unmatched or missing condition,rematch,,تفجيراً عنيفاً ومدفعية,تفجيراً عنيفاً ومدفعية,«الوكالة الوطنية»: العدو ينفّذ تفجيراً عنيفاً في بلدة المنصوري ومدفعيته تستهدف منطقة المرج بين بلدتي الحنية والمنصوري
31981,alakhbar_news,2026-09-06,error,fast_path: exact hash already materialized; no new incident,skip,exact_hash_duplicate,,,«الوكالة الوطنية»: قصف إسرائيلي استهدف وادي زبقين
31983,LBCI_NEWS,2026-09-06,error,fast_path: no materializable village match,skip,no_place_extracted,,,الوكالة الوطنية للإعلام: غارة اسرائيلية استهدفت سيارة قرب موقف فخر الدين في النبطية ومعلومات عن وقوع اصابات
31990,manarbreaking,2026-09-04,error,fast_path: unmatched or missing condition,rematch,,استهداف منطقة,استهداف منطقة,🔴 عاجل | مراسل المنار: الطيران المسيّر الاسرائيلي المعادي استهدف المنطقة الواقعة بين مدينة النبطية وبلدة كفررمان في جنوب لبنان
31991,nbntweets,2026-09-06,error,fast_path: unmatched or missing condition,rematch,,تفجيراً عنيفاً ومدفعية,تفجيراً عنيفاً ومدفعية,"""الوكالة الوطنية"": العدو ينفّذ تفجيراً عنيفاً في بلدة المنصوري ومدفعيته تستهدف منطقة المرج بين بلدتي الحنية والمنصوري"
31996,sameralhajali,2026-09-04,error,fast_path: unmatched or missing condition,rematch,,استهداف,استهداف,الطيران الحربي المعادي استهدف اطراف مدينة النبطية
31997,bintjbeilnews,2026-09-05,error,fast_path: unmatched or missing condition,skip,extraction_marked_irrelevant,,,تحليق مسير في أجواء جبل لبنان والجوار
32005,bintjbeilnews,2026-09-04,error,fast_path: no materializable village match,rematch,,Bombs,Bombs,صورة للغارة التي طالت حي الرويس في النبطية
32010,alakhbar_news,2026-09-05,error,fast_path: no materializable village match,skip,extraction_marked_irrelevant,,,▪️ لا يبدو المشهد محسوماً بالمعنى الميداني، فإعلان العدو «السيطرة العملياتية» على تلة علي الطاهر «فوق الأرض وتحتها»، ترافق مع غارات على الموقع ومحيطه، فيما تفيد معلومات بأن القوات الإسرائيلية لم تدخل 
32013,manarbreaking,2026-09-04,error,fast_path: no materializable village match,skip,no_place_extracted,,,🔴 عاجل | مراسل المنار: غارة للطيران الحربي المعادي تستهدف اطراف مدينة النبطية جنوبي لبنان
32014,alichoeib1970,2026-09-04,error,fast_path: no materializable village match,skip,no_place_extracted,,,صفحة الإعلامي الشهيد علي شعيب اغار الطيران الحربي المعادي مستهدفا اطراف مدينة النبطية
32020,ALJADEEDNEWS,2026-09-13,error,fast_path: no materializable village match,skip,no_place_extracted,,,مراسل الجديد: قصف مدفعي متقطّع يستهدف تلة علي الطاهر
32026,almanarnews,2026-09-05,error,fast_path: unmatched or missing condition,skip,extraction_marked_irrelevant,,,بالفيديو | توغّل صهيوني من أطراف ميس الجبل باتجاه قلعة دوبيه https://almanar.com.lb/article/1154517/?s=tg
32034,Janoubana,2026-09-05,error,fast_path: no materializable village match,rematch,,قصف مدفعي ثقيل,قصف مدفعي ثقيل,قصف مدفعي ثقيل يستهدف محيط تلة علي الطاهر لجهة الدبشة
32040,almayadeen,2026-09-06,error,fast_path: unmatched or missing condition,rematch,,اعتداء إسرائيلي,اعتداء إسرائيلي,لبنان: مراسل الميادين في الجنوب: استشهاد مسعف وإصابة 2 آخرين في اعتداء إسرائيلي على سيارتهم في بلدة كفررمان بالنبطية
32049,mehwaralmokawma,2026-09-04,error,fast_path: no materializable village match,rematch,,Bombs,Bombs,"معلومات ان غارة الرمادية استهدفت بيت في ساحة البلدة. T.me/mehwaralmokawma ‏ «جـھ,آد𓂆»"
32054,alimortada963,2026-09-04,error,fast_path: unmatched or missing condition,rematch,,استهداف مبنى مقابل مستشفى غندور بصاروخين ارض ارض,استهداف مبنى مقابل مستشفى غندور بصاروخين ارض ارض,استهداف مبنى مقابل مستشفى غندور في النبطية الفوقا بصاروخين ارض ارض مصدرهم الاراضي المحتلة.
32062,Lebanon24,2026-09-06,error,fast_path: unmatched or missing condition,rematch,,غارتان,غارتان,غارتان على النبطية الفوقا #lebanon24
32063,almayadeen,2026-09-06,error,fast_path: no materializable village match,skip,no_place_extracted,,,لبنان: مراسل الميادين في الجنوب: غارات إسرائيلية متواصلة على منطقة النبطية
32073,sameralhajali,2026-09-04,error,fast_path: unmatched or missing condition,rematch,,استهداف,استهداف,الطيران الحربي المعادي استهدف النبطية الفوقا في جنوب لبنان
32078,bintjbeilnews,2026-09-04,error,fast_path: no materializable village match,rematch,,Bombs,Bombs,🚨🚨غارة استهدفت ساحة الرمادية
32081,nabatiehchannel,2026-09-04,error,fast_path: unmatched or missing condition,skip,extraction_marked_irrelevant,,,🏴إحتراق سيارة على أوتوستراد الغازية ولا يوجد حدث امني.
32091,almayadeen,2026-09-04,error,fast_path: no materializable village match,skip,no_place_extracted,,,لبنان: الصحة اللبنانية: 3 شهداء و23 جريحاً حصيلة أولية لغارات الاحتلال الإسرائيلي هذا المساء في الجنوب اللبناني والبقاع الغربي
32093,sameralhajali,2026-09-09,error,fast_path: no materializable village match,skip,no_place_extracted,,,قصف مدفعي يستهدف بلدة حداثا
32094,manarbreaking,2026-09-04,error,fast_path: unmatched or missing condition,rematch,,استهداف دراجة نارية,استهداف دراجة نارية,🔴 عاجل | وزارة الصحة اللبنانية: شهيدان جراء استهداف العدو الإسرائيلي دراجة نارية في بلدة كفررمان جنوب لبنان
32097,MTVLebanonNews,2026-09-17,error,fast_path: unmatched or missing condition,skip,no_place_extracted,,,تحليق للطّيران المسيّر الإسرائيليّ على مستوى منخفض فوق بيروت وضاحيتها الجنوبيّة
32098,Janoubana,2026-09-04,error,fast_path: no materializable village match,skip,no_place_extracted,,,انتشال ٤ جرحى حتى الان من موقع غارة ميفدون
32099,almayadeen,2026-09-07,error,fast_path: unmatched or missing condition,rematch,,عدوان الاحتلال,عدوان الاحتلال,لبنان: مراسل الميادين في الجنوب: 9 شهداء في عدوان الاحتلال على كفررمان في قضاء النبطية
32100,manarbreaking,2026-09-04,error,fast_path: unmatched or missing condition,rematch,,,,🔴 عاجل | مراسل المنار: الطيران الحربي المعادي استهدف النبطية الفوقا في جنوب لبنان
32101,sameralhajali,2026-09-04,error,fast_path: no materializable village match,rematch,,Bombs,Bombs,غارة دوحة كفررمان لجهة الدبشة
32102,alimortada963,2026-09-04,error,fast_path: no materializable village match,skip,no_place_extracted,,,غارات حربية محيط الدبشة - علي الطاهر
32109,ALJADEED_NEWS,2026-09-07,error,fast_path: unmatched or missing condition,skip,extraction_marked_irrelevant,,,"الوكالة الوطنية: تحليق للطيران المسيّر على علو منخفض في أجواء مدينة صور وبلدات القضاء https://x.com/ALJADEEDNEWS/status/2096881096092787013 September 7, 2026 at 10:39AM"
32111,mehwaralmokawma,2026-09-04,error,fast_path: no materializable village match,rematch,,Bombs,Bombs,"غارة استهدفت ساحة بلدة الرمادية. T.me/mehwaralmokawma ‏ «جـھ,آد𓂆»"
32113,lebanondebate,2026-09-07,error,fast_path: unmatched or missing condition,skip,extraction_marked_irrelevant,,,"""الوكالة الوطنية"": تحليق مسيّرة إسرائيلية على علو منخفض في أجواء صور وعدد من بلدات القضاء"
32117,hashemsayed,2026-09-04,error,fast_path: unmatched or missing condition,rematch,,,,الطيران الحربي المعادي استهدف بلدة ميفدون في قضاء النبطية. https://t.me/hashemsayed
32122,NidaaWatan,2026-09-09,error,fast_path: unmatched or missing condition,skip,no_place_extracted,,,🔴 تحليق للطيران المسيّر الإسرائيلي في أجواء مدينة بعلبك #نداء_الوطن
32123,manarbreaking,2026-09-04,error,fast_path: unmatched or missing condition,rematch,,,,🔴 عاجل | مراسل المنار:الطيران الحربي المعادي استهدف بلدة ميفدون في قضاء النبطية
32126,alichoeib1970,2026-09-04,error,fast_path: unmatched or missing condition,rematch,,,Sweeping Operations,صفحة الإعلامي الشهيد علي شعيب : اخر الإعتداءات • تمشيط بالأسلحة الرشاشة باتجاه بلدة زوطر الشرقية • تفجير لجيش العدو في محيط بلدة زوطر الشرقية
32129,nabatiehchannel,2026-09-04,error,fast_path: unmatched or missing condition,rematch,,استهداف لدراجة نارية,استهداف لدراجة نارية,🏴شهيدان في كفررمان صدر عن مركز عمليات طوارئ الصحة التابع لوزارة الصحة العامة بيان أعلن أن استهداف العدو الإسرائيلي لدراجة نارية في بلدة كفررمان قضاء النبطية أدت إلى شهيدين.
32131,AlakhbarNews,2026-09-07,error,fast_path: no materializable village match,skip,no_place_extracted,,,«الوكالة الوطنية»: مسيّرة معادية شنّت غارة استهدفت سيارة في حي المسلخ في مدينة النبطية
32133,Lebanon24,2026-09-07,error,fast_path: no materializable village match,skip,no_place_extracted,,,استشهاد موظفة في وزارة العمل جراء غارة كفررمان.. حيدر نعاها بكلمات مؤثرة #lebanon24 #لبنان lebanon24.com/news/articles/… via @Lebanon24 Link استشهاد موظفة في وزارة العمل جراء غارة كفررمان.. حيدر نعاها
32140,almodononline,2026-09-15,error,fast_path: no materializable village match,skip,no_place_extracted,,,#عاجل | غارة إسرائيلية تستهدف وادي زبقين جنوبي لبنان
32143,NidaaWatan,2026-09-09,error,fast_path: unmatched or missing condition,skip,extraction_marked_irrelevant,,,🔴 تحليق مسيّرة إسرائيلية على مستوى منخفض في أجواء مدينة بعلبك وقرى الجوار #نداء_الوطن
32176,Janoubana,2026-09-04,error,fast_path: no materializable village match,skip,no_conflict_evidence,,,مقتل سائق تاكسي من صيدا بعد استدراجه إلى منطقة الدامور بحجة نقل أشخاص، حيث تعرّض عند وصوله لعملية سلب وإطلاق نار، ما أدى إلى مقتله.
32177,Janoubana,2026-09-13,error,fast_path: no materializable village match,skip,no_place_extracted,,,غارات من جديد النبطية الفوقا
32181,nbntweets,2026-09-13,error,fast_path: no materializable village match,skip,no_place_extracted,,,الوكالة الوطنية للإعلام: غارة على حرج علي الطاهر
32183,Janoubana,2026-09-13,error,fast_path: unmatched or missing condition,rematch,,تحليق للطيران المسير,تحليق للطيران المسير,تحليق للطيران المسير: •Hermes 450 فوق المحمودية الدمشقية جرمق •Hermes 450 فوق كفركلا المطلة •Hermes 450 فوق جرجوع مزرعة قلعة ميس •Hermes 900 فوق عرمتى ريحان مليخ •Heron TP فوق الجبور ضهر الحردون كفرحو
32190,almodononline,2026-09-13,error,fast_path: no materializable village match,skip,no_place_extracted,,,#عاجل | قصف مدفعي يستهدف تلة علي الطاهر
32200,nabatiehchannel,2026-09-09,error,fast_path: unmatched or missing condition,skip,extraction_marked_irrelevant,,,🏴 حريق في سن الفيل
32201,Janoubana,2026-09-09,error,fast_path: no materializable village match,skip,no_place_extracted,,,قصف مدفعي معادي يستهدف وادي زبقين
32202,Lebanon24,2026-09-09,error,fast_path: no materializable village match,skip,no_place_extracted,,,"""لبنان 24"": تحرّك للدبابات الإسرائيلية شرقي الخيام وإطلاق نار كثيف في المنطقة #lebanon24"
32205,bintjbeilnews,2026-09-15,error,fast_path: unmatched or missing condition,skip,extraction_marked_irrelevant,,,🚨 مسيّرة إسرائيلية تحلّق في محيط كنيسة سيدة البشارة في زوطر الغربية بالتزامن مع زيارة السفير الأميركي
32207,sameralhajali,2026-09-09,error,Server disconnected without sending a response.,reextract,,,,غارة على منطقة العرايش بين حداثا وحاريص
32213,bintjbeilnews,2026-09-09,error,fast_path: unmatched or missing condition,skip,extraction_marked_irrelevant,,,حريق كبير في سن الفيل بالقرب من المباني والنيران تمتد A large fire in Sin el-Fil near buildings and the flames are spreading
32229,breakingnews_mt,2026-09-15,error,fast_path: no materializable village match,skip,no_conflict_evidence,,,🔴 عاجل | إطلاق نار كثيف من آليات الاح.تلال الاسرا.ئيلي يستهدف المناطق الشمالية الشرقية لمدينة غز.ة
32239,nabatiehchannel,2026-09-13,error,fast_path: unmatched or missing condition,rematch,,غارتان,غارتان,غارتان محيط النبطية الفوقا حي الدير
32256,Janoubana,2026-09-04,error,fast_path: no materializable village match,skip,extraction_marked_irrelevant,,,الدكتور حسام مطر دعاية أبواق الاحتلال: رفضتم تسليم علي الطاهر للجيش اللبناني فاحتله الاسرائيلي. الجواب ١: سلمنا كل منشآت جنوب الليطاني بما فيها من سلاح للجيش اللبناني فانسحب بأمر من السلطة عند بدء الغ
32270,mehwaralmokawma,2026-09-08,error,fast_path: unmatched or missing condition,rematch,,استهداف,استهداف,المدفعية الصهيونية المعادية تستهدف ميس الجبل بجبل عامل T.me/mehwaralmokawma «☫نـصـراللّه☫»
32298,lebanondebate,2026-09-16,error,fast_path: no materializable village match,skip,no_place_extracted,,,"مراسل ""ليبانون ديبايت"": توغل للجيش الإسرائيلي عند أطراف حلتا بالتزامن مع تمشيط مكثف وأعمال جرف"
32300,nabatiehchannel,2026-09-13,error,fast_path: unmatched or missing condition,rematch,,,,"🏴والدة الشهيد المسعف علي جابر - شهيد النبطية: ""فخامة الرئيس جوزيف عون ماقدرنا نشوفك في غاليتنا النبطية في الصباح الباكر لأن لم نعرف بتوقيت زيارتك ،هل خفت من رعيتك ؟ أم لم ترغب بالمواجهة ؟ نحن أبناء هذ"
32304,mehwaralmokawma,2026-09-08,error,fast_path: unmatched or missing condition,rematch,,استهداف بالمدفعية,استهداف بالمدفعية,المدفعية الصهيونية المعادية تستهدف المنصوري بجبل عامل T.me/mehwaralmokawma «☫نـصـراللّه☫»
32311,Annahar,2026-09-07,error,fast_path: unmatched or missing condition,rematch,,غارتان إسرائيليتان,غارتان إسرائيليتان,غارتان إسرائيليتان على النبطية الفوقا جنوبي لبنان
32320,MTVLebanonNews,2026-09-16,error,fast_path: no materializable village match,rematch,,تفجيرات وقصف في حلتا,تفجيرات وقصف في حلتا,تفجيرات وقصف في حلتا mtv.com.lb/news/1737393 Link تفجيرات وقصف في حلتا في آخر التطورات الميدانية، أقدم الجيش الإسرائيلي منذ قليل على تفجير منزلين في منطقة الظهر في حلتا – كفرشوبا.كما تعرضت القرية لقصف
32332,alichoeib1970,2026-09-14,error,fast_path: unmatched or missing condition,rematch,,تحرك اليات العدو,تحرك اليات العدو,صفحة الإعلامي الشهيد علي شعيب تحرك اليات العدو من بلدة بيوت السياد باتجاه بلدة البياضة
32335,Janoubana,2026-09-04,error,extraction: exceeded max retries (#) — last error: ConnectError: [Errno #] Connection refused,reextract,,,,قصف مدفعي على بني حيان
32337,Janoubana,2026-09-08,error,fast_path: unmatched or missing condition,skip,extraction_marked_irrelevant,,,جريدة الأخبار: الرئيس عون قال للأميركيين، بحسب ما نُقل، ما معناه: لماذا تمارسون الضغط علينا؟ دعوا «إسرائيل» تنجز المهمة، وبعدها «لكل حادث حديث» كتب إبراهيم الأمين في جريدة الأخبار: ماذا يحتاج بنيامين 
32338,mehwaralmokawma,2026-09-08,error,fast_path: no materializable village match,skip,extraction_marked_irrelevant,,,الـشـيـخ مـجـتـبـى قـصـيـر فـي مـنـشـور عـلـى وسـائـل الـتـواصـل الإجـتـمـاعـي خلال الحرب، بقيت بلدة المنصوري 105 أيّامٍ تتعرّض للقصف والغارات بشكلٍ يوميٍّ. كان هدف قوّات الاحتلال أن تدخل إليها، لكنّ 
32346,breakingnews_mt,2026-09-14,error,fast_path: no materializable village match,skip,no_place_extracted,,,🔴 عاجل | قصف مدفعي اسرا.ئيلي مستمر يستهدف وادي السلوقي في جنوب لبنان
32355,nabatiehchannel,2026-09-04,error,Server disconnected without sending a response.,reextract,,,,🏴ملخص الإعتداءات من منتصف الليل حتى الساعة القصف المدفعي: • القنطرة لجهة وادي الحجير • المنصوري • النبطية الفوقا دوحة كفررمان بين ميفدون و زوطر الشرقية التمشيط : • المنصوري • حداثا التفجير: • المنصوري
32357,Janoubana,2026-09-08,error,fast_path: unmatched or missing condition,skip,no_place_extracted,,,وعندما حاول الأميركيون إقناع حزب الله بتسليم هذه المواقع إلى الجيش اللبناني، لم يكن الحزب في وارد الموافقة أصلاً. لكنّ الأهم أن الرئيس جوزيف عون نفسه، الذي سبق أن قال للأميركيين إن الجيش لن يدخل في مو
32363,Janoubana,2026-09-08,error,fast_path: unmatched or missing condition,rematch,,تحليق,تحليق,تحليق درون صهيونية فوق أجواء بلدة شوكين
32371,AlakhbarNews,2026-09-09,error,fast_path: unmatched or missing condition,skip,extraction_marked_irrelevant,,,📰 انتقد علماء في دار الفتوى عدم إرسال مفتي الجمهورية، الشيخ عبد اللطيف دريان، ممثّلين عنه للمشاركة في الصلاة على جثمانَي والد مفتي زحلة والبقاع، الشيخ علي الغزاوي، ووالدة مفتي عكار، الشيخ زيد بكار زكر
32377,almanarnews,2026-09-04,error,fast_path: unmatched or missing condition,rematch,,استهداف,استهداف,بالفيديو | مدفعية الاحتلال تستهدف أحياء زوطر الشرقية من جهة ميفدون https://almanar.com.lb/article/1151197/?s=tg
32382,sameralhajali,2026-09-04,error,Server disconnected without sending a response.,reextract,,,,قصف مدفعي يستهدف بلدة بني حيان
32386,nabatiehchannel,2026-09-14,error,fast_path: no materializable village match,skip,no_place_extracted,,,🔵 *ملخص الإعتداءات الإسرائيلية على الأراضي اللبنانية ١٤/٩/٢٠٢٦:* 🟠 *الغارات التي نفذها الطيران الحربي المعادي:* المنصوري وادي السلوقي كفرتبنيت بين زوطر الشرقية و النبطية الفوقا حانين وادي زبقين القنطر
32391,bintjbeilnews,2026-09-15,error,fast_path: no materializable village match,skip,extraction_marked_irrelevant,,,المسعف هادي حسين فرحات.. الناجي من غارة إسرائيلية استهدفته مع زملائه في كشافة الرسالة داخل سيارة في كفررمان قبل نحو أسبوع
32394,alichoeib1970,2026-09-04,error,extraction: exceeded max retries (#) — last error: ConnectError: [Errno #] Connection refused,reextract,,,,صفحة الإعلامي الشهيد علي شعيب : اخر الاعتداءات: • قصف مدفعي استهدف بلدة المنصوري • قصف مدفعي استهدف مدينة الخيام • تحرك آليات للعدو في بلدة زوطر الشرقية • تمشيط بالأسلحة الرشاشة باتجاه مدينة الخيام
32401,alichoeib1970,2026-09-04,error,Server disconnected without sending a response.,reextract,,,,صفحة الإعلامي الشهيدعلي شعيب : نفذ العدو عملية تفجير في بلدة المنصوري
32403,breakingnews_mt,2026-09-08,error,extraction: exceeded max retries (#) — last error: ConnectError: [Errno #] Connection refused,reextract,,,,🔴 عاجل | مراسلنا: مدفعية العد.و الاسرا.ئيلي تستهدف دوحة كفررمان في جنوب لبنان
32414,mehwaralmokawma,2026-09-13,error,fast_path: unmatched or missing condition,rematch,,تحليق للطيران المسيّر المعادي,تحليق للطيران المسيّر المعادي,تحليق للطيران المسيّر المعادي في أجواء مدينة النبطية والجوار T.me/mehwaralmokawma «ذو 𓂆 الفِقَـار»
32419,MTVLebanonNews,2026-09-09,error,fast_path: unmatched or missing condition,rematch,,استهداف وادي زبقين ووادي السلوقي,استهداف وادي زبقين ووادي السلوقي,الطيران الحربيّ الإسرائيليّ استهدف وادي زبقين في قضاء صور ووادي السلوقي لجهة بلدة شقرا في قضاء بنت جبيل
32420,bintjbeilnews,2026-09-09,error,fast_path: no materializable village match,rematch,,Bombs,Bombs,🚨غارة من الطيران الحربي على وادي السلوقي لجهة بلدة شقرا
32422,ALJADEED_NEWS,2026-09-12,error,fast_path: unmatched or missing condition,skip,extraction_marked_irrelevant,,,"قتيلان في الإشكال الذي تخلّله إطلاق نار بمنطقة برج أبي حيدر في بيروت.#أخبار_الجديد #بيروت https://t.co/cRUAT7dD0j https://x.com/ALJADEEDNEWS/status/2098795887719755975 September 12, 2026 at 05:28PM"
32423,ALJADEEDNEWS,2026-09-12,error,fast_path: unmatched or missing condition,skip,extraction_marked_irrelevant,,,قتيلان في الإشكال الذي تخلّله إطلاق نار بمنطقة برج أبي حيدر في بيروت. #أخبار_الجديد #بيروت Video
32428,almodononline,2026-09-15,error,fast_path: unmatched or missing condition,rematch,,غارتان إسرائيليتان,غارتان إسرائيليتان,#عاجل | غارتان إسرائيليتان استهدفتا بلدة القنطرة جنوبي لبنان
32433,lebanondebate,2026-09-08,error,fast_path: unmatched or missing condition,skip,extraction_marked_irrelevant,,,حريق بالقرب من مبنى وزارة الصحة ومركز الأمن العام على طريق المتحف - بيروت
32434,fouadkhreiss,2026-09-08,error,fast_path: unmatched or missing condition,skip,extraction_marked_irrelevant,,,سمير جعجع يطمئن أهالي بعلبك الهرمل : يسعون الى إخافتكم من اجتياح سوري.. إذا دعا الواجب لن نتأخر لحظة واحدة للدفاع عن الأراضي اللبنانية كلها، كما دافعنا في السابق عن مناطق تواجدنا. 😀😀😀😀 Video
32436,NidaaWatan,2026-09-10,error,fast_path: unmatched or missing condition,rematch,,رشقات إسرائيلية كثيفة,رشقات إسرائيلية كثيفة,🔴 رشقات إسرائيلية كثيفة تستهدف كفرشوبا وأطرافها وتُشعل حريقًا #نداء_الوطن
32443,alakhbar_news,2026-08-19,error,fast_path: unmatched or missing condition,rematch,,انفجار تشريكة عبوات ناسفة وضعها العدو الإسرائيلي قرب الساتر الترابي,انفجار تشريكة عبوات ناسفة وضعها العدو الإسرائيلي قرب الساتر الترابي,«الوكالة الوطنية»: شهيدان وجريحان في انفجار تشريكة عبوات ناسفة وضعها العدو الإسرائيلي قرب الساتر الترابي بين بلدتي ميفدون وزوطر الشرقية
32444,mehwaralmokawma,2026-09-13,error,fast_path: unmatched or missing condition,rematch,,تعرض رئيس البلدية للإستجواب والتحقيق,تعرض رئيس البلدية للإستجواب والتحقيق,معلومات كرخانة الجديد: تعرّض رئيس بلدية كفرشوبا ورئيس إتحاد بلديات العرقوب الدكتور قاسم القادري، للإستجواب والتحقيق، من قبل دورية إسرائيلية أثناء وجوده في موقع خزان المياه الذي يضخ المياه إلى البلدة. 
32452,bintjbeilnews,2026-09-07,error,fast_path: unmatched or missing condition,rematch,,غارتان,غارتان,🚨غارتان على النبطية الفوقا Two raids on Nabatieh Al-Fawqa
32464,bintjbeilnews,2026-08-19,error,fast_path: unmatched or missing condition,rematch,,انفجار تشريقة عبوات ناسفة وضعها الإحتلال الاسرائيلي قرب الساتر الترابي,انفجار تشريقة عبوات ناسفة وضعها الإحتلال الاسرائيلي قرب الساتر الترابي,🚨الوكالة الوطنية: الشهـ.. علي سعيد وعلي ريحان ارتقيا جراء انفجار تشريكة عبوات ناسفة وضعها الإحتلال الاسرائيلي قرب الساتر الترابي بين بلدتي ميفدون وزوطر الشرقية ────────────── National News Agency: Mar
32466,alichoeib1970,2026-08-19,error,fast_path: unmatched or missing condition,rematch,,اعتداءات إسرائيلية,Sweeping Operations,صفحة الإعلامي الشهيد علي شعيب : تتواصل الاعتداءات الإسرائيلية على جنوب لبنان، حيث : • نفّذ جيش العدو تفجيراً في بلدة حولا، كما نفّذ عدة تفجيرات في محيط جبانة زوطر الشرقية. • تمشيط بالأسلحة الرشاشة بات
32471,sameralhajali,2026-09-04,error,fast_path: unmatched or missing condition,rematch,,غارتان,غارتان,غارتان استهدفتا بلدة النبطية الفوقا
32481,NNALeb,2026-08-19,error,fast_path: unmatched or missing condition,rematch,,انفجار تشريكة عبوات ناسفة,انفجار تشريكة عبوات ناسفة,(اضافة) شهيدا الساتر الترابي بين بلدتي ميفدون وزوطر الشرقية سقطا بانفجار تشريكة عبوات ناسفة وضعها العدو nna-leb.gov.lb/ar/news/short… Link (اضافة) شهيدا الساتر الترابي بين بلدتي ميفدون وزوطر الشرقية س
32488,mehwaralmokawma,2026-09-13,error,fast_path: unmatched or missing condition,rematch,,غارة على بلدة,غارة على بلدة,🌟مراسل الميادين في الجنوب: طائرات الاحتلال تشن غارتين على بلدة النبطية الفوقا في جبل عامل T.me/mehwaralmokawma «مـيّـثـمـ𓂆»
32493,AlMayadeenNews,2026-09-15,error,fast_path: unmatched or missing condition,skip,extraction_marked_irrelevant,,,هدوءٌ حذر في الجنوب... وخروقات إسرائيلية مستمرة. تفجيرات وقصف مدفعي وتحليق للمسيّرات الإسرائيلية، بالتزامن مع زيارة السفير الأميركي في بيروت إلى زوطر الغربية وقاقعية الجسر. مراسل #الميادين علي الأحمر 
32497,Lebanon24,2026-09-15,error,fast_path: unmatched or missing condition,skip,extraction_marked_irrelevant,,,اندلع حريق في الطوابق الأخيرة من منزلَي آل الأسعد وآل الكردلي، داخل مبنيين متجاورين قرب مدرسة النصر في مدينة الميناء. وبحسب المعلومات، اشتعلت النيران خلال أعمال لحام كهربائي في إحدى فتحات منزل آل الأس
32500,Annahar,2026-09-08,error,fast_path: unmatched or missing condition,skip,extraction_marked_irrelevant,,,اندلاع حريق بين مبنى وزارة الصحة ومركز الأمن العام على المتحف- بيروت
32505,alichoeib1970,2026-09-08,error,fast_path: unmatched or missing condition,rematch,,تفجيرات,تفجيرات,صفحة الإعلامي الشهيد علي شعيب : آخر الاعتداءات: • تجريف المنازل في مشاع المنصوري • تفجير نفذه جيش العدو عند أطراف بني حيان لجهة وادي السلوقي • تفجيرات جديدة نفذها جيش العدو في بلدة المنصوري
32506,lebanondebate,2026-09-15,error,fast_path: unmatched or missing condition,skip,extraction_marked_irrelevant,,,"""الوكالة الوطنية"": تحليق منخفض للطيران المسيّر الإسرائيلي فوق الزهراني والغازية وقناريت"
32507,Janoubana,2026-09-08,error,fast_path: no materializable village match,skip,extraction_marked_irrelevant,,,الدكتور حسام مطر : ٣ سنين قتال بوجه جيش الغزو الارهابي الاستيطاني، عشرات الاف الغارات والهجمات النارية، الاف الشهداء بوق الاحتلال الداعم للغزو: الحزب سلَم تلة علي الطاهر.
32509,MTVLebanonNews,2026-09-15,error,fast_path: unmatched or missing condition,rematch,,تحليق للطيران المسيّر,تحليق للطيران المسيّر,الوكالة الوطنيّة: تحليق للطيران المسيّر الإسرائيلي فوق الزهراني على مستوى منخفض فوق الغازية وقناريت
32510,Lebanon24,2026-09-14,error,fast_path: unmatched or missing condition,rematch,,غارتان اسرائيليتان,غارتان اسرائيليتان,"""لبنان24"": غارتان اسرائيليتان على المنصوري"
32514,ALJADEED_NEWS,2026-09-13,error,fast_path: no materializable village match,skip,no_place_extracted,,,"الوكالة الوطنية: غارة تستهدف ""علي الطاهر"" عند اطراف النبطية الفوقا https://x.com/ALJADEEDNEWS/status/2099033893181551003 September 13, 2026 at 09:14AM"
32525,alichoeib1970,2026-09-08,error,fast_path: unmatched or missing condition,rematch,,تفجيران,تفجيران,صفحة الإعلامي الشهيد علي شعيب مجددا تفجيران جديدان لجيش العدو في بلدة المنصوري
32526,bintjbeilnews,2026-09-15,error,fast_path: unmatched or missing condition,skip,extraction_marked_irrelevant,,,🚨 مسيّرة إسرائيلية تحلّق في محيط كنيسة سيدة البشارة في زوطر الغربية بالتزامن مع زيارة السفير الأميركي 🚨 An israeli drone is flying over the vicinity of Our Lady of the Annunciation Church in Zawtar Al
32532,Janoubana,2026-09-15,error,fast_path: unmatched or missing condition,skip,extraction_marked_irrelevant,,,مسيّرة إسرائيلية تحلّق في أجواء بيروت قبيل انعقاد جلسة مجلس النواب
32539,Janoubana,2026-09-09,error,fast_path: no materializable village match,skip,no_place_extracted,,,غارة صربين
32543,Janoubana,2026-09-13,error,fast_path: unmatched or missing condition,rematch,,,,غارتين المنصوري
32561,nabatiehchannel,2026-09-09,error,fast_path: unmatched or missing condition,rematch,,,,🚨المنصوري: سُجّلت حتى الآن غارتان جويتان، إضافة إلى نحو 45 إلى 50 عملية تفجير وقصف مدفعي متقطع، وهذه الأرقام تقتصر على حصيلة اليوم فقط!
32571,ALJADEEDNEWS,2026-09-16,error,fast_path: unmatched or missing condition,skip,no_place_extracted,,,حلتا تحت الحصار.. الجيش الإسرائيلي يقتاد شباناً للتحقيق والأهالي يناشدون وردت اتصالات استغاثة مباشرة من نساء بلدة حلتا، يناشدن الدولة اللبنانية والجيش اللبناني وقوات اليونيفيل والصليب الأحمر التدخل ال
32572,Janoubana,2026-09-08,error,fast_path: no materializable village match,skip,no_place_extracted,,,تحليق مكثّف و مركز لطائرة مسيّرة كهربائية بدون صوت في أجواء بلدة البازورية
32574,mehwaralmokawma,2026-09-09,error,fast_path: unmatched or missing condition,rematch,,استهداف المناطق السكنية والمؤسسات,استهداف المناطق السكنية والمؤسسات,الجيش اللبناني: في ظل التطورات الأخيرة، يهم قيادة الجيش أن توضح ما يلي: ​في موجة جديدة من الاعتداءات المدانة والواسعة على لبنان، صعّد الاحتلال الإسرائيلي على مدى الأيام الماضية استهداف المناطق السكنية
32575,sameralhajali,2026-09-09,error,fast_path: unmatched or missing condition,rematch,,استهداف دراجة نارية,استهداف دراجة نارية,الطيران المسير المعادي استهدف دراجة نارية على طريق عام مرج حاروف - زبدين
32576,lebanondebate,2026-09-09,error,fast_path: no materializable village match,rematch,,Bombs,Bombs,"مراسل ""ليبانون ديبايت"": الطيران الحربي الإسرائيلي أغار مستهدفًا وادي السلوقي لجهة بلدة شقرا"
32577,Lebanon24,2026-09-09,error,fast_path: no materializable village match,skip,no_place_extracted,,,"""لبنان 24"": قصف مدفعي إسرائيلي يستهدف وادي السلوقي #lebanon24"
32578,Janoubana,2026-09-14,error,fast_path: unmatched or missing condition,skip,no_place_extracted,,,مروحية إسرائيلية استهدفت محيط تلة #علي_الطاهر بصاروخ وتحلق الان فوق أرنون
32580,Annahar,2026-09-09,error,fast_path: unmatched or missing condition,skip,extraction_marked_irrelevant,,,مشاهد إضافية للحريق في سن الفيل بمحافظة جبل لبنان Video
32582,alichoeib1970,2026-09-09,error,fast_path: unmatched or missing condition,rematch,,,,صفحة الإعلامي الشهيد علي شعيب : ● آخر الاعتداءات : • قصف مدفعي معادٍ استهدف بلدة زوطر الشرقية • تفجير معادٍ لجيش العدو في بلدة الطيري • قصف مدفعي معادٍ استهدف وادي السلوقي • تحرك جرافة إسرائيلية معادي
32595,lebanondebate,2026-09-08,error,fast_path: unmatched or missing condition,skip,no_place_extracted,,,العلم الإسرائيلي فوق إحدى التلال... توغّل فجري عند أطراف كفرشوبا! lbdb.co/876682
32600,NNALeb,2026-09-14,error,fast_path: unmatched or missing condition,rematch,,استهداف منطقة,استهداف منطقة,مدفعية العدو استهدفت المنطقة بين كفرتبنيت والنبطية الفوقا nna-leb.gov.lb/ar/news/short… Link مدفعية العدو استهدفت المنطقة بين كفرتبنيت والنبطية الفوقا وطنية - النبطية - استهدف مدفعية العدو المنطقة الو
32606,lebanondebate,2026-09-09,error,fast_path: no materializable village match,skip,no_place_extracted,,,"مراسل ""ليبانون ديبايت"": الطيران الحربي الإسرائيلي أغار مستهدفًا وادي زبقين في قضاء صور"
32607,bintjbeilnews,2026-09-09,error,fast_path: unmatched or missing condition,skip,no_place_extracted,,,🚨🚨 الجيش اللبناني: غاية الاحـ.. تلال هي ضرب مصداقية الجيش في الداخل اللبناني وأمام المجتمع الدولي. صدر عن قيادة الجيش اللبناني البيان التالي في ظل التطورات الأخيرة: في موجة جديدة من الاعتـ.. داءات الم
32608,nabatiehchannel,2026-09-09,error,fast_path: unmatched or missing condition,skip,no_place_extracted,,,الجيش اللبناني: الاعتداءات الإسرائيلية المتواصلة تهدّد الاستقرار وتعيق جهود الجيش صدر عن الجيش اللبناني ما يلي: في ظل التطورات الأخيرة، يهم قيادة الجيش أن توضح ما يلي: في موجة جديدة من الاعتداءات المد
32609,almayadeen,2026-09-14,error,fast_path: unmatched or missing condition,rematch,,استهداف بلدة,استهداف بلدة,لبنان: مراسل الميادين: مدفعية الاحتلال تستهدف بلدة النبطية الفوقا جنوبي لبنان
32614,alichoeib1970,2026-09-09,error,fast_path: unmatched or missing condition,rematch,,تفجيرات وقذيفة,تفجيرات وقذيفة,صفحة الإعلامي الشهيد علي شعيب نفّذ العدو الإسرائيلي ثلاثة تفجيرات حتى الآن في بلدة المنصوري، بالتزامن مع قذيفة استهدفت أطراف بلدة قبريخا لجهة وادي السلوقي.
32617,alakhbar_news,2026-09-08,error,fast_path: no materializable village match,skip,extraction_marked_irrelevant,,,سُجّل، أمس، دخول سرب من الطيران الحربي السعودي من طراز «إف 15»، المعركة، حيث شنّت تلك الطائرات سلسلة غارات جوية تجاوزت الـ40، طاولت مناطق في محافظات الجوف، ومأرب، والبيضاء، والضالع، وتعز، وهو ما عدّه 
32619,bintjbeilnews,2026-09-13,error,fast_path: unmatched or missing condition,rematch,,غارتان,غارتان,🚨غارتان على النبطية الفوقا
32623,nbntweets,2026-09-14,error,fast_path: unmatched or missing condition,rematch,,استهداف,استهداف,مدفعية الاحتلال تستهدف بلدة النبطية الفوقا
32624,ALJADEEDNEWS,2026-09-16,error,fast_path: unmatched or missing condition,rematch,,,,"مراسل ""الجديد"": تتعرض بلدة كفرتبنيت (قضاء النبطية) لقصف مدفعي متقطع"
32626,alichoeib1970,2026-09-09,error,fast_path: unmatched or missing condition,rematch,,تفجيرات معادية,تفجيرات معادية,صفحة الإعلامي الشهيد علي شعيب نفّذ العدو الإسرائيلي تفجيرات معادية في بلدات المنصوري وبني حيان والقنطرة
32627,Lebanon24,2026-09-09,error,fast_path: unmatched or missing condition,skip,extraction_marked_irrelevant,,,"""لبنان 24"": حريق كبير في منطقة سن الفيل #lebanon24"
32630,almayadeen,2026-09-09,error,Server disconnected without sending a response.,reextract,,,,لبنان: مراسل الميادين في الجنوب: الطيران الحربي الإسرائيلي شن غارة استهدفت وادي زبقين
32631,Lebanon24,2026-09-09,error,fast_path: no materializable village match,skip,no_place_extracted,,,"""لبنان 24"": غارة إسرائيلية استهدفت وادي زبقين"
32636,MTVLebanonNews,2026-09-09,error,fast_path: no materializable village match,skip,no_place_extracted,,,قصف مدفعيّ إسرائيليّ يستهدف وادي زبقين
32642,almayadeen,2026-09-13,error,fast_path: unmatched or missing condition,rematch,,غارتين,غارتين,لبنان: مراسل الميادين في الجنوب: طائرات الاحتلال تشن غارتين على بلدة النبطية الفوقا
32644,mehwaralmokawma,2026-09-09,error,fast_path: unmatched or missing condition,skip,extraction_marked_irrelevant,,,مراسل شِهَاَباً رَّصَدَاً في البقاع الغربي: تحليق للطيران المسير المعادي على علو منخفض في أجواء بلدات سحمر، لبايا، وشميسة. T.me/mehwaralmokawma «صادق»
32647,nabatiehchannel,2026-09-09,error,fast_path: no materializable village match,skip,extraction_marked_irrelevant,,,🟣 غارة استهدفت وادي زبقين لمتابعة اخبار النبطية والجنوب بالصور والفيديو عبر قناة الواتس اب الرسمية عبر الرابط https://whatsapp.com/channel/0029VbBHw5gAjPXUcG5LJV0B
32649,Janoubana,2026-09-09,error,fast_path: no materializable village match,skip,extraction_marked_irrelevant,,,"الأمين العام للأمم المتحدة: قلقون من الوضع جنوب لبنان أعلن المتحدث باسم الأمين العام للأمم المتحدة أنطونيو غوتيريش، ستيفان دوجاريك، في بيان أن غوتيريش أعرب عن ""بالغ قلقه إزاء تصعيد العمليات العسكرية ا"
32657,mehwaralmokawma,2026-09-09,error,fast_path: no materializable village match,skip,no_place_extracted,,,"تحليق مسيرّة معادي فوق الضاحية الجنوبية لبيروت . T.me/mehwaralmokawma ‏ «جـھ,آد𓂆»"
32660,alichoeib1970,2026-09-09,error,fast_path: unmatched or missing condition,rematch,,تفجيرات معادية,تفجيرات معادية,صفحة الإعلامي الشهيد علي شعيب : 🔴 آخر الاعتداءات: • محلقة معادية ألقت قنبلة صوتية في بلدة حاريص لجهة بلدة حداثا. • نفّذ العدو عددا من التفجيرات المعادية في بلدة المنصوري. • نفّذ العدو تفجيرين معاديين 
32663,Annahar,2026-09-09,error,fast_path: no materializable village match,skip,no_place_extracted,,,غارات وقصف وتفجيرات إسرائيلية في جنوب لبنان... والوضع الأمني على طاولة بعبدا annahar.com/lebanon/345568/%… Link التصعيد الإسرائيلي في جنوب لبنان وتطورات أمنية عاجلة تصاعد التوتر في جنوب لبنان مع استمر
32667,alichoeib1970,2026-09-08,error,fast_path: unmatched or missing condition,rematch,,قذائف معادية,قذائف معادية,صفحة الإعلامي الشهيد علي شعيب قذائف معادية على بلدة المنصوري
32669,manarbreaking,2026-09-09,error,fast_path: unmatched or missing condition,rematch,,استهداف,استهداف,🔴 عاجل | مراسل المنار: مدفعية العدو استهدف بلدة مركبا والاطراف المتصلة بين طلوسة وبني حيان
32671,nabatiehchannel,2026-09-07,error,fast_path: unmatched or missing condition,rematch,,تحليق مكثّف,تحليق مكثّف,🚨 تحليق مكثّف للمسيرات الإسرائيلية فوق تبنين والجوار
32677,nabatiehchannel,2026-09-09,error,fast_path: unmatched or missing condition,rematch,,غارتين,غارتين,♦️| غارتين على دوحة كفررمان
32679,alichoeib1970,2026-09-10,error,fast_path: unmatched or missing condition,rematch,,تفجيران معاديان لجيش العدو,تفجيران معاديان لجيش العدو,صفحة الإعلامي الشهيد علي شعيب تفجيران معاديان لجيش العدو في بلدة بني حيان، وتفجير معادٍ في بلدة المنصوري.
32684,Janoubana,2026-09-08,error,fast_path: no materializable village match,skip,no_place_extracted,,,غارة بني حيان
32685,Janoubana,2026-09-08,error,fast_path: no materializable village match,skip,no_place_extracted,,,غارة ياطر
32690,Janoubana,2026-09-08,error,fast_path: no materializable village match,skip,no_place_extracted,,,غارة وادي السلوقي
32693,Janoubana,2026-09-07,error,fast_path: unmatched or missing condition,skip,extraction_marked_irrelevant,,,محلقة اســــــرائيلية تحلق الآن في اجواء دير الزهراني زفتا والمروانية على علو منخفض
32695,alichoeib1970,2026-09-16,error,fast_path: no materializable village match,rematch,,تفجير لجيش العدو,تفجير لجيش العدو,صفحة الإعلامي الشهيد علي شعيب تفجير لجيش العدو في بلدة الطيري
32696,mehwaralmokawma,2026-09-07,error,fast_path: unmatched or missing condition,rematch,,استهداف,استهداف,المدفعية الصهيونية المعادية تستهدف المنصوري T.me/mehwaralmokawma «☫نـصـراللّه☫»
32698,mehwaralmokawma,2026-09-09,error,fast_path: unmatched or missing condition,rematch,,عدوان صهيوني بالمدفعية,عدوان صهيوني بالمدفعية,العدوان الصهيوني بالمدفعية وقع بين ميفدون وزوطر بجبل عامل T.me/mehwaralmokawma «☫نـصـراللّه☫»
32699,mehwaralmokawma,2026-09-15,error,fast_path: unmatched or missing condition,skip,extraction_marked_irrelevant,,,🔴شقيق الشهيد زياد جابر يروي تفاصيل قتله بدم بارد من قبل قوات الاحتلال خلال اقتحام منزله في حي أم الشرايط بمدينة البيرة فجر اليوم T.me/mehwaralmokawma «مـيّـثـمـ𓂆»
32700,Janoubana,2026-09-08,error,fast_path: unmatched or missing condition,rematch,,غارتين,غارتين,غارتين النبطية الفوقا الان
32703,alimortada963,2026-09-08,error,fast_path: no materializable village match,skip,no_place_extracted,,,غارة محيط بني حيان
32706,Janoubana,2026-09-08,error,fast_path: unmatched or missing condition,skip,extraction_marked_irrelevant,,,بسمه تعالى هي النبطية، المسكونة بحبّ الحسين أبي الأحرار، والمتشرّفة باسمه؛ تعشّقاً، وانحيازًا للمظلوم، ورفضًا للظلم، وتمسّكًا بالكرامة وانتصاراً للقِيم. وهي النبطية عروس عاملة التي زيّنت جِيدها بدرّة 
32714,breakingnews_mt,2026-09-07,error,fast_path: unmatched or missing condition,rematch,,غارة إسرائيلية,غارة إسرائيلية,🔴 عاجل | وزارة الصحة اللبنانية: شه.يد و10 مصا.بين في غارتين إسرا.ئيليتين على الريحان والنبطية الفوقا جنوب لبنان
32719,ALJADEEDNEWS,2026-09-16,error,fast_path: unmatched or missing condition,rematch,,تحليق للطيران المسيّر في أجواء,تحليق للطيران المسيّر في أجواء,مراسل الجديد: تحليق للطيران المسيّر في أجواء سهل البقاع ومحيط السلسلتين الشرقية والغربية وصولا الى أطراف قرى محيط بعلبك المدينة
32721,almodononline,2026-09-16,error,fast_path: unmatched or missing condition,rematch,,,,#عاجل | الوكالة الوطنية للاعلام: قصف مدفعي متقطع لكفرتبنيت
32725,lebanondebate,2026-09-09,error,fast_path: no materializable village match,skip,no_place_extracted,,,"""الوكالة الوطنية"": تحرك للدبابات الإسرائيلية شرق الخيام يترافق مع إطلاق نار كثيف وأجواء متوترة"
32726,LBCI_NEWS,2026-09-09,error,fast_path: no materializable village match,skip,no_place_extracted,,,الوكالة الوطنية للاعلام: تحرك للدبابات الإسرائيلية شرق الخيام وإطلاق نار كثيف في المنطقة
32731,breakingnews_mt,2026-09-08,error,fast_path: unmatched or missing condition,skip,no_conflict_evidence,,,🔴 عاجل | مراسلنا: مدفعية العد.و الاسرا.ئيلي تستهدف دوحة كفررمان في جنوب لبنان
32733,mehwaralmokawma,2026-09-08,error,fast_path: unmatched or missing condition,rematch,,استهداف,استهداف,المدفعية الصهيونية المعادية تستهدف المنطقة بين زوطر الشرقية وميفدون بجبل عامل T.me/mehwaralmokawma «☫نـصـراللّه☫»
32734,Janoubana,2026-09-17,error,fast_path: unmatched or missing condition,rematch,,غارتان إسرائيليتان,غارتان إسرائيليتان,عند الساعة 6:00 صباحًا غارتان إسرائيليتان استهدفتا بلدة المنصوري جنوب لبنان.
32741,mehwaralmokawma,2026-09-08,error,fast_path: unmatched or missing condition,skip,extraction_marked_irrelevant,,,الاعلامي خليل نصرالله : الجيش اللبناني يتواجد في النبطية، منذ زمن بعيد بعيد، ولديه حضوره، كذلك القوى الأمنية بمختلف أجهزتها، ومنهم من قضى شهيدا كما حال مجزرة النبطية بحق عناصر أمن الدولة. تصوير تسيير 
32742,alakhbar_news,2026-09-07,error,fast_path: no materializable village match,skip,no_place_extracted,,,وزارة الصحة: شهيد و10 جرحى بينهم طفلان و3 سيدات في غارات العدو الإسرائيلي اليوم على الريحان وحي المسلخ في النبطية
32743,alichoeib1970,2026-09-09,error,fast_path: unmatched or missing condition,rematch,,تفجيرات معادية,تفجيرات معادية,صفحة الإعلامي الشهيد علي شعيب : نفّذ جيش العدو تفجيرات معادية في بلدات المنصوري والخيام، وبين برعشيت وعيترون
32744,mehwaralmokawma,2026-09-08,error,fast_path: no materializable village match,skip,extraction_marked_irrelevant,,,🎥 شاهد | غارات العدو السعودي تدمر محطة مياه #الصليف بـ #الحديدة 26‏-03‏-1448هـ 08‏-09‏-2026 #جرائم_العدو_السعودي #التصعيد_بالتصعيد
32747,NidaaWatan,2026-09-16,error,fast_path: unmatched or missing condition,skip,no_place_extracted,,,🔴 مسيّرة إسرائيلية تُحلّق على علو منخفض في أجواء مدينة بعلبك وقرى الجوار #نداء_الوطن
32750,sameralhajali,2026-09-08,error,fast_path: unmatched or missing condition,rematch,,غارتان معاديتان,غارتان معاديتان,غارتان معاديتان استهدفتا بلدة المنصوري
32751,lebanondebate,2026-09-17,error,fast_path: unmatched or missing condition,skip,no_place_extracted,,,"""الوكالة الوطنية"": تحليق منخفض للطيران المسيّر الإسرائيلي فوق بيروت والضاحية الجنوبية"
32757,nabatiehchannel,2026-09-07,error,fast_path: unmatched or missing condition,rematch,,غارتين إسرائيليتين,غارتين إسرائيليتين,عاجل | وزارة الصحة اللبنانية: شهيد و10 مصابين في غارتين إسرائيليتين على الريحان والنبطية الفوقا جنوبي البلاد
32766,ALJADEED_NEWS,2026-09-08,error,fast_path: unmatched or missing condition,skip,extraction_marked_irrelevant,,,"الوكالة الوطنية: تحليق للطيران المسير على علو منخفض في أجواء منطقة الزهراني https://x.com/ALJADEEDNEWS/status/2097389336475881594 September 8, 2026 at 08:19PM"
32776,almodononline,2026-09-07,error,fast_path: unmatched or missing condition,rematch,,غارتين إسرائيليتين,غارتين إسرائيليتين,#عاجل | وزارة الصحة: شهـ...ـيد و10 جرحى في غارتين إسرائيليتين على الريحان والنبطية الفوقا
32777,breakingnews_mt,2026-09-09,error,fast_path: unmatched or missing condition,rematch,,اعتداء,اعتداء,🔴 عاجل | مراسلنا: الطيران الحربي الاسرا.ئيلي المعادي اعتدى على المنطقة الواقعة بين بلدتي حداثا وحاريص في جنوب لبنان
32781,sameralhajali,2026-09-08,error,fast_path: unmatched or missing condition,rematch,,غارتان معاديتان,غارتان معاديتان,غارتان معاديتان استهدفتا بلدة النبطية الفوقا
32784,ALJADEED_NEWS,2026-09-08,error,fast_path: unmatched or missing condition,skip,extraction_marked_irrelevant,,,"🔴 الوكالة الوطنية: تحليق للطيران المسير على علو منخفض في أجواء منطقة الزهراني https://x.com/ALJADEEDNEWS/status/2097386511930933544 September 8, 2026 at 08:08PM"
32790,lebanondebate,2026-09-17,error,fast_path: unmatched or missing condition,skip,no_place_extracted,,,"مراسل ""ليبانون ديبايت"": تحليق منخفض جدًا للطيران المسيّر فوق قرى شرق البقاع والسلسلة الشرقية"
32795,LBCI_NEWS,2026-09-07,error,fast_path: unmatched or missing condition,rematch,,غارتان,غارتان,غارتان تستهدفان النبطية الفوقا
32798,nabatiehchannel,2026-09-07,error,fast_path: no materializable village match,skip,no_place_extracted,,,🚨 غارة وادي السلوقي لجهة مركبا
32800,alimortada963,2026-09-07,error,fast_path: no materializable village match,skip,no_place_extracted,,,غارة حربية محيط وادي السلوقي
32801,breakingnews_mt,2026-09-07,error,fast_path: unmatched or missing condition,rematch,,غارة جوية,غارة جوية,🔴 عاجل | مراسلنا: الطيران الإسرائيلي يغير مجدداً على بلدة المنصوري جنوبي لبنان
32802,Janoubana,2026-09-07,error,fast_path: no materializable village match,skip,no_place_extracted,,,غارات على مركبا
32803,Janoubana,2026-09-07,error,fast_path: unmatched or missing condition,rematch,,غارتين,غارتين,غارتين على النبطية الفوقا
32804,MTVLebanonNews,2026-09-09,error,fast_path: unmatched or missing condition,skip,no_place_extracted,,,"""الوكالة الوطنية"": غارتان على القنطرة لجهة وادي السلوقي في قضاء مرجعيون"
32805,mehwaralmokawma,2026-09-07,error,fast_path: no materializable village match,skip,no_place_extracted,,,أولي غارة تستهدف بلدة مركبا. T.me/mehwaralmokawma «صادق»
32806,manarbreaking,2026-09-07,error,fast_path: unmatched or missing condition,rematch,,غارة جوية,غارة جوية,🔴 عاجل | مراسل المنار: الطيران الإسرائيلي يغير مجدداً على بلدة المنصوري جنوبي لبنان
32811,MTVLebanonNews,2026-09-17,error,fast_path: unmatched or missing condition,skip,no_place_extracted,,,قصف مدفعي إسرائيلي يستهدف محيط موقع الدبشة في قضاء النبطية
32817,LBCI_NEWS,2026-09-10,error,extraction: exceeded max retries (#) — last error: ReadTimeout: timed out,reextract,,,,الوكالة الوطنيّة: قصف مدفعي إسرائيلي استهدف ليلاً وفجراً وادي الحجير ووادي السلوقي بالاضافة الى تفجيرات في بلدة المنصوري
32818,mehwaralmokawma,2026-09-07,error,fast_path: unmatched or missing condition,skip,extraction_marked_irrelevant,,,"مراسل شِهَاَباً رَّصَدَاً في البقاع الغربي: تحليق ل""درون"" معادية في أجواء بلدة سحمر. T.me/mehwaralmokawma «صادق»"
32820,lebanondebate,2026-09-07,error,fast_path: unmatched or missing condition,skip,extraction_marked_irrelevant,,,"مراسل ""ليبانون ديبايت"": طائرة استطلاع إسرائيلية تحلّق من دون صوت فوق قرى في البقاع الشرقي والسلسلة الشرقية"
32823,Janoubana,2026-09-15,error,fast_path: unmatched or missing condition,rematch,,غارتين للعدو الإسرائيلي,غارتين للعدو الإسرائيلي,غارتين للعدو الإسرائيلي في بلدة المنصوري
32824,lebanondebate,2026-09-07,error,fast_path: unmatched or missing condition,rematch,,غارتين,غارتين,"مراسل ""ليبانون ديبايت"": الطيران الحربي الإسرائيلي شنّ غارتين على بلدة المنصوري"
32828,Janoubana,2026-09-14,error,fast_path: unmatched or missing condition,rematch,,غارتان اسرائيليتان,غارتان اسرائيليتان,غارتان اسرائيليتان تستهدفان #زوطر الشرقية و #النبطية_ الفوقا
32831,AlMayadeenNews,2026-09-07,error,fast_path: unmatched or missing condition,skip,extraction_marked_irrelevant,,,"⭕️هناك قصف إسرائيلي مستمر على تلة علي الطاهر وهذا يثبت عدم وجود سيطرة ميدانية ⭕️""إسرائيل"" تبقي على التصعيد والضغط على الجنوبيين والسلطة، لكي تبقي على شروطها في المفاوضات التي لم يحدد موعدها المنسق الس"
32841,almanarnews,2026-09-13,error,fast_path: unmatched or missing condition,rematch,,غارتان إسرائيليتان,غارتان إسرائيليتان,غارتان إسرائيليتان تستهدفان حي الدير في بلدة النبطية الفوقا جنوبي #لبنان
32862,sameralhajali,2026-09-17,error,fast_path: no materializable village match,skip,no_place_extracted,,,قصف مدفعي إسرائيلي يستهدف منطقة الدمشقية
32865,ALJADEEDNEWS,2026-09-07,error,fast_path: unmatched or missing condition,skip,extraction_marked_irrelevant,,,رعب وتحليق مكثف.. مسيرة تلاحق إمرأة إنتشر مقطع فيديو على مواقع التواصل الإجتماعي يظهر مسيرة إسرائيلية وهي تلاحق إمرأة في محيط سوق الخضار بمدينة النبطية جنوبي لبنان. #لبنان #النبطية #الجديد #أخبار_الجد
32867,mehwaralmokawma,2026-09-07,error,fast_path: unmatched or missing condition,rematch,,استهداف بلدة,استهداف بلدة,المدفعية الصهيونية المعادية تستهدف من جديد بلدة المنصوري في جبل عامل T.me/mehwaralmokawma «☫نـصـراللّه☫»
32868,ALJADEED_NEWS,2026-09-07,error,fast_path: no materializable village match,skip,no_place_extracted,,,"مراسل الجديد: غارة على طريق سجد - الريحان في منطقة اقليم التفاح قضاء النبطية https://x.com/ALJADEEDNEWS/status/2096963860783644818 September 7, 2026 at 04:08PM"
32880,Annahar,2026-09-07,error,fast_path: no materializable village match,skip,no_place_extracted,,,غارة إسرائيلية على طريق سجد- الريحان في منطقة إقليم التفاح قضاء النبطية جنوبي لبنان
32882,mehwaralmokawma,2026-09-14,error,fast_path: unmatched or missing condition,rematch,,استهداف بلدة,استهداف بلدة,المدفعية الصهيونية المعادية استهدفت بلدة المنصوري بجبل عامل T.me/mehwaralmokawma «☫نـصـراللّه☫»
32889,Janoubana,2026-09-15,error,fast_path: unmatched or missing condition,skip,no_place_extracted,,,غارتين القنطرة
32890,Janoubana,2026-09-15,error,fast_path: no materializable village match,skip,no_place_extracted,,,تحليق مسيرات اسرائيلية في وسط بيروت وغربها
32891,ALJADEEDNEWS,2026-09-15,error,fast_path: unmatched or missing condition,skip,extraction_marked_irrelevant,,,مراسل #الجديد : تحليق درون إسرائيلية في محيط كنيسة سيدة البشارة في زوطر الغربية بالتزامن مع زيارة السفير الأميركي ميشال عيسى
32893,AlMayadeenNews,2026-09-14,error,fast_path: unmatched or missing condition,skip,extraction_marked_irrelevant,,,«استهدف الاحتلال جبانة يارون، فلم يعد هناك أثر لنحو 300 قبر، بينها قبر المقاوم ناصيف النصار، كما عبث بمقابر المسيحيين». رئيس بلدية يارون حافظ غشام، في مقتطفات من وثائقي «شواهد الجنوب.. الموت على طبقتي
32894,alichoeib1970,2026-09-15,error,fast_path: unmatched or missing condition,rematch,,تحريك آليات العدو وقصف بلدة,تحريك آليات العدو وقصف بلدة,صفحة الإعلامي الشهيد علي شعيب : • تحرك لآليات العدو في بلدة زوطر الشرقية. • محلقة معادية ألقت قنبلة صوتية على بلدة دبين
32895,almodononline,2026-09-15,error,fast_path: unmatched or missing condition,skip,extraction_marked_irrelevant,,,#عاجل | تحليق درون إسرائيلية في محيط كنيسة سيدة البشارة في زوطر الغربية بالتزامن مع زيارة السفير الأميركي ميشال #عيسى
32896,mehwaralmokawma,2026-09-14,error,fast_path: unmatched or missing condition,skip,extraction_marked_irrelevant,,,استمرار تحليق الطيران المسير المعادي فوق الضاحية الجنوبية وبعض مناطق بيروت الغربية T.me/mehwaralmokawma «☫نـصـراللّه☫»
32897,Janoubana,2026-09-15,error,fast_path: no materializable village match,skip,no_place_extracted,,,قصف مدفعي على حداثا
32899,Janoubana,2026-09-15,error,fast_path: unmatched or missing condition,skip,extraction_marked_irrelevant,,,تحليق درون اسرائيلية فوق كنيسة سيدة البشارة في زوطر الغربية اثناء تواجد السفير عيسى
32901,Lebanon24,2026-09-15,error,fast_path: no materializable village match,skip,no_place_extracted,,,"""لبنان 24"": قصف مدفعي إسرائيلي استهدف تلة علي الطاهر #lebanon24"
32902,mehwaralmokawma,2026-09-14,error,fast_path: no materializable village match,skip,no_place_extracted,,,لحظة استهدف دبابة ميركافا معادية ووادي السلوقي وبعدد من القذائف بالتزامن مع تمشيط بالأسلحة الرشاشة
32904,lebanondebate,2026-09-15,error,fast_path: unmatched or missing condition,skip,extraction_marked_irrelevant,,,"مراسلة ""ليبانون ديبايت"": مسيّرة إسرائيلية تحلّق في أجواء بيروت قبيل انعقاد جلسة مجلس النواب Video"
32905,ALJADEED_NEWS,2026-09-15,error,fast_path: unmatched or missing condition,skip,extraction_marked_irrelevant,,,مراسل #الجديد: تحليق درون إسرائيلية في محيط كنيسة سيدة البشارة في زوطر الغربية بالتزامن مع زيارة السفير الأميركي ميشال عيسى https://t.co/2DOgMjENRe https://x.com/ALJADEEDNEWS/status/209975444901509967
32906,Janoubana,2026-09-14,error,fast_path: unmatched or missing condition,skip,extraction_marked_irrelevant,,,استمرار تحليق الطيران المسير المعادي فوق جنوب لبنان والنبطية
32907,almayadeen,2026-09-15,error,fast_path: unmatched or missing condition,rematch,,تفجيرا وقصف بالمدفعية,تفجيرا وقصف بالمدفعية,لبنان: مراسل الميادين في الجنوب: قوات الاحتلال تنفذ تفجيرا في بلدة كونين وتستهدف بالمدفعية بلدة كفرتبنيت
32908,Lebanon24,2026-09-15,error,fast_path: unmatched or missing condition,skip,extraction_marked_irrelevant,,,"""لبنان 24"": تحليق درون اسرائيلية فوق كنيسة سيدة البشارة في زوطر الغربية اثناء تواجد السفير عيسى #lebanon24"
32909,manarbreaking,2026-09-14,error,fast_path: no materializable village match,skip,no_place_extracted,,,🔴 عاجل | قصف مدفعي اسرائيلي مستمر يستهدف وادي السلوقي في جنوب لبنان
32913,Janoubana,2026-09-15,error,fast_path: no materializable village match,skip,no_place_extracted,,,قصف مدفعي إسرائيلي استهدف منذ بعض الوقت تلة علي الطاهر
32915,MTVLebanonNews,2026-09-10,error,Server disconnected without sending a response.,reextract,,,,الوكالة الوطنيّة: قصف مدفعي إسرائيلي استهدف ليلاً وفجراً وادي الحجير ووادي السلوقي بالاضافة الى تفجيرات في بلدة المنصوري
32916,mehwaralmokawma,2026-09-14,error,fast_path: no materializable village match,skip,no_place_extracted,,,#لبنان دبابة ميركافا معادية تابعة للعدو الصهيوني تستهدف وادي السلوقي جنوبي لبنان الصامد بقذيفة T.me/mehwaralmokawma «𓂆سيد كـيـان»
32926,mehwaralmokawma,2026-09-13,error,fast_path: unmatched or missing condition,rematch,,تحليق للطيران المسيّر المعادي,تحليق للطيران المسيّر المعادي,تحليق للطيران المسيّر المعادي في أجواء بلدتي عرب صاليم ودير الزهراني جنوب لبنان T.me/mehwaralmokawma «ذو 𓂆 الفِقَـار»
32933,ALJADEEDNEWS,2026-09-13,error,fast_path: unmatched or missing condition,skip,extraction_marked_irrelevant,,,فيديو يكشف لحظة إطلاق النار في برج أبو حيدر - بيروت فيديو يظهر لحظة إطلاق النار خلال الإشكال الذي وقع في برج أبي حيدر بيروت، وتطور الى تبادل إطلاق نار، مأ أسفر عن سقوط قتيلين وإصابة اثنين آخرين. #أخبا
32937,lebanondebate,2026-09-13,error,fast_path: no materializable village match,skip,no_conflict_evidence,,,الدفاع المدني: نواصل إخماد حرائق في البرجين وداريا والسيسوق فيما تمت السيطرة على حريق ميروبا وتتواصل أعمال التبريد والمراقبة
32942,lebanondebate,2026-09-13,error,fast_path: no materializable village match,skip,no_place_extracted,,,"""الوكالة الوطنية"": غارة إسرائيلية تستهدف حرج علي الطاهر"
32944,nbntweets,2026-09-09,error,fast_path: unmatched or missing condition,skip,no_place_extracted,,,الوكالة الوطنية: غارتان إسرائيليتان استهدفتا الخيام والنبطية الفوقا
32945,fouadkhreiss,2026-09-16,error,fast_path: unmatched or missing condition,skip,no_place_extracted,,,هذه ليست حكاية صحافيين قُتلوا فحسب، بل حكاية أشخاص ملهمين كانت لهم عائلات وأصدقاء وأحلام وحياة توقفت فجأة. تعاونت مع صديقي المخرج الإيرلندي شون موراي في إنتاج الفيلم الوثائقي «إبادة الصحافة: الحرب على
32948,ALJADEED_NEWS,2026-09-12,error,fast_path: unmatched or missing condition,skip,extraction_marked_irrelevant,,,"قتيلان في الإشكال الذي تخلّله إطلاق نار بمنطقة #برج_أبي_حيدر في بيروت.#أخبار_الجديد #بيروت https://t.co/GEROwkWulW https://x.com/ALJADEEDNEWS/status/2098810284634689656 September 12, 2026 at 06:25PM"
32951,Janoubana,2026-09-10,error,Server disconnected without sending a response.,reextract,,,,قصف مدفعي يستهدف محيط بلدة كفرشوبا
32962,mehwaralmokawma,2026-09-10,error,fast_path: no materializable village match,skip,no_place_extracted,,,"قصف مدفعي يستهدف محيط بلدة كفرشوبا. T.me/mehwaralmokawma ‏ «جـھ,آد𓂆»"
32964,nbntweets,2026-09-13,error,fast_path: no materializable village match,skip,no_place_extracted,,,قصف مدفعي معادٍ يستهدف وادي زبقين
32974,AlakhbarNews,2026-09-09,error,fast_path: no materializable village match,skip,no_place_extracted,,,«الوكالة الوطنية»: سلسلة غارات إسرائيلية على النبطية الفوقا
32984,Annahar,2026-09-13,error,fast_path: no materializable village match,skip,extraction_marked_irrelevant,,,غارات وتفجيرات... إسرائيل تواصل عملياتها في جنوبي لبنان *سلسلة غارات استهدفت بلدات في قضائي بنت جبيل والنبطية في جنوبي لبنان. annahar.com/lebanon/346900/%… Link غارات وتفجيرات... إسرائيل تواصل عملياته
33001,bintjbeilnews,2026-09-15,error,fast_path: unmatched or missing condition,rematch,,,,"🚨تفجيران في بلدة مجدل زون وقصف مدفعي يستهدف بلدة القصير Two explosions in the town of Majdal Zoun, and artillery shelling targets the town of Al-Qusayr. ────────────── 📲 قناة بنت جبيل على واتساب https"
33003,AlMayadeenNews,2026-09-13,error,fast_path: unmatched or missing condition,skip,extraction_marked_irrelevant,,,"""تحليق مكثف للطائرات الحربية الإسرائيلية في أجواء النبطية الفوقا وكفرتبنيت"" التفاصيل مع مراسل #الميادين علي الأحمر @AliSalmanahmar #الميادين_لبنان #لبنان Video"
33006,mehwaralmokawma,2026-09-14,error,fast_path: unmatched or missing condition,skip,extraction_marked_irrelevant,,,استمرار تحليق الطيران المسير المعادي فوق جنوب لبنان والنبطية T.me/mehwaralmokawma «☫نـصـراللّه☫»
33011,Janoubana,2026-09-15,error,fast_path: unmatched or missing condition,rematch,,,,غارتين بين زوطر الشرقية و ميفدون
33018,ALJADEEDNEWS,2026-09-10,error,fast_path: unmatched or missing condition,rematch,,,,الوكالة الوطنية: تفجيرات في بلدة المنصوري وقصف مدفعي ليلا وفجرًا استهدف وادي الحجير ووادي السلوقي
33020,Lebanon24,2026-09-15,error,fast_path: no materializable village match,skip,no_place_extracted,,,"""لبنان 24"": قصف مدفعي إسرائيلي يطال فرون #lebanon24"
33028,Janoubana,2026-09-15,error,fast_path: no materializable village match,skip,no_place_extracted,,,قصف مدفعي صهيوني يستهدف بلدات قضاء النبطية
33034,alakhbar_news,2026-09-13,error,fast_path: no materializable village match,skip,extraction_marked_irrelevant,,,إليكم أبرز عناوين التغطية حتى الساعة ١٢ ظهراً بتوقيت العاصمة بيروت: 🖋 المُلخص الأسبوعي | من النبطية إلى باريس… وأهم التطورات الأخرى صهيب العتر | تفجير مرتفعات علي الطاهر وتعزيز الانتشار العسكري في الن
33040,lebanondebate,2026-09-14,error,fast_path: unmatched or missing condition,skip,extraction_marked_irrelevant,,,الدفاع المدني: إخماد حريق داخل حفّارة في مستودع خردة بكفرتبنيت بمؤازرة الجيش ومنع امتداده إلى المحال المجاورة
33045,almodononline,2026-09-15,error,fast_path: no materializable village match,skip,no_place_extracted,,,#عاجل | قصف مدفعي إسرائيلي استهدف تلة علي الطاهر
33048,mehwaralmokawma,2026-09-13,error,fast_path: unmatched or missing condition,skip,extraction_marked_irrelevant,,,تحليق للطيران المسيّر على علو منخفض في الحوش-برج الشمالي T.me/mehwaralmokawma «ذو 𓂆 الفِقَـار»
33049,bintjbeilnews,2026-09-15,error,fast_path: no materializable village match,skip,no_place_extracted,,,🚨قصف مدفعي إسرائيلي استهدف منذ بعض الوقت تلة علي الطاهر israeli artillery shelling targeted Ali Al-Taher Hill a short while ago. ────────────── 📲 قناة بنت جبيل على واتساب https://whatsapp.com/channel/
33052,sameralhajali,2026-09-15,error,fast_path: no materializable village match,skip,no_place_extracted,,,قصف مدفعي إسرائيلي استهدف منذ بعض الوقت تلة علي الطاهر
33053,LBCI_NEWS,2026-09-15,error,fast_path: no materializable village match,skip,no_place_extracted,,,الوكالة الوطنية للإعلام: غارة إسرائيلية على وادي زبقين
33056,mehwaralmokawma,2026-09-15,error,fast_path: no materializable village match,skip,no_place_extracted,,,"قصف مدفعي إسرائيلي استهدف منذ بعض الوقت تلة علي الطاهر. T.me/mehwaralmokawma ‏ «جـھ,آد𓂆»"
33065,lebanondebate,2026-09-10,error,fast_path: no materializable village match,skip,no_conflict_evidence,,,استنفار قرب جسر النقاش... حريق يستدعي تدخل الدفاع المدني lbdb.co/877409
33067,alichoeib1970,2026-09-13,error,fast_path: no materializable village match,skip,no_place_extracted,,,صقحة الإعلامي الشهيد علي شعيب اغار الطيران الحربي المعادي مستهدفا المنطقة الواقعة بين حداثا و حاريص
33077,mehwaralmokawma,2026-09-14,error,fast_path: unmatched or missing condition,skip,extraction_marked_irrelevant,,,تحليق للطيران المسيّر المعادي في أجواء بيروت والضاحية T.me/mehwaralmokawma «ذو 𓂆 الفِقَـار»
33082,sameralhajali,2026-09-14,error,fast_path: unmatched or missing condition,rematch,,غارتان معاديتان,غارتان معاديتان,غارتان معاديتان استهدفتا بلدة المنصوري
33085,LBCI_NEWS,2026-09-14,error,fast_path: unmatched or missing condition,rematch,,استهداف بلدة,استهداف بلدة,الطيران الحربي الإسرائيلي استهدف بلدة المنصوري في قضاء صور على دفعتين
33089,alichoeib1970,2026-09-15,error,fast_path: unmatched or missing condition,rematch,,,,صفحة الإعلامي الشهيد علي شعيب تفجير لجيش العدو في بلدة المنصوري، وقصف مدفعي معادٍ يستهدف بلدة كفرتبنيت.
33094,Janoubana,2026-09-14,error,fast_path: unmatched or missing condition,rematch,,ارتقاء,ارتقاء,الأستاذ أديب عبيد الذي ارتقى في بلدة برعشيت برصاص العدو
33095,ALJADEEDNEWS,2026-09-14,error,fast_path: unmatched or missing condition,rematch,,استهداف حفّارة,استهداف حفّارة,مراسل الجديد: الجيش الإسرائيلي استهدف حفّارة في بلدة كفرتبنيت بقضاء النبطية ما أدى إلى اندلاع حريق عملت فرق الدفاع المدني على إخماده Video
33098,NNALeb,2026-09-09,error,fast_path: unmatched or missing condition,rematch,,غارتان,غارتان,غارتان على القنطرة nna-leb.gov.lb/ar/news/short… Link غارتان على القنطرة وطنية - شنّ العدوّ الإسرائيلي، غارتين اثنتَيْن على القنطرة لجهة وادي السلوقي. nna-leb.gov.lb
33099,mehwaralmokawma,2026-09-14,error,fast_path: no materializable village match,skip,no_place_extracted,,,#لبنان قصف مدفعي للعدو الصهيوني يستهدف وادي السلوقي جنوبي لبنان الصامد T.me/mehwaralmokawma «𓂆سيد كـيـان»
33100,sameralhajali,2026-09-14,error,fast_path: unmatched or missing condition,rematch,,استهداف حفّارة,استهداف حفّارة,استهدف العدو الإسرائيلي عصر اليوم حفّارة في بلدة كفرتبنيت، ما أدى إلى اندلاع حريق، فيما عملت فرق الدفاع المدني على إخماده.
33103,MTVLebanonNews,2026-09-17,error,fast_path: unmatched or missing condition,skip,no_place_extracted,,,تحليق للطّيران المسيّر الإسرائيليّ على مستوى منخفض في أجواء الهرمل
33106,lebanondebate,2026-09-17,error,fast_path: unmatched or missing condition,skip,no_place_extracted,,,"""الوكالة الوطنية"": تحليق منخفض للطيران المسيّر في أجواء الهرمل"
33107,sameralhajali,2026-09-14,error,fast_path: no materializable village match,skip,no_place_extracted,,,لحظة استهدف دبابة ميركافا معادية ووادي السلوقي وبعدد من القذائف بالتزامن مع تمشيط بالأسلحة الرشاشة
33108,Janoubana,2026-09-13,error,fast_path: no materializable village match,skip,no_place_extracted,,,غارة القنطرة
33110,Janoubana,2026-09-14,error,fast_path: no materializable village match,skip,no_place_extracted,,,لحظة استهدف دبابة ميركافا معادية ووادي السلوقي وبعدد من القذائف بالتزامن مع تمشيط بالأسلحة الرشاشة
33114,NNALeb,2026-09-09,error,fast_path: no materializable village match,skip,no_place_extracted,,,تمشيط إسرائيلي بالأسلحة الرشاشة في اتجاه زوطر الشرقية ودبابة ميركافا أطلقت قذيفة بين برعشيت وبيت ياحون nna-leb.gov.lb/ar/news/short… Link تمشيط إسرائيلي بالأسلحة الرشاشة في اتجاه زوطر الشرقية ودبابة م
33115,almodononline,2026-09-13,error,fast_path: no materializable village match,skip,no_place_extracted,,,غارة إسرائيلية على القنطرة جنوبي لبنان
33122,mehwaralmokawma,2026-09-14,error,fast_path: unmatched or missing condition,rematch,,تحليق للطيران المسيّر المعادي,تحليق للطيران المسيّر المعادي,تحليق للطيران المسيّر المعادي بدون صوت في أجواء بلدة الدوير جنوب لبنان T.me/mehwaralmokawma «ذو 𓂆 الفِقَـار»
33127,nbntweets,2026-09-15,error,fast_path: unmatched or missing condition,skip,extraction_marked_irrelevant,,,وزارة الصحة الفلسطينية: استشهاد فلسطيني برصاص قوات الاحتلال في أم الشرايط بمدينة البيرة في الضفة الغربية
33129,almanarnews,2026-09-14,error,fast_path: no materializable village match,skip,no_place_extracted,,,استشهاد أستاذ من برعشيت برصاص الاحتلال وتصعيد الغارات والقصف والتفجيرات جنوبًا https://almanar.com.lb/article/1177972/?s=tg
33134,mehwaralmokawma,2026-09-15,error,fast_path: unmatched or missing condition,rematch,,استهداف بلدة,استهداف بلدة,المدفعية الصهيونية المعادية تستهدف بلدة كفرتبنيت بجبل عامل T.me/mehwaralmokawma «☫نـصـراللّه☫»
33140,lebanondebate,2026-09-15,error,fast_path: unmatched or missing condition,skip,extraction_marked_irrelevant,,,"مراسل ""ليبانون ديبايت"": الطيران الحربي الإسرائيلي يحلّق على علو متوسط فوق منطقة بعلبك"
33141,alichoeib1970,2026-09-15,error,fast_path: no materializable village match,rematch,,قصف مدفعي معادٍ,Sweeping Operations,صفحة الإعلامي الشهيد علي شعيب قصف مدفعي معادٍ استهدف الأطراف الغربية لمدينة ميس الجبل، تزامن مع تمشيط بالاسلحة الرشاشة للمنطقة
33143,AlMayadeenNews,2026-09-14,error,fast_path: unmatched or missing condition,skip,extraction_marked_irrelevant,,,«استهدف الاحتلال جبانة يارون، فلم يعد هناك أثر لنحو 300 قبر، بينها قبر المقاوم ناصيف النصار، كما عبث بمقابر المسيحيين». رئيس بلدية يارون حافظ غشام، في مقتطفات من وثائقي «شواهد الجنوب.. الموت على طبقتي
33147,mehwaralmokawma,2026-09-15,error,fast_path: no materializable village match,skip,no_place_extracted,,,لبنان: قصف مدفعي يستهدف بلدة حداثا جنوب لبنان T.me/mehwaralmokawma «كُمَيْل»
33150,mehwaralmokawma,2026-09-15,error,fast_path: unmatched or missing condition,rematch,,استهداف,استهداف,المدفعية الصهيونية المعادية تستهدف اطراف بلدة تولين لجهة وادي الحجير بجبل عامل T.me/mehwaralmokawma «☫نـصـراللّه☫»
33158,alakhbar_news,2026-09-14,error,fast_path: unmatched or missing condition,rematch,,استهداف حفّارة,استهداف حفّارة,«الوكالة الوطنية»: العدو الإسرائيلي استهدف حفّارة في بلدة كفرتبنيت ما أدى إلى اندلاع حريق عملت فرق الدفاع المدني على إخماده
33165,mehwaralmokawma,2026-09-15,error,fast_path: no materializable village match,skip,no_place_extracted,,,#لبنان غارة للعدو الصهيوني تستهدف وادي زبقين في قضاء صور جنوبي لبنان الصامد T.me/mehwaralmokawma «𓂆سيد كـيـان»
33169,NidaaWatan,2026-09-15,error,fast_path: no materializable village match,skip,no_place_extracted,,,قصف مدفعي إسرائيلي استهدف منذ لحظات تلال علي الطاهر في النبطية #نداء_الوطن
33172,alichoeib1970,2026-09-14,error,fast_path: unmatched or missing condition,skip,extraction_marked_irrelevant,,,صفحة الإعلامي الشهيد علي شعيب نفذ العدو عملية تفجير في مدينة بنت جبيل
33184,NidaaWatan,2026-09-14,error,fast_path: unmatched or missing condition,skip,extraction_marked_irrelevant,,,🔴 تحليق للطيران الحربي الإسرائيلي في أجواء الجنوب والنبطية #نداء_الوطن
33190,mehwaralmokawma,2026-09-15,error,fast_path: unmatched or missing condition,rematch,,غارتان معاديتان للعدو الصهيوني,غارتان معاديتان للعدو الصهيوني,#لبنان غارتان معاديتان للعدو الصهيوني استهدفتا بلدة القنطرة جنوبي لبنان الصامد T.me/mehwaralmokawma «𓂆سيد كـيـان»
33196,Red Alert Lebanon,2026-08-24,error,red_alert: routed to air_violations; not an incident,skip,air_violation,,,معم صر م redalert.com.lb Beirut مسيرة © حيطة وحذر ايج ا ل __RED_ZONE_TEXT__ معة الدب ‎A‏ ‎dye‏ ريت ‎Beirut ‎AO oe cul
33201,Red Alert Lebanon,2026-08-24,error,red_alert: routed to air_violations; not an incident,skip,air_violation,,,معم صر م redalert.com.lb Beirut مسيرة © حيطة وحذر ايج ا ل __RED_ZONE_TEXT__ معة الدب ‎A‏ ‎dye‏ ريت ‎Beirut ‎AO oe cul
33209,Red Alert Lebanon,2026-08-24,error,red_alert: routed to air_violations; not an incident,skip,air_violation,,,7|RED. TA\RteRt redalert.com.lb Habboush ‏اليه‎ Marjayc اشوكين برج لعلو مسيرة © حيطة وحذر ا ‎AN Se.‏ __RED_ZONE_TEXT__ 7 0 كفر جوز * بوبم جرمق ديه اشام | | Nabatié 2A) \ bust ‏بتر‎ Di 3 /0 ١ ‏علق‎ 501
33225,Red Alert Lebanon,2026-08-24,error,red_alert: routed to air_violations; not an incident,skip,air_violation,,,"معم صر 2 redalert.com.Ib Nabatieh مسيرة © حيطة وحذر ‎rh) WH eS"" 4a oe‏ __RED_ZONE_TEXT__ 200 على الطاهر النبظيه الفوقا منزله كفر تبنيت"
33229,Red Alert Lebanon,2026-08-24,error,red_alert: routed to air_violations; not an incident,skip,air_violation,,,"""7 |RED A\ ALERT redalert.com.Ib كفر قال نوز labatieh elke 0 5-6 مسيرة © حيطة وحذر __RED_ZONE_TEXT__ abatieh pd) GY tr 0 الفوفا _—— ميقدون — —, ~ 35 ء 0 أرنون | ا ايم lam! 1 8 ra"
33230,Red Alert Lebanon,2026-08-24,error,red_alert: routed to air_violations; not an incident,skip,air_violation,,,طيران حربي — #الجنوب اتجاه الجنوب الخريطة المباشرة <O>
33474,Red Alert Lebanon,2026-08-24,error,red_alert: routed to air_violations; not an incident,skip,air_violation,,,"7 |RED. 7 IALERT redalert.com.lb Soto } bo / ‏عمازة شلهوب.‎ Beirut Eee Biagout Rea soa ‘Jdeideh abies Burj Hammoud) 4 eal, te) Fanar aM Sinn El Fil W Aad ‏إضد‎ ‎¥ ‎Ain Saadeh ote % 5 ‏المتصورية‎ ‎0000"
33475,Red Alert Lebanon,2026-08-24,error,red_alert: routed to air_violations; not an incident,skip,air_violation,,,كدان سر ‎ALERT‏ )0 redalert.com.lb eit) © حيطة وحذر ‎See‏ لس ‎ON‏ اا __RED_ZONE_TEXT__ الحتية iGo لمنصوريى
33485,Red Alert Lebanon,2026-08-24,error,red_alert: routed to air_violations; not an incident,skip,air_violation,,,"معم صر 2 redalert.com.Ib Nabatieh مسيرة © حيطة وحذر ‎rh) WH eS"" 4a oe‏ __RED_ZONE_TEXT__ 200 على الطاهر النبظيه الفوقا منزله كفر تبنيت"
33499,Red Alert Lebanon,2026-08-24,error,red_alert: routed to air_violations; not an incident,skip,air_violation,,,طيران حربي — #الجنوب الخريطة المباشرة <O>
33946,alichoeib1970,2026-09-25,error,fast_path: no materializable village match,rematch,,Artillery Shelling,Sweeping Operations,صفحة الإعلامي الشهيد علي شعيب : التمشيط بالأسلحة الرشاشة: • باتجاه بلدة المنصوري. • باتجاه بركة النقار عند أطراف شبعا. • باتجاه بلدة زوطر الشرقية. القصف المدفعي: • استهدف أطراف بلدة بيت ليف. • استهدف 
33966,Janoubana,2026-09-25,error,fast_path: unmatched or missing condition,skip,no_conflict_evidence,,,وداي الخنازير - القصير مدفعي وحرائق كبيرة
33971,Lebanon24,2026-09-25,error,fast_path: unmatched or missing condition,rematch,,Burning Properties,Burning Properties,حريق كبير في وادي الخنازير عند أطراف بلدة القصير بسبب القصف المدفعي الإسرائيليّ Video
34000,nabatiehchannel,2026-09-25,error,fast_path: unmatched or missing condition,skip,no_conflict_evidence,,,"🚨حريق اندلع داخل مطعم السوشي ""Stun"" في منطقة ضبيه، فيما تعمل فرق الإطفاء على إخماد النيران والسيطرة عليها."
34174,nabatiehchannel,2026-09-26,error,fast_path: unmatched or missing condition,skip,no_conflict_evidence,,,🏴 احتراق سيارة في كفررمان ، لا يوجد حدث امني .
34223,mehwaralmokawma,2026-09-27,error,fast_path: unmatched or missing condition,skip,no_conflict_evidence,,,#تنويه حريق كبير في منطقة الصوان في قعقعية الجسر و لا يوجد أيّ حدث أمني .
34225,Lebanon24,2026-09-27,error,fast_path: unmatched or missing condition,skip,no_conflict_evidence,,,إندلاع حريق كبير في منطقة صوان في بلدة قعقعية الجسر Video
34228,mehwaralmokawma,2026-09-27,error,fast_path: unmatched or missing condition,skip,no_conflict_evidence,,,حـريق كبير في منطقة الصوان - قعقعية الجسر.
34238,Janoubana,2026-09-27,error,fast_path: unmatched or missing condition,skip,no_conflict_evidence,,,حريق في شوكين لا يوجد أي حدث أمني
34246,nabatiehchannel,2026-09-27,error,fast_path: unmatched or missing condition,skip,no_conflict_evidence,,,🏴حريق في بلدة عين التينة - البقاع الغربي ولا يوجد اي حدث امني
34318,lebanondebate,2026-09-27,error,fast_path: unmatched or missing condition,skip,no_conflict_evidence,,,بالفيديو: احتراق محطة محروقات عند مدخل مدينة جبيل Video
34319,lebanondebate,2026-09-27,error,fast_path: unmatched or missing condition,skip,no_conflict_evidence,,,"""الوكالة الوطنية"": حريق في محطة محروقات عند مدخل مدينة جبيل والدفاع المدني يعمل على إخماده"
34320,bintjbeilnews,2026-09-27,error,fast_path: unmatched or missing condition,skip,no_conflict_evidence,,,اندلاع حريق في محطة محروقات عند مدخل مدينة جبيل ────────────── A fire broke out at a gas station at the entrance to the city of Byblos. ────────────── 📲 قناة بنت جبيل على واتساب https://whatsapp.com/c
34322,ALJADEED_NEWS,2026-09-27,error,fast_path: unmatched or missing condition,skip,no_conflict_evidence,,,"الوكالة الوطنية: اندلاع حريق في محطة محروقات عند مدخل مدينة جبيل https://t.co/RASvIssLaz https://x.com/ALJADEEDNEWS/status/2104300289188909255 September 27, 2026 at 10:00PM"
34323,nabatiehchannel,2026-09-27,error,fast_path: unmatched or missing condition,skip,no_conflict_evidence,,,🏴الوكالة الوطنية: اندلاع حريق في محطة محروقات عند مدخل مدينة جبيل
34328,fouadkhreiss,2026-09-27,error,fast_path: unmatched or missing condition,skip,no_conflict_evidence,,,احتراق محطة محروقات عند مدخل مدينة جبيل. Video
34329,Annahar,2026-09-27,error,fast_path: unmatched or missing condition,skip,no_conflict_evidence,,,اندلاع حريق في محطة محروقات عند مدخل مدينة جبيل Video
